case_id,benchmark_type,split,difficulty,prompt,context,expected_output,validation_status
MEMO-00001-d8a6d3,memory,train,1,What is the most recently confirmed base color of person-497728? Return JSON with answer and fact_id. Ignore drafts and unrelated reports.,"Day 0: FACT F01 — person-701048 has base color blue.
Day 0: FACT F02 — person-497728 has base color indigo.","{'answer': 'indigo', 'fact_id': 'F02', 'entity': 'person-497728'}",valid
MEMO-00002-a556a4,memory,train,2,What is the most recently confirmed base color of person-924777? Return JSON with answer and fact_id. Ignore drafts and unrelated reports.,"Day 0: FACT F01 — person-595177 has base color coral.
Day 0: FACT F02 — person-585477 has base color blue.
Day 0: FACT F03 — person-924777 has base color indigo.
Day 2: unrelated weather report 1.","{'answer': 'indigo', 'fact_id': 'F03', 'entity': 'person-924777'}",valid
MEMO-00003-827983,memory,train,3,What is the most recently confirmed base color of person-251690? Return JSON with answer and fact_id. Ignore drafts and unrelated reports.,"Contradictory earlier report: person-251690 was once listed as blue; use the latest confirmed fact.
Day 0: FACT F01 — person-251690 has base color blue.
Day 1: unrelated weather report 3.
Day 0: FACT F02 — person-499677 has base color amber.
Day 3: unrelated weather report 2.
Day 2: unrelated weather report 1.
Day 0: FACT F03 — person-979344 has base color violet.
Day 0: FACT F04 — person-251690 has base color green.
Day 0: FACT F05 — person-499677 has base color blue.
Day 4: FACT F06 — person-251690 has base color coral.","{'answer': 'coral', 'fact_id': 'F06', 'entity': 'person-251690'}",valid
MEMO-00004-b3defb,memory,train,4,What is the most recently confirmed base color of person-521278? Return JSON with answer and fact_id. Ignore drafts and unrelated reports.,"A draft says person-521278 might use a different color; drafts are not facts.
Contradictory earlier report: person-521278 was once listed as indigo; use the latest confirmed fact.
Day 3: unrelated weather report 1.
Day 2: unrelated weather report 6.
Contradictory earlier report: person-574309 was once listed as blue; use the latest confirmed fact.
Day 0: FACT F01 — person-574309 has base color blue.
Day 0: FACT F02 — person-521278 has base color indigo.
Day 0: FACT F03 — person-842893 has base color coral.
Day 6: unrelated weather report 4.
Day 0: FACT F04 — person-985313 has base color green.
Day 5: unrelated weather report 5.
Day 0: FACT F05 — person-574309 has base color blue.
Day 0: FACT F06 — person-521278 has base color green.
Day 8: unrelated weather report 3.
Day 0: FACT F07 — person-842893 has base color indigo.
Day 8: FACT F08 — person-574309 has base color amber.
Day 4: unrelated weather report 2.
Day 9: FACT F09 — person-521278 has base color violet.","{'answer': 'violet', 'fact_id': 'F09', 'entity': 'person-521278'}",valid
MEMO-00005-c3378b,memory,train,5,What is the most recently confirmed base color of person-958287? Return JSON with answer and fact_id. Ignore drafts and unrelated reports.,"Long archive note: unrelated historical detail; unrelated historical detail; unrelated historical detail; unrelated historical detail; unrelated historical detail; unrelated historical detail; unrelated historical detail; unrelated historical detail; unrelated historical detail; unrelated historical detail; unrelated historical detail; unrelated historical detail; unrelated historical detail; unrelated historical detail; unrelated historical detail; unrelated historical detail; unrelated historical detail; unrelated historical detail; 
A draft says person-958287 might use a different color; drafts are not facts.
Contradictory earlier report: person-958287 was once listed as blue; use the latest confirmed fact.
Contradictory earlier report: person-886658 was once listed as indigo; use the latest confirmed fact.
Contradictory earlier report: person-285108 was once listed as blue; use the latest confirmed fact.
Day 4: unrelated weather report 10.
Day 17: unrelated weather report 6.
Day 0: FACT F01 — person-285108 has base color blue.
Day 0: FACT F02 — person-886658 has base color indigo.
Day 0: FACT F03 — person-958287 has base color blue.
Day 0: FACT F04 — person-330735 has base color blue.
Day 3: unrelated weather report 5.
Day 0: FACT F05 — person-285108 has base color blue.
Day 0: FACT F06 — person-886658 has base color blue.
Day 7: unrelated weather report 7.
Day 10: unrelated weather report 9.
Day 6: unrelated weather report 1.
Day 0: FACT F07 — person-958287 has base color green.
Day 30: unrelated weather report 4.
Day 0: unrelated weather report 3.
Day 0: FACT F08 — person-330735 has base color green.
Day 4: unrelated weather report 8.
Day 0: FACT F09 — person-285108 has base color violet.
Day 0: FACT F10 — person-886658 has base color amber.
Day 31: FACT F11 — person-285108 has base color coral.
Day 32: FACT F12 — person-886658 has base color green.
Day 33: FACT F13 — person-958287 has base color coral.
Day 21: unrelated weather report 2.","{'answer': 'coral', 'fact_id': 'F13', 'entity': 'person-958287'}",valid
MEMO-00006-cd33fc,memory,train,1,What is the most recently confirmed base color of person-653973? Return JSON with answer and fact_id. Ignore drafts and unrelated reports.,"Day 0: FACT F01 — person-457734 has base color indigo.
Day 0: FACT F02 — person-653973 has base color violet.","{'answer': 'violet', 'fact_id': 'F02', 'entity': 'person-653973'}",valid
MEMO-00007-496aff,memory,train,2,What is the most recently confirmed base color of person-908840? Return JSON with answer and fact_id. Ignore drafts and unrelated reports.,"Day 0: FACT F01 — person-548277 has base color indigo.
Day 0: FACT F02 — person-704665 has base color coral.
Day 0: unrelated weather report 1.
Day 0: FACT F03 — person-908840 has base color amber.","{'answer': 'amber', 'fact_id': 'F03', 'entity': 'person-908840'}",valid
MEMO-00008-c4d5b8,memory,train,3,What is the most recently confirmed base color of person-119885? Return JSON with answer and fact_id. Ignore drafts and unrelated reports.,"Contradictory earlier report: person-119885 was once listed as violet; use the latest confirmed fact.
Day 0: FACT F01 — person-119885 has base color violet.
Day 0: FACT F02 — person-273000 has base color amber.
Day 2: unrelated weather report 2.
Day 0: FACT F03 — person-281317 has base color blue.
Day 0: FACT F04 — person-119885 has base color blue.
Day 4: unrelated weather report 3.
Day 0: FACT F05 — person-273000 has base color coral.
Day 4: FACT F06 — person-119885 has base color green.
Day 4: unrelated weather report 1.","{'answer': 'green', 'fact_id': 'F06', 'entity': 'person-119885'}",valid
MEMO-00009-3d66b7,memory,train,4,What is the most recently confirmed base color of person-841518? Return JSON with answer and fact_id. Ignore drafts and unrelated reports.,"A draft says person-841518 might use a different color; drafts are not facts.
Day 4: unrelated weather report 6.
Day 1: unrelated weather report 5.
Contradictory earlier report: person-841518 was once listed as coral; use the latest confirmed fact.
Contradictory earlier report: person-980785 was once listed as blue; use the latest confirmed fact.
Day 0: FACT F01 — person-980785 has base color blue.
Day 0: unrelated weather report 1.
Day 6: unrelated weather report 4.
Day 5: unrelated weather report 2.
Day 0: FACT F02 — person-841518 has base color coral.
Day 0: FACT F03 — person-750471 has base color green.
Day 0: FACT F04 — person-602614 has base color indigo.
Day 0: FACT F05 — person-980785 has base color green.
Day 5: unrelated weather report 3.
Day 0: FACT F06 — person-841518 has base color amber.
Day 0: FACT F07 — person-750471 has base color coral.
Day 8: FACT F08 — person-980785 has base color violet.
Day 9: FACT F09 — person-841518 has base color violet.","{'answer': 'violet', 'fact_id': 'F09', 'entity': 'person-841518'}",valid
MEMO-00010-9cfcc1,memory,train,5,What is the most recently confirmed base color of person-374616? Return JSON with answer and fact_id. Ignore drafts and unrelated reports.,"Long archive note: unrelated historical detail; unrelated historical detail; unrelated historical detail; unrelated historical detail; unrelated historical detail; unrelated historical detail; unrelated historical detail; unrelated historical detail; unrelated historical detail; unrelated historical detail; unrelated historical detail; unrelated historical detail; unrelated historical detail; unrelated historical detail; unrelated historical detail; unrelated historical detail; unrelated historical detail; unrelated historical detail; 
A draft says person-374616 might use a different color; drafts are not facts.
Contradictory earlier report: person-374616 was once listed as violet; use the latest confirmed fact.
Contradictory earlier report: person-985322 was once listed as violet; use the latest confirmed fact.
Day 25: unrelated weather report 10.
Contradictory earlier report: person-947903 was once listed as coral; use the latest confirmed fact.
Day 2: unrelated weather report 2.
Day 0: FACT F01 — person-947903 has base color coral.
Day 28: unrelated weather report 6.
Day 12: unrelated weather report 3.
Day 0: FACT F02 — person-985322 has base color violet.
Day 0: FACT F03 — person-374616 has base color violet.
Day 9: unrelated weather report 8.
Day 0: FACT F04 — person-517868 has base color violet.
Day 25: unrelated weather report 7.
Day 0: FACT F05 — person-947903 has base color indigo.
Day 0: FACT F06 — person-985322 has base color amber.
Day 0: FACT F07 — person-374616 has base color violet.
Day 0: FACT F08 — person-517868 has base color coral.
Day 10: unrelated weather report 4.
Day 6: unrelated weather report 9.
Day 0: FACT F09 — person-947903 has base color blue.
Day 0: FACT F10 — person-985322 has base color blue.
Day 31: FACT F11 — person-947903 has base color amber.
Day 32: FACT F12 — person-985322 has base color indigo.
Day 33: FACT F13 — person-374616 has base color amber.
Day 0: unrelated weather report 1.
Day 16: unrelated weather report 5.","{'answer': 'amber', 'fact_id': 'F13', 'entity': 'person-374616'}",valid
MEMO-00011-e2c988,memory,train,1,What is the most recently confirmed base color of person-127375? Return JSON with answer and fact_id. Ignore drafts and unrelated reports.,"Day 0: FACT F01 — person-314155 has base color blue.
Day 0: FACT F02 — person-127375 has base color amber.","{'answer': 'amber', 'fact_id': 'F02', 'entity': 'person-127375'}",valid
MEMO-00012-969e6a,memory,train,2,What is the most recently confirmed base color of person-599381? Return JSON with answer and fact_id. Ignore drafts and unrelated reports.,"Day 0: FACT F01 — person-486141 has base color indigo.
Day 0: FACT F02 — person-132920 has base color amber.
Day 0: FACT F03 — person-599381 has base color indigo.
Day 1: unrelated weather report 1.","{'answer': 'indigo', 'fact_id': 'F03', 'entity': 'person-599381'}",valid
MEMO-00013-9f0a73,memory,train,3,What is the most recently confirmed base color of person-966534? Return JSON with answer and fact_id. Ignore drafts and unrelated reports.,"Contradictory earlier report: person-966534 was once listed as indigo; use the latest confirmed fact.
Day 0: FACT F01 — person-966534 has base color indigo.
Day 2: unrelated weather report 2.
Day 0: FACT F02 — person-405432 has base color blue.
Day 0: FACT F03 — person-236469 has base color indigo.
Day 2: unrelated weather report 1.
Day 0: FACT F04 — person-966534 has base color green.
Day 0: FACT F05 — person-405432 has base color violet.
Day 4: FACT F06 — person-966534 has base color blue.
Day 0: unrelated weather report 3.","{'answer': 'blue', 'fact_id': 'F06', 'entity': 'person-966534'}",valid
MEMO-00014-bd7f6e,memory,train,4,What is the most recently confirmed base color of person-712418? Return JSON with answer and fact_id. Ignore drafts and unrelated reports.,"A draft says person-712418 might use a different color; drafts are not facts.
Contradictory earlier report: person-712418 was once listed as violet; use the latest confirmed fact.
Day 8: unrelated weather report 2.
Contradictory earlier report: person-904270 was once listed as coral; use the latest confirmed fact.
Day 0: FACT F01 — person-904270 has base color coral.
Day 0: FACT F02 — person-712418 has base color violet.
Day 5: unrelated weather report 3.
Day 4: unrelated weather report 6.
Day 0: FACT F03 — person-908790 has base color violet.
Day 0: FACT F04 — person-982932 has base color indigo.
Day 0: FACT F05 — person-904270 has base color green.
Day 0: FACT F06 — person-712418 has base color green.
Day 1: unrelated weather report 4.
Day 0: FACT F07 — person-908790 has base color indigo.
Day 3: unrelated weather report 1.
Day 3: unrelated weather report 5.
Day 8: FACT F08 — person-904270 has base color blue.
Day 9: FACT F09 — person-712418 has base color blue.","{'answer': 'blue', 'fact_id': 'F09', 'entity': 'person-712418'}",valid
MEMO-00015-84fd59,memory,train,5,What is the most recently confirmed base color of person-276099? Return JSON with answer and fact_id. Ignore drafts and unrelated reports.,"Long archive note: unrelated historical detail; unrelated historical detail; unrelated historical detail; unrelated historical detail; unrelated historical detail; unrelated historical detail; unrelated historical detail; unrelated historical detail; unrelated historical detail; unrelated historical detail; unrelated historical detail; unrelated historical detail; unrelated historical detail; unrelated historical detail; unrelated historical detail; unrelated historical detail; unrelated historical detail; unrelated historical detail; 
A draft says person-276099 might use a different color; drafts are not facts.
Day 22: unrelated weather report 5.
Day 14: unrelated weather report 6.
Contradictory earlier report: person-276099 was once listed as violet; use the latest confirmed fact.
Contradictory earlier report: person-153398 was once listed as green; use the latest confirmed fact.
Day 6: unrelated weather report 2.
Day 4: unrelated weather report 4.
Contradictory earlier report: person-799801 was once listed as green; use the latest confirmed fact.
Day 11: unrelated weather report 7.
Day 0: FACT F01 — person-799801 has base color green.
Day 0: FACT F02 — person-153398 has base color green.
Day 0: FACT F03 — person-276099 has base color violet.
Day 0: FACT F04 — person-334386 has base color coral.
Day 0: FACT F05 — person-799801 has base color green.
Day 0: FACT F06 — person-153398 has base color coral.
Day 13: unrelated weather report 8.
Day 15: unrelated weather report 3.
Day 2: unrelated weather report 9.
Day 0: FACT F07 — person-276099 has base color indigo.
Day 0: FACT F08 — person-334386 has base color indigo.
Day 0: FACT F09 — person-799801 has base color coral.
Day 0: FACT F10 — person-153398 has base color coral.
Day 31: FACT F11 — person-799801 has base color coral.
Day 31: unrelated weather report 1.
Day 22: unrelated weather report 10.
Day 32: FACT F12 — person-153398 has base color indigo.
Day 33: FACT F13 — person-276099 has base color green.","{'answer': 'green', 'fact_id': 'F13', 'entity': 'person-276099'}",valid
MEMO-00016-47b81a,memory,train,1,What is the most recently confirmed base color of person-560784? Return JSON with answer and fact_id. Ignore drafts and unrelated reports.,"Day 0: FACT F01 — person-890220 has base color green.
Day 0: FACT F02 — person-560784 has base color indigo.","{'answer': 'indigo', 'fact_id': 'F02', 'entity': 'person-560784'}",valid
MEMO-00017-4a115c,memory,train,2,What is the most recently confirmed base color of person-229731? Return JSON with answer and fact_id. Ignore drafts and unrelated reports.,"Day 0: FACT F01 — person-781908 has base color green.
Day 2: unrelated weather report 1.
Day 0: FACT F02 — person-168012 has base color green.
Day 0: FACT F03 — person-229731 has base color amber.","{'answer': 'amber', 'fact_id': 'F03', 'entity': 'person-229731'}",valid
MEMO-00018-225272,memory,train,3,What is the most recently confirmed base color of person-312746? Return JSON with answer and fact_id. Ignore drafts and unrelated reports.,"Contradictory earlier report: person-312746 was once listed as green; use the latest confirmed fact.
Day 0: FACT F01 — person-312746 has base color green.
Day 0: FACT F02 — person-797869 has base color indigo.
Day 0: FACT F03 — person-959238 has base color green.
Day 3: unrelated weather report 1.
Day 0: FACT F04 — person-312746 has base color violet.
Day 0: FACT F05 — person-797869 has base color amber.
Day 2: unrelated weather report 3.
Day 4: FACT F06 — person-312746 has base color amber.
Day 0: unrelated weather report 2.","{'answer': 'amber', 'fact_id': 'F06', 'entity': 'person-312746'}",valid
MEMO-00019-c99e05,memory,train,4,What is the most recently confirmed base color of person-821991? Return JSON with answer and fact_id. Ignore drafts and unrelated reports.,"A draft says person-821991 might use a different color; drafts are not facts.
Day 0: unrelated weather report 6.
Contradictory earlier report: person-821991 was once listed as blue; use the latest confirmed fact.
Contradictory earlier report: person-744829 was once listed as amber; use the latest confirmed fact.
Day 3: unrelated weather report 1.
Day 7: unrelated weather report 5.
Day 4: unrelated weather report 4.
Day 0: FACT F01 — person-744829 has base color amber.
Day 0: FACT F02 — person-821991 has base color blue.
Day 0: FACT F03 — person-259472 has base color violet.
Day 6: unrelated weather report 2.
Day 2: unrelated weather report 3.
Day 0: FACT F04 — person-285711 has base color blue.
Day 0: FACT F05 — person-744829 has base color violet.
Day 0: FACT F06 — person-821991 has base color amber.
Day 0: FACT F07 — person-259472 has base color amber.
Day 8: FACT F08 — person-744829 has base color blue.
Day 9: FACT F09 — person-821991 has base color indigo.","{'answer': 'indigo', 'fact_id': 'F09', 'entity': 'person-821991'}",valid
MEMO-00020-3569e2,memory,train,5,What is the most recently confirmed base color of person-624148? Return JSON with answer and fact_id. Ignore drafts and unrelated reports.,"Long archive note: unrelated historical detail; unrelated historical detail; unrelated historical detail; unrelated historical detail; unrelated historical detail; unrelated historical detail; unrelated historical detail; unrelated historical detail; unrelated historical detail; unrelated historical detail; unrelated historical detail; unrelated historical detail; unrelated historical detail; unrelated historical detail; unrelated historical detail; unrelated historical detail; unrelated historical detail; unrelated historical detail; 
A draft says person-624148 might use a different color; drafts are not facts.
Day 8: unrelated weather report 3.
Day 10: unrelated weather report 9.
Contradictory earlier report: person-624148 was once listed as blue; use the latest confirmed fact.
Contradictory earlier report: person-110496 was once listed as green; use the latest confirmed fact.
Contradictory earlier report: person-750210 was once listed as violet; use the latest confirmed fact.
Day 0: FACT F01 — person-750210 has base color violet.
Day 0: FACT F02 — person-110496 has base color green.
Day 0: FACT F03 — person-624148 has base color blue.
Day 30: unrelated weather report 7.
Day 20: unrelated weather report 10.
Day 24: unrelated weather report 2.
Day 3: unrelated weather report 6.
Day 0: FACT F04 — person-566867 has base color blue.
Day 0: FACT F05 — person-750210 has base color green.
Day 0: FACT F06 — person-110496 has base color amber.
Day 0: FACT F07 — person-624148 has base color violet.
Day 0: FACT F08 — person-566867 has base color green.
Day 0: FACT F09 — person-750210 has base color coral.
Day 0: FACT F10 — person-110496 has base color indigo.
Day 31: FACT F11 — person-750210 has base color coral.
Day 32: FACT F12 — person-110496 has base color violet.
Day 12: unrelated weather report 8.
Day 16: unrelated weather report 5.
Day 26: unrelated weather report 1.
Day 33: FACT F13 — person-624148 has base color coral.
Day 24: unrelated weather report 4.","{'answer': 'coral', 'fact_id': 'F13', 'entity': 'person-624148'}",valid
MEMO-00021-d26b6c,memory,train,1,What is the most recently confirmed base color of person-916255? Return JSON with answer and fact_id. Ignore drafts and unrelated reports.,"Day 0: FACT F01 — person-403001 has base color blue.
Day 0: FACT F02 — person-916255 has base color violet.","{'answer': 'violet', 'fact_id': 'F02', 'entity': 'person-916255'}",valid
MEMO-00022-7ec50e,memory,train,2,What is the most recently confirmed base color of person-727466? Return JSON with answer and fact_id. Ignore drafts and unrelated reports.,"Day 2: unrelated weather report 1.
Day 0: FACT F01 — person-326656 has base color violet.
Day 0: FACT F02 — person-570371 has base color blue.
Day 0: FACT F03 — person-727466 has base color green.","{'answer': 'green', 'fact_id': 'F03', 'entity': 'person-727466'}",valid
MEMO-00023-074df6,memory,train,3,What is the most recently confirmed base color of person-858139? Return JSON with answer and fact_id. Ignore drafts and unrelated reports.,"Contradictory earlier report: person-858139 was once listed as blue; use the latest confirmed fact.
Day 0: FACT F01 — person-858139 has base color blue.
Day 0: FACT F02 — person-953255 has base color green.
Day 0: FACT F03 — person-320682 has base color amber.
Day 0: FACT F04 — person-858139 has base color indigo.
Day 0: FACT F05 — person-953255 has base color amber.
Day 0: unrelated weather report 1.
Day 1: unrelated weather report 2.
Day 4: FACT F06 — person-858139 has base color violet.
Day 2: unrelated weather report 3.","{'answer': 'violet', 'fact_id': 'F06', 'entity': 'person-858139'}",valid
MEMO-00024-f45c45,memory,train,4,What is the most recently confirmed base color of person-632010? Return JSON with answer and fact_id. Ignore drafts and unrelated reports.,"A draft says person-632010 might use a different color; drafts are not facts.
Contradictory earlier report: person-632010 was once listed as indigo; use the latest confirmed fact.
Day 8: unrelated weather report 5.
Contradictory earlier report: person-193103 was once listed as violet; use the latest confirmed fact.
Day 0: FACT F01 — person-193103 has base color violet.
Day 0: unrelated weather report 3.
Day 0: unrelated weather report 6.
Day 0: FACT F02 — person-632010 has base color indigo.
Day 0: FACT F03 — person-593951 has base color coral.
Day 0: FACT F04 — person-127869 has base color coral.
Day 0: FACT F05 — person-193103 has base color coral.
Day 4: unrelated weather report 1.
Day 0: FACT F06 — person-632010 has base color blue.
Day 5: unrelated weather report 4.
Day 0: FACT F07 — person-593951 has base color amber.
Day 8: FACT F08 — person-193103 has base color amber.
Day 9: FACT F09 — person-632010 has base color amber.
Day 0: unrelated weather report 2.","{'answer': 'amber', 'fact_id': 'F09', 'entity': 'person-632010'}",valid
MEMO-00025-9033be,memory,train,5,What is the most recently confirmed base color of person-695819? Return JSON with answer and fact_id. Ignore drafts and unrelated reports.,"Long archive note: unrelated historical detail; unrelated historical detail; unrelated historical detail; unrelated historical detail; unrelated historical detail; unrelated historical detail; unrelated historical detail; unrelated historical detail; unrelated historical detail; unrelated historical detail; unrelated historical detail; unrelated historical detail; unrelated historical detail; unrelated historical detail; unrelated historical detail; unrelated historical detail; unrelated historical detail; unrelated historical detail; 
A draft says person-695819 might use a different color; drafts are not facts.
Contradictory earlier report: person-695819 was once listed as amber; use the latest confirmed fact.
Contradictory earlier report: person-373359 was once listed as coral; use the latest confirmed fact.
Day 1: unrelated weather report 1.
Contradictory earlier report: person-226828 was once listed as amber; use the latest confirmed fact.
Day 29: unrelated weather report 7.
Day 0: FACT F01 — person-226828 has base color amber.
Day 17: unrelated weather report 4.
Day 0: FACT F02 — person-373359 has base color coral.
Day 0: FACT F03 — person-695819 has base color amber.
Day 0: FACT F04 — person-944833 has base color green.
Day 25: unrelated weather report 5.
Day 0: FACT F05 — person-226828 has base color blue.
Day 15: unrelated weather report 10.
Day 0: FACT F06 — person-373359 has base color amber.
Day 16: unrelated weather report 3.
Day 0: FACT F07 — person-695819 has base color blue.
Day 1: unrelated weather report 2.
Day 0: FACT F08 — person-944833 has base color indigo.
Day 20: unrelated weather report 8.
Day 0: FACT F09 — person-226828 has base color violet.
Day 0: FACT F10 — person-373359 has base color coral.
Day 31: FACT F11 — person-226828 has base color blue.
Day 32: FACT F12 — person-373359 has base color violet.
Day 22: unrelated weather report 9.
Day 33: FACT F13 — person-695819 has base color indigo.
Day 7: unrelated weather report 6.","{'answer': 'indigo', 'fact_id': 'F13', 'entity': 'person-695819'}",valid
MEMO-00026-4cf15e,memory,train,1,What is the most recently confirmed base color of person-258672? Return JSON with answer and fact_id. Ignore drafts and unrelated reports.,"Day 0: FACT F01 — person-498665 has base color blue.
Day 0: FACT F02 — person-258672 has base color coral.","{'answer': 'coral', 'fact_id': 'F02', 'entity': 'person-258672'}",valid
MEMO-00027-fe1771,memory,train,2,What is the most recently confirmed base color of person-917875? Return JSON with answer and fact_id. Ignore drafts and unrelated reports.,"Day 0: FACT F01 — person-217402 has base color violet.
Day 0: FACT F02 — person-809665 has base color coral.
Day 0: FACT F03 — person-917875 has base color blue.
Day 2: unrelated weather report 1.","{'answer': 'blue', 'fact_id': 'F03', 'entity': 'person-917875'}",valid
MEMO-00028-b35895,memory,train,3,What is the most recently confirmed base color of person-765300? Return JSON with answer and fact_id. Ignore drafts and unrelated reports.,"Contradictory earlier report: person-765300 was once listed as indigo; use the latest confirmed fact.
Day 0: FACT F01 — person-765300 has base color indigo.
Day 0: FACT F02 — person-448710 has base color green.
Day 0: FACT F03 — person-178866 has base color amber.
Day 0: FACT F04 — person-765300 has base color coral.
Day 0: FACT F05 — person-448710 has base color violet.
Day 2: unrelated weather report 1.
Day 4: FACT F06 — person-765300 has base color green.
Day 3: unrelated weather report 3.
Day 0: unrelated weather report 2.","{'answer': 'green', 'fact_id': 'F06', 'entity': 'person-765300'}",valid
MEMO-00029-dfbee9,memory,train,4,What is the most recently confirmed base color of person-888619? Return JSON with answer and fact_id. Ignore drafts and unrelated reports.,"A draft says person-888619 might use a different color; drafts are not facts.
Contradictory earlier report: person-888619 was once listed as coral; use the latest confirmed fact.
Contradictory earlier report: person-610518 was once listed as green; use the latest confirmed fact.
Day 4: unrelated weather report 5.
Day 0: FACT F01 — person-610518 has base color green.
Day 2: unrelated weather report 2.
Day 0: FACT F02 — person-888619 has base color coral.
Day 0: FACT F03 — person-355172 has base color indigo.
Day 1: unrelated weather report 4.
Day 0: FACT F04 — person-688491 has base color violet.
Day 0: unrelated weather report 6.
Day 0: FACT F05 — person-610518 has base color blue.
Day 0: unrelated weather report 3.
Day 0: FACT F06 — person-888619 has base color coral.
Day 0: FACT F07 — person-355172 has base color green.
Day 8: FACT F08 — person-610518 has base color violet.
Day 9: FACT F09 — person-888619 has base color indigo.
Day 3: unrelated weather report 1.","{'answer': 'indigo', 'fact_id': 'F09', 'entity': 'person-888619'}",valid
MEMO-00030-b91a23,memory,train,5,What is the most recently confirmed base color of person-274424? Return JSON with answer and fact_id. Ignore drafts and unrelated reports.,"Long archive note: unrelated historical detail; unrelated historical detail; unrelated historical detail; unrelated historical detail; unrelated historical detail; unrelated historical detail; unrelated historical detail; unrelated historical detail; unrelated historical detail; unrelated historical detail; unrelated historical detail; unrelated historical detail; unrelated historical detail; unrelated historical detail; unrelated historical detail; unrelated historical detail; unrelated historical detail; unrelated historical detail; 
A draft says person-274424 might use a different color; drafts are not facts.
Contradictory earlier report: person-274424 was once listed as amber; use the latest confirmed fact.
Day 28: unrelated weather report 9.
Contradictory earlier report: person-866746 was once listed as green; use the latest confirmed fact.
Contradictory earlier report: person-523395 was once listed as green; use the latest confirmed fact.
Day 19: unrelated weather report 6.
Day 12: unrelated weather report 5.
Day 16: unrelated weather report 1.
Day 4: unrelated weather report 8.
Day 0: FACT F01 — person-523395 has base color green.
Day 21: unrelated weather report 7.
Day 2: unrelated weather report 10.
Day 0: FACT F02 — person-866746 has base color green.
Day 29: unrelated weather report 4.
Day 2: unrelated weather report 2.
Day 8: unrelated weather report 3.
Day 0: FACT F03 — person-274424 has base color amber.
Day 0: FACT F04 — person-895531 has base color indigo.
Day 0: FACT F05 — person-523395 has base color indigo.
Day 0: FACT F06 — person-866746 has base color blue.
Day 0: FACT F07 — person-274424 has base color amber.
Day 0: FACT F08 — person-895531 has base color coral.
Day 0: FACT F09 — person-523395 has base color green.
Day 0: FACT F10 — person-866746 has base color amber.
Day 31: FACT F11 — person-523395 has base color indigo.
Day 32: FACT F12 — person-866746 has base color indigo.
Day 33: FACT F13 — person-274424 has base color violet.","{'answer': 'violet', 'fact_id': 'F13', 'entity': 'person-274424'}",valid
MEMO-00031-25a490,memory,train,1,What is the most recently confirmed base color of person-102895? Return JSON with answer and fact_id. Ignore drafts and unrelated reports.,"Day 0: FACT F01 — person-910163 has base color green.
Day 0: FACT F02 — person-102895 has base color amber.","{'answer': 'amber', 'fact_id': 'F02', 'entity': 'person-102895'}",valid
MEMO-00032-9d5911,memory,train,2,What is the most recently confirmed base color of person-160111? Return JSON with answer and fact_id. Ignore drafts and unrelated reports.,"Day 0: FACT F01 — person-730270 has base color violet.
Day 0: unrelated weather report 1.
Day 0: FACT F02 — person-317082 has base color indigo.
Day 0: FACT F03 — person-160111 has base color green.","{'answer': 'green', 'fact_id': 'F03', 'entity': 'person-160111'}",valid
MEMO-00033-6c7f4f,memory,train,3,What is the most recently confirmed base color of person-180369? Return JSON with answer and fact_id. Ignore drafts and unrelated reports.,"Day 4: unrelated weather report 2.
Contradictory earlier report: person-180369 was once listed as amber; use the latest confirmed fact.
Day 0: FACT F01 — person-180369 has base color amber.
Day 0: FACT F02 — person-280165 has base color blue.
Day 0: FACT F03 — person-568124 has base color green.
Day 0: FACT F04 — person-180369 has base color green.
Day 3: unrelated weather report 3.
Day 1: unrelated weather report 1.
Day 0: FACT F05 — person-280165 has base color indigo.
Day 4: FACT F06 — person-180369 has base color violet.","{'answer': 'violet', 'fact_id': 'F06', 'entity': 'person-180369'}",valid
MEMO-00034-69314d,memory,train,4,What is the most recently confirmed base color of person-663014? Return JSON with answer and fact_id. Ignore drafts and unrelated reports.,"A draft says person-663014 might use a different color; drafts are not facts.
Day 2: unrelated weather report 1.
Contradictory earlier report: person-663014 was once listed as indigo; use the latest confirmed fact.
Contradictory earlier report: person-726766 was once listed as amber; use the latest confirmed fact.
Day 0: FACT F01 — person-726766 has base color amber.
Day 7: unrelated weather report 5.
Day 0: FACT F02 — person-663014 has base color indigo.
Day 0: FACT F03 — person-761547 has base color coral.
Day 0: FACT F04 — person-794409 has base color violet.
Day 0: FACT F05 — person-726766 has base color violet.
Day 1: unrelated weather report 6.
Day 0: FACT F06 — person-663014 has base color violet.
Day 1: unrelated weather report 2.
Day 5: unrelated weather report 3.
Day 0: FACT F07 — person-761547 has base color blue.
Day 8: FACT F08 — person-726766 has base color blue.
Day 9: FACT F09 — person-663014 has base color coral.
Day 1: unrelated weather report 4.","{'answer': 'coral', 'fact_id': 'F09', 'entity': 'person-663014'}",valid
MEMO-00035-33b03e,memory,train,5,What is the most recently confirmed base color of person-693972? Return JSON with answer and fact_id. Ignore drafts and unrelated reports.,"Long archive note: unrelated historical detail; unrelated historical detail; unrelated historical detail; unrelated historical detail; unrelated historical detail; unrelated historical detail; unrelated historical detail; unrelated historical detail; unrelated historical detail; unrelated historical detail; unrelated historical detail; unrelated historical detail; unrelated historical detail; unrelated historical detail; unrelated historical detail; unrelated historical detail; unrelated historical detail; unrelated historical detail; 
A draft says person-693972 might use a different color; drafts are not facts.
Contradictory earlier report: person-693972 was once listed as coral; use the latest confirmed fact.
Day 24: unrelated weather report 2.
Contradictory earlier report: person-990808 was once listed as amber; use the latest confirmed fact.
Contradictory earlier report: person-200096 was once listed as green; use the latest confirmed fact.
Day 0: FACT F01 — person-200096 has base color green.
Day 0: FACT F02 — person-990808 has base color amber.
Day 18: unrelated weather report 1.
Day 31: unrelated weather report 5.
Day 0: FACT F03 — person-693972 has base color coral.
Day 12: unrelated weather report 10.
Day 0: FACT F04 — person-957992 has base color indigo.
Day 0: FACT F05 — person-200096 has base color violet.
Day 0: FACT F06 — person-990808 has base color blue.
Day 15: unrelated weather report 3.
Day 16: unrelated weather report 6.
Day 0: FACT F07 — person-693972 has base color amber.
Day 2: unrelated weather report 7.
Day 8: unrelated weather report 8.
Day 0: FACT F08 — person-957992 has base color green.
Day 0: FACT F09 — person-200096 has base color amber.
Day 0: FACT F10 — person-990808 has base color amber.
Day 31: FACT F11 — person-200096 has base color indigo.
Day 17: unrelated weather report 4.
Day 32: FACT F12 — person-990808 has base color coral.
Day 33: FACT F13 — person-693972 has base color blue.
Day 8: unrelated weather report 9.","{'answer': 'blue', 'fact_id': 'F13', 'entity': 'person-693972'}",valid
MEMO-00036-7521ea,memory,train,1,What is the most recently confirmed base color of person-378644? Return JSON with answer and fact_id. Ignore drafts and unrelated reports.,"Day 0: FACT F01 — person-859182 has base color indigo.
Day 0: FACT F02 — person-378644 has base color green.","{'answer': 'green', 'fact_id': 'F02', 'entity': 'person-378644'}",valid
MEMO-00037-baab24,memory,train,2,What is the most recently confirmed base color of person-282225? Return JSON with answer and fact_id. Ignore drafts and unrelated reports.,"Day 2: unrelated weather report 1.
Day 0: FACT F01 — person-225178 has base color violet.
Day 0: FACT F02 — person-894379 has base color amber.
Day 0: FACT F03 — person-282225 has base color green.","{'answer': 'green', 'fact_id': 'F03', 'entity': 'person-282225'}",valid
MEMO-00038-962bec,memory,train,3,What is the most recently confirmed base color of person-498219? Return JSON with answer and fact_id. Ignore drafts and unrelated reports.,"Contradictory earlier report: person-498219 was once listed as amber; use the latest confirmed fact.
Day 0: FACT F01 — person-498219 has base color amber.
Day 0: unrelated weather report 1.
Day 0: FACT F02 — person-634265 has base color green.
Day 0: FACT F03 — person-473945 has base color coral.
Day 0: FACT F04 — person-498219 has base color violet.
Day 0: FACT F05 — person-634265 has base color blue.
Day 3: unrelated weather report 2.
Day 4: FACT F06 — person-498219 has base color coral.
Day 2: unrelated weather report 3.","{'answer': 'coral', 'fact_id': 'F06', 'entity': 'person-498219'}",valid
MEMO-00039-0f049f,memory,train,4,What is the most recently confirmed base color of person-342653? Return JSON with answer and fact_id. Ignore drafts and unrelated reports.,"A draft says person-342653 might use a different color; drafts are not facts.
Day 3: unrelated weather report 4.
Contradictory earlier report: person-342653 was once listed as amber; use the latest confirmed fact.
Contradictory earlier report: person-266285 was once listed as amber; use the latest confirmed fact.
Day 8: unrelated weather report 3.
Day 0: FACT F01 — person-266285 has base color amber.
Day 0: FACT F02 — person-342653 has base color amber.
Day 1: unrelated weather report 5.
Day 0: FACT F03 — person-987950 has base color coral.
Day 0: FACT F04 — person-353642 has base color green.
Day 0: FACT F05 — person-266285 has base color green.
Day 5: unrelated weather report 6.
Day 0: FACT F06 — person-342653 has base color coral.
Day 5: unrelated weather report 1.
Day 0: FACT F07 — person-987950 has base color indigo.
Day 8: FACT F08 — person-266285 has base color indigo.
Day 5: unrelated weather report 2.
Day 9: FACT F09 — person-342653 has base color blue.","{'answer': 'blue', 'fact_id': 'F09', 'entity': 'person-342653'}",valid
MEMO-00040-939a82,memory,train,5,What is the most recently confirmed base color of person-957211? Return JSON with answer and fact_id. Ignore drafts and unrelated reports.,"Long archive note: unrelated historical detail; unrelated historical detail; unrelated historical detail; unrelated historical detail; unrelated historical detail; unrelated historical detail; unrelated historical detail; unrelated historical detail; unrelated historical detail; unrelated historical detail; unrelated historical detail; unrelated historical detail; unrelated historical detail; unrelated historical detail; unrelated historical detail; unrelated historical detail; unrelated historical detail; unrelated historical detail; 
A draft says person-957211 might use a different color; drafts are not facts.
Contradictory earlier report: person-957211 was once listed as coral; use the latest confirmed fact.
Contradictory earlier report: person-278424 was once listed as amber; use the latest confirmed fact.
Contradictory earlier report: person-889197 was once listed as indigo; use the latest confirmed fact.
Day 18: unrelated weather report 1.
Day 18: unrelated weather report 7.
Day 0: FACT F01 — person-889197 has base color indigo.
Day 29: unrelated weather report 5.
Day 0: FACT F02 — person-278424 has base color amber.
Day 0: FACT F03 — person-957211 has base color coral.
Day 6: unrelated weather report 4.
Day 0: FACT F04 — person-136859 has base color blue.
Day 0: FACT F05 — person-889197 has base color indigo.
Day 16: unrelated weather report 2.
Day 0: FACT F06 — person-278424 has base color coral.
Day 10: unrelated weather report 6.
Day 0: FACT F07 — person-957211 has base color amber.
Day 0: FACT F08 — person-136859 has base color green.
Day 0: FACT F09 — person-889197 has base color amber.
Day 0: FACT F10 — person-278424 has base color blue.
Day 31: FACT F11 — person-889197 has base color blue.
Day 21: unrelated weather report 9.
Day 32: FACT F12 — person-278424 has base color green.
Day 6: unrelated weather report 10.
Day 33: FACT F13 — person-957211 has base color indigo.
Day 1: unrelated weather report 3.
Day 2: unrelated weather report 8.","{'answer': 'indigo', 'fact_id': 'F13', 'entity': 'person-957211'}",valid
MEMO-00041-9262ec,memory,train,1,What is the most recently confirmed base color of person-793117? Return JSON with answer and fact_id. Ignore drafts and unrelated reports.,"Day 0: FACT F01 — person-904664 has base color indigo.
Day 0: FACT F02 — person-793117 has base color blue.","{'answer': 'blue', 'fact_id': 'F02', 'entity': 'person-793117'}",valid
MEMO-00042-6a913b,memory,train,2,What is the most recently confirmed base color of person-202292? Return JSON with answer and fact_id. Ignore drafts and unrelated reports.,"Day 0: FACT F01 — person-804847 has base color blue.
Day 0: FACT F02 — person-188801 has base color indigo.
Day 1: unrelated weather report 1.
Day 0: FACT F03 — person-202292 has base color amber.","{'answer': 'amber', 'fact_id': 'F03', 'entity': 'person-202292'}",valid
MEMO-00043-f66c3b,memory,train,3,What is the most recently confirmed base color of person-966489? Return JSON with answer and fact_id. Ignore drafts and unrelated reports.,"Day 2: unrelated weather report 1.
Contradictory earlier report: person-966489 was once listed as indigo; use the latest confirmed fact.
Day 3: unrelated weather report 3.
Day 0: FACT F01 — person-966489 has base color indigo.
Day 0: FACT F02 — person-839136 has base color coral.
Day 0: FACT F03 — person-753558 has base color violet.
Day 0: FACT F04 — person-966489 has base color violet.
Day 0: unrelated weather report 2.
Day 0: FACT F05 — person-839136 has base color violet.
Day 4: FACT F06 — person-966489 has base color blue.","{'answer': 'blue', 'fact_id': 'F06', 'entity': 'person-966489'}",valid
MEMO-00044-7ce4de,memory,train,4,What is the most recently confirmed base color of person-237989? Return JSON with answer and fact_id. Ignore drafts and unrelated reports.,"A draft says person-237989 might use a different color; drafts are not facts.
Contradictory earlier report: person-237989 was once listed as coral; use the latest confirmed fact.
Contradictory earlier report: person-539503 was once listed as amber; use the latest confirmed fact.
Day 0: FACT F01 — person-539503 has base color amber.
Day 0: FACT F02 — person-237989 has base color coral.
Day 0: FACT F03 — person-951888 has base color violet.
Day 0: FACT F04 — person-857353 has base color amber.
Day 0: FACT F05 — person-539503 has base color coral.
Day 0: FACT F06 — person-237989 has base color coral.
Day 7: unrelated weather report 1.
Day 0: FACT F07 — person-951888 has base color indigo.
Day 3: unrelated weather report 2.
Day 0: unrelated weather report 3.
Day 1: unrelated weather report 6.
Day 4: unrelated weather report 5.
Day 0: unrelated weather report 4.
Day 8: FACT F08 — person-539503 has base color green.
Day 9: FACT F09 — person-237989 has base color blue.","{'answer': 'blue', 'fact_id': 'F09', 'entity': 'person-237989'}",valid
MEMO-00045-9cd644,memory,train,5,What is the most recently confirmed base color of person-396037? Return JSON with answer and fact_id. Ignore drafts and unrelated reports.,"Long archive note: unrelated historical detail; unrelated historical detail; unrelated historical detail; unrelated historical detail; unrelated historical detail; unrelated historical detail; unrelated historical detail; unrelated historical detail; unrelated historical detail; unrelated historical detail; unrelated historical detail; unrelated historical detail; unrelated historical detail; unrelated historical detail; unrelated historical detail; unrelated historical detail; unrelated historical detail; unrelated historical detail; 
A draft says person-396037 might use a different color; drafts are not facts.
Contradictory earlier report: person-396037 was once listed as amber; use the latest confirmed fact.
Contradictory earlier report: person-818095 was once listed as coral; use the latest confirmed fact.
Day 9: unrelated weather report 7.
Contradictory earlier report: person-544591 was once listed as violet; use the latest confirmed fact.
Day 22: unrelated weather report 6.
Day 0: FACT F01 — person-544591 has base color violet.
Day 0: FACT F02 — person-818095 has base color coral.
Day 0: FACT F03 — person-396037 has base color amber.
Day 5: unrelated weather report 10.
Day 4: unrelated weather report 3.
Day 16: unrelated weather report 5.
Day 29: unrelated weather report 4.
Day 0: FACT F04 — person-919651 has base color violet.
Day 0: FACT F05 — person-544591 has base color green.
Day 0: FACT F06 — person-818095 has base color violet.
Day 0: FACT F07 — person-396037 has base color amber.
Day 25: unrelated weather report 9.
Day 0: FACT F08 — person-919651 has base color violet.
Day 0: FACT F09 — person-544591 has base color amber.
Day 18: unrelated weather report 8.
Day 19: unrelated weather report 1.
Day 0: FACT F10 — person-818095 has base color blue.
Day 30: unrelated weather report 2.
Day 31: FACT F11 — person-544591 has base color coral.
Day 32: FACT F12 — person-818095 has base color amber.
Day 33: FACT F13 — person-396037 has base color green.","{'answer': 'green', 'fact_id': 'F13', 'entity': 'person-396037'}",valid
MEMO-00046-1eb9a8,memory,train,1,What is the most recently confirmed base color of person-979977? Return JSON with answer and fact_id. Ignore drafts and unrelated reports.,"Day 0: FACT F01 — person-143024 has base color violet.
Day 0: FACT F02 — person-979977 has base color indigo.","{'answer': 'indigo', 'fact_id': 'F02', 'entity': 'person-979977'}",valid
MEMO-00047-4644cb,memory,train,2,What is the most recently confirmed base color of person-244071? Return JSON with answer and fact_id. Ignore drafts and unrelated reports.,"Day 0: FACT F01 — person-996675 has base color coral.
Day 0: FACT F02 — person-232082 has base color indigo.
Day 0: unrelated weather report 1.
Day 0: FACT F03 — person-244071 has base color blue.","{'answer': 'blue', 'fact_id': 'F03', 'entity': 'person-244071'}",valid
MEMO-00048-323ba1,memory,train,3,What is the most recently confirmed base color of person-467479? Return JSON with answer and fact_id. Ignore drafts and unrelated reports.,"Contradictory earlier report: person-467479 was once listed as blue; use the latest confirmed fact.
Day 0: FACT F01 — person-467479 has base color blue.
Day 0: FACT F02 — person-291966 has base color violet.
Day 0: FACT F03 — person-991739 has base color blue.
Day 0: FACT F04 — person-467479 has base color violet.
Day 3: unrelated weather report 2.
Day 4: unrelated weather report 1.
Day 1: unrelated weather report 3.
Day 0: FACT F05 — person-291966 has base color green.
Day 4: FACT F06 — person-467479 has base color violet.","{'answer': 'violet', 'fact_id': 'F06', 'entity': 'person-467479'}",valid
MEMO-00049-cf26dc,memory,train,4,What is the most recently confirmed base color of person-278944? Return JSON with answer and fact_id. Ignore drafts and unrelated reports.,"A draft says person-278944 might use a different color; drafts are not facts.
Contradictory earlier report: person-278944 was once listed as coral; use the latest confirmed fact.
Day 3: unrelated weather report 3.
Contradictory earlier report: person-132306 was once listed as coral; use the latest confirmed fact.
Day 7: unrelated weather report 6.
Day 0: FACT F01 — person-132306 has base color coral.
Day 3: unrelated weather report 1.
Day 0: FACT F02 — person-278944 has base color coral.
Day 0: FACT F03 — person-974572 has base color amber.
Day 0: FACT F04 — person-340138 has base color blue.
Day 0: FACT F05 — person-132306 has base color violet.
Day 0: FACT F06 — person-278944 has base color green.
Day 0: FACT F07 — person-974572 has base color indigo.
Day 5: unrelated weather report 4.
Day 8: FACT F08 — person-132306 has base color violet.
Day 6: unrelated weather report 5.
Day 5: unrelated weather report 2.
Day 9: FACT F09 — person-278944 has base color blue.","{'answer': 'blue', 'fact_id': 'F09', 'entity': 'person-278944'}",valid
MEMO-00050-577e3d,memory,train,5,What is the most recently confirmed base color of person-483645? Return JSON with answer and fact_id. Ignore drafts and unrelated reports.,"Long archive note: unrelated historical detail; unrelated historical detail; unrelated historical detail; unrelated historical detail; unrelated historical detail; unrelated historical detail; unrelated historical detail; unrelated historical detail; unrelated historical detail; unrelated historical detail; unrelated historical detail; unrelated historical detail; unrelated historical detail; unrelated historical detail; unrelated historical detail; unrelated historical detail; unrelated historical detail; unrelated historical detail; 
A draft says person-483645 might use a different color; drafts are not facts.
Day 9: unrelated weather report 10.
Contradictory earlier report: person-483645 was once listed as coral; use the latest confirmed fact.
Contradictory earlier report: person-868066 was once listed as indigo; use the latest confirmed fact.
Contradictory earlier report: person-374339 was once listed as green; use the latest confirmed fact.
Day 0: FACT F01 — person-374339 has base color green.
Day 0: FACT F02 — person-868066 has base color indigo.
Day 8: unrelated weather report 7.
Day 0: FACT F03 — person-483645 has base color coral.
Day 27: unrelated weather report 4.
Day 0: FACT F04 — person-363111 has base color coral.
Day 31: unrelated weather report 6.
Day 0: FACT F05 — person-374339 has base color coral.
Day 9: unrelated weather report 8.
Day 0: FACT F06 — person-868066 has base color amber.
Day 0: FACT F07 — person-483645 has base color indigo.
Day 21: unrelated weather report 1.
Day 0: FACT F08 — person-363111 has base color violet.
Day 4: unrelated weather report 5.
Day 0: unrelated weather report 9.
Day 0: FACT F09 — person-374339 has base color amber.
Day 9: unrelated weather report 3.
Day 18: unrelated weather report 2.
Day 0: FACT F10 — person-868066 has base color amber.
Day 31: FACT F11 — person-374339 has base color indigo.
Day 32: FACT F12 — person-868066 has base color violet.
Day 33: FACT F13 — person-483645 has base color blue.","{'answer': 'blue', 'fact_id': 'F13', 'entity': 'person-483645'}",valid
MEMO-00051-48b273,memory,train,1,What is the most recently confirmed base color of person-322931? Return JSON with answer and fact_id. Ignore drafts and unrelated reports.,"Day 0: FACT F01 — person-727247 has base color blue.
Day 0: FACT F02 — person-322931 has base color blue.","{'answer': 'blue', 'fact_id': 'F02', 'entity': 'person-322931'}",valid
MEMO-00052-bab258,memory,train,2,What is the most recently confirmed base color of person-898448? Return JSON with answer and fact_id. Ignore drafts and unrelated reports.,"Day 0: unrelated weather report 1.
Day 0: FACT F01 — person-812266 has base color blue.
Day 0: FACT F02 — person-147170 has base color indigo.
Day 0: FACT F03 — person-898448 has base color violet.","{'answer': 'violet', 'fact_id': 'F03', 'entity': 'person-898448'}",valid
MEMO-00053-e06fac,memory,train,3,What is the most recently confirmed base color of person-301536? Return JSON with answer and fact_id. Ignore drafts and unrelated reports.,"Contradictory earlier report: person-301536 was once listed as violet; use the latest confirmed fact.
Day 0: FACT F01 — person-301536 has base color violet.
Day 0: FACT F02 — person-290503 has base color coral.
Day 1: unrelated weather report 3.
Day 4: unrelated weather report 1.
Day 0: FACT F03 — person-233879 has base color blue.
Day 0: FACT F04 — person-301536 has base color amber.
Day 0: FACT F05 — person-290503 has base color violet.
Day 2: unrelated weather report 2.
Day 4: FACT F06 — person-301536 has base color blue.","{'answer': 'blue', 'fact_id': 'F06', 'entity': 'person-301536'}",valid
MEMO-00054-a4e3e9,memory,train,4,What is the most recently confirmed base color of person-261944? Return JSON with answer and fact_id. Ignore drafts and unrelated reports.,"A draft says person-261944 might use a different color; drafts are not facts.
Day 3: unrelated weather report 6.
Contradictory earlier report: person-261944 was once listed as violet; use the latest confirmed fact.
Contradictory earlier report: person-627981 was once listed as indigo; use the latest confirmed fact.
Day 0: FACT F01 — person-627981 has base color indigo.
Day 0: FACT F02 — person-261944 has base color violet.
Day 0: FACT F03 — person-836296 has base color green.
Day 5: unrelated weather report 1.
Day 6: unrelated weather report 5.
Day 0: FACT F04 — person-357303 has base color blue.
Day 0: FACT F05 — person-627981 has base color coral.
Day 0: FACT F06 — person-261944 has base color violet.
Day 0: FACT F07 — person-836296 has base color coral.
Day 7: unrelated weather report 2.
Day 8: unrelated weather report 4.
Day 7: unrelated weather report 3.
Day 8: FACT F08 — person-627981 has base color amber.
Day 9: FACT F09 — person-261944 has base color amber.","{'answer': 'amber', 'fact_id': 'F09', 'entity': 'person-261944'}",valid
MEMO-00055-b1deaf,memory,train,5,What is the most recently confirmed base color of person-292489? Return JSON with answer and fact_id. Ignore drafts and unrelated reports.,"Long archive note: unrelated historical detail; unrelated historical detail; unrelated historical detail; unrelated historical detail; unrelated historical detail; unrelated historical detail; unrelated historical detail; unrelated historical detail; unrelated historical detail; unrelated historical detail; unrelated historical detail; unrelated historical detail; unrelated historical detail; unrelated historical detail; unrelated historical detail; unrelated historical detail; unrelated historical detail; unrelated historical detail; 
A draft says person-292489 might use a different color; drafts are not facts.
Contradictory earlier report: person-292489 was once listed as coral; use the latest confirmed fact.
Day 10: unrelated weather report 9.
Day 18: unrelated weather report 10.
Contradictory earlier report: person-993580 was once listed as blue; use the latest confirmed fact.
Day 31: unrelated weather report 6.
Contradictory earlier report: person-462265 was once listed as green; use the latest confirmed fact.
Day 18: unrelated weather report 2.
Day 16: unrelated weather report 7.
Day 0: FACT F01 — person-462265 has base color green.
Day 0: FACT F02 — person-993580 has base color blue.
Day 0: FACT F03 — person-292489 has base color coral.
Day 0: FACT F04 — person-505683 has base color green.
Day 23: unrelated weather report 8.
Day 6: unrelated weather report 3.
Day 22: unrelated weather report 5.
Day 0: FACT F05 — person-462265 has base color violet.
Day 0: FACT F06 — person-993580 has base color green.
Day 17: unrelated weather report 1.
Day 0: FACT F07 — person-292489 has base color green.
Day 0: FACT F08 — person-505683 has base color coral.
Day 0: FACT F09 — person-462265 has base color amber.
Day 17: unrelated weather report 4.
Day 0: FACT F10 — person-993580 has base color amber.
Day 31: FACT F11 — person-462265 has base color amber.
Day 32: FACT F12 — person-993580 has base color violet.
Day 33: FACT F13 — person-292489 has base color blue.","{'answer': 'blue', 'fact_id': 'F13', 'entity': 'person-292489'}",valid
MEMO-00056-45b924,memory,train,1,What is the most recently confirmed base color of person-157920? Return JSON with answer and fact_id. Ignore drafts and unrelated reports.,"Day 0: FACT F01 — person-887092 has base color green.
Day 0: FACT F02 — person-157920 has base color green.","{'answer': 'green', 'fact_id': 'F02', 'entity': 'person-157920'}",valid
MEMO-00057-1fc83e,memory,train,2,What is the most recently confirmed base color of person-523629? Return JSON with answer and fact_id. Ignore drafts and unrelated reports.,"Day 0: FACT F01 — person-371805 has base color green.
Day 1: unrelated weather report 1.
Day 0: FACT F02 — person-257130 has base color green.
Day 0: FACT F03 — person-523629 has base color indigo.","{'answer': 'indigo', 'fact_id': 'F03', 'entity': 'person-523629'}",valid
MEMO-00058-ca408f,memory,train,3,What is the most recently confirmed base color of person-482784? Return JSON with answer and fact_id. Ignore drafts and unrelated reports.,"Contradictory earlier report: person-482784 was once listed as green; use the latest confirmed fact.
Day 0: FACT F01 — person-482784 has base color green.
Day 3: unrelated weather report 3.
Day 0: FACT F02 — person-529589 has base color amber.
Day 1: unrelated weather report 2.
Day 0: FACT F03 — person-865877 has base color amber.
Day 0: FACT F04 — person-482784 has base color violet.
Day 0: FACT F05 — person-529589 has base color violet.
Day 1: unrelated weather report 1.
Day 4: FACT F06 — person-482784 has base color coral.","{'answer': 'coral', 'fact_id': 'F06', 'entity': 'person-482784'}",valid
MEMO-00059-4345d2,memory,train,4,What is the most recently confirmed base color of person-112915? Return JSON with answer and fact_id. Ignore drafts and unrelated reports.,"A draft says person-112915 might use a different color; drafts are not facts.
Contradictory earlier report: person-112915 was once listed as indigo; use the latest confirmed fact.
Day 4: unrelated weather report 6.
Day 5: unrelated weather report 1.
Contradictory earlier report: person-357492 was once listed as amber; use the latest confirmed fact.
Day 3: unrelated weather report 2.
Day 4: unrelated weather report 3.
Day 0: FACT F01 — person-357492 has base color amber.
Day 0: unrelated weather report 5.
Day 0: FACT F02 — person-112915 has base color indigo.
Day 4: unrelated weather report 4.
Day 0: FACT F03 — person-140551 has base color violet.
Day 0: FACT F04 — person-729904 has base color coral.
Day 0: FACT F05 — person-357492 has base color indigo.
Day 0: FACT F06 — person-112915 has base color indigo.
Day 0: FACT F07 — person-140551 has base color coral.
Day 8: FACT F08 — person-357492 has base color indigo.
Day 9: FACT F09 — person-112915 has base color coral.","{'answer': 'coral', 'fact_id': 'F09', 'entity': 'person-112915'}",valid
MEMO-00060-213e53,memory,train,5,What is the most recently confirmed base color of person-419409? Return JSON with answer and fact_id. Ignore drafts and unrelated reports.,"Long archive note: unrelated historical detail; unrelated historical detail; unrelated historical detail; unrelated historical detail; unrelated historical detail; unrelated historical detail; unrelated historical detail; unrelated historical detail; unrelated historical detail; unrelated historical detail; unrelated historical detail; unrelated historical detail; unrelated historical detail; unrelated historical detail; unrelated historical detail; unrelated historical detail; unrelated historical detail; unrelated historical detail; 
A draft says person-419409 might use a different color; drafts are not facts.
Day 17: unrelated weather report 4.
Contradictory earlier report: person-419409 was once listed as blue; use the latest confirmed fact.
Day 26: unrelated weather report 8.
Contradictory earlier report: person-590861 was once listed as violet; use the latest confirmed fact.
Day 7: unrelated weather report 3.
Contradictory earlier report: person-856643 was once listed as coral; use the latest confirmed fact.
Day 0: FACT F01 — person-856643 has base color coral.
Day 0: FACT F02 — person-590861 has base color violet.
Day 0: FACT F03 — person-419409 has base color blue.
Day 0: FACT F04 — person-826330 has base color amber.
Day 31: unrelated weather report 7.
Day 26: unrelated weather report 1.
Day 0: FACT F05 — person-856643 has base color coral.
Day 19: unrelated weather report 9.
Day 0: FACT F06 — person-590861 has base color indigo.
Day 0: FACT F07 — person-419409 has base color indigo.
Day 0: FACT F08 — person-826330 has base color indigo.
Day 0: FACT F09 — person-856643 has base color blue.
Day 0: FACT F10 — person-590861 has base color green.
Day 31: FACT F11 — person-856643 has base color blue.
Day 32: FACT F12 — person-590861 has base color indigo.
Day 23: unrelated weather report 5.
Day 33: FACT F13 — person-419409 has base color indigo.
Day 22: unrelated weather report 2.
Day 30: unrelated weather report 10.
Day 2: unrelated weather report 6.","{'answer': 'indigo', 'fact_id': 'F13', 'entity': 'person-419409'}",valid
MEMO-00061-3dcb85,memory,train,1,What is the most recently confirmed base color of person-186959? Return JSON with answer and fact_id. Ignore drafts and unrelated reports.,"Day 0: FACT F01 — person-104038 has base color violet.
Day 0: FACT F02 — person-186959 has base color indigo.","{'answer': 'indigo', 'fact_id': 'F02', 'entity': 'person-186959'}",valid
MEMO-00062-4a8948,memory,train,2,What is the most recently confirmed base color of person-280483? Return JSON with answer and fact_id. Ignore drafts and unrelated reports.,"Day 2: unrelated weather report 1.
Day 0: FACT F01 — person-330162 has base color blue.
Day 0: FACT F02 — person-503302 has base color amber.
Day 0: FACT F03 — person-280483 has base color coral.","{'answer': 'coral', 'fact_id': 'F03', 'entity': 'person-280483'}",valid
MEMO-00063-c5fe19,memory,train,3,What is the most recently confirmed base color of person-213718? Return JSON with answer and fact_id. Ignore drafts and unrelated reports.,"Contradictory earlier report: person-213718 was once listed as green; use the latest confirmed fact.
Day 0: FACT F01 — person-213718 has base color green.
Day 0: FACT F02 — person-783628 has base color blue.
Day 0: unrelated weather report 3.
Day 0: FACT F03 — person-635869 has base color violet.
Day 0: unrelated weather report 2.
Day 4: unrelated weather report 1.
Day 0: FACT F04 — person-213718 has base color amber.
Day 0: FACT F05 — person-783628 has base color indigo.
Day 4: FACT F06 — person-213718 has base color amber.","{'answer': 'amber', 'fact_id': 'F06', 'entity': 'person-213718'}",valid
MEMO-00064-46f9f2,memory,train,4,What is the most recently confirmed base color of person-202175? Return JSON with answer and fact_id. Ignore drafts and unrelated reports.,"A draft says person-202175 might use a different color; drafts are not facts.
Contradictory earlier report: person-202175 was once listed as blue; use the latest confirmed fact.
Day 1: unrelated weather report 4.
Day 0: unrelated weather report 6.
Contradictory earlier report: person-705891 was once listed as green; use the latest confirmed fact.
Day 0: FACT F01 — person-705891 has base color green.
Day 0: FACT F02 — person-202175 has base color blue.
Day 1: unrelated weather report 1.
Day 0: FACT F03 — person-410126 has base color indigo.
Day 0: FACT F04 — person-523156 has base color blue.
Day 3: unrelated weather report 2.
Day 0: FACT F05 — person-705891 has base color violet.
Day 0: FACT F06 — person-202175 has base color indigo.
Day 4: unrelated weather report 3.
Day 0: FACT F07 — person-410126 has base color green.
Day 8: FACT F08 — person-705891 has base color blue.
Day 9: FACT F09 — person-202175 has base color green.
Day 5: unrelated weather report 5.","{'answer': 'green', 'fact_id': 'F09', 'entity': 'person-202175'}",valid
MEMO-00065-7fe861,memory,train,5,What is the most recently confirmed base color of person-127420? Return JSON with answer and fact_id. Ignore drafts and unrelated reports.,"Long archive note: unrelated historical detail; unrelated historical detail; unrelated historical detail; unrelated historical detail; unrelated historical detail; unrelated historical detail; unrelated historical detail; unrelated historical detail; unrelated historical detail; unrelated historical detail; unrelated historical detail; unrelated historical detail; unrelated historical detail; unrelated historical detail; unrelated historical detail; unrelated historical detail; unrelated historical detail; unrelated historical detail; 
A draft says person-127420 might use a different color; drafts are not facts.
Contradictory earlier report: person-127420 was once listed as amber; use the latest confirmed fact.
Contradictory earlier report: person-853382 was once listed as violet; use the latest confirmed fact.
Contradictory earlier report: person-864902 was once listed as blue; use the latest confirmed fact.
Day 6: unrelated weather report 5.
Day 14: unrelated weather report 2.
Day 0: FACT F01 — person-864902 has base color blue.
Day 0: FACT F02 — person-853382 has base color violet.
Day 0: FACT F03 — person-127420 has base color amber.
Day 0: FACT F04 — person-140688 has base color violet.
Day 0: FACT F05 — person-864902 has base color green.
Day 0: FACT F06 — person-853382 has base color violet.
Day 23: unrelated weather report 8.
Day 0: FACT F07 — person-127420 has base color coral.
Day 23: unrelated weather report 4.
Day 0: FACT F08 — person-140688 has base color green.
Day 0: FACT F09 — person-864902 has base color blue.
Day 0: FACT F10 — person-853382 has base color violet.
Day 24: unrelated weather report 9.
Day 26: unrelated weather report 1.
Day 31: FACT F11 — person-864902 has base color amber.
Day 32: FACT F12 — person-853382 has base color blue.
Day 33: FACT F13 — person-127420 has base color violet.
Day 1: unrelated weather report 10.
Day 24: unrelated weather report 6.
Day 7: unrelated weather report 7.
Day 12: unrelated weather report 3.","{'answer': 'violet', 'fact_id': 'F13', 'entity': 'person-127420'}",valid
MEMO-00066-4ff2f5,memory,train,1,What is the most recently confirmed base color of person-750921? Return JSON with answer and fact_id. Ignore drafts and unrelated reports.,"Day 0: FACT F01 — person-273857 has base color green.
Day 0: FACT F02 — person-750921 has base color coral.","{'answer': 'coral', 'fact_id': 'F02', 'entity': 'person-750921'}",valid
MEMO-00067-f2ef12,memory,train,2,What is the most recently confirmed base color of person-415646? Return JSON with answer and fact_id. Ignore drafts and unrelated reports.,"Day 0: FACT F01 — person-520755 has base color amber.
Day 0: FACT F02 — person-927237 has base color violet.
Day 0: unrelated weather report 1.
Day 0: FACT F03 — person-415646 has base color blue.","{'answer': 'blue', 'fact_id': 'F03', 'entity': 'person-415646'}",valid
MEMO-00068-238858,memory,train,3,What is the most recently confirmed base color of person-733938? Return JSON with answer and fact_id. Ignore drafts and unrelated reports.,"Contradictory earlier report: person-733938 was once listed as indigo; use the latest confirmed fact.
Day 0: FACT F01 — person-733938 has base color indigo.
Day 0: FACT F02 — person-552954 has base color blue.
Day 1: unrelated weather report 3.
Day 0: FACT F03 — person-900266 has base color violet.
Day 0: FACT F04 — person-733938 has base color amber.
Day 3: unrelated weather report 1.
Day 0: FACT F05 — person-552954 has base color blue.
Day 4: FACT F06 — person-733938 has base color coral.
Day 2: unrelated weather report 2.","{'answer': 'coral', 'fact_id': 'F06', 'entity': 'person-733938'}",valid
MEMO-00069-6c6cf3,memory,train,4,What is the most recently confirmed base color of person-389832? Return JSON with answer and fact_id. Ignore drafts and unrelated reports.,"A draft says person-389832 might use a different color; drafts are not facts.
Day 8: unrelated weather report 2.
Contradictory earlier report: person-389832 was once listed as green; use the latest confirmed fact.
Contradictory earlier report: person-340703 was once listed as coral; use the latest confirmed fact.
Day 0: FACT F01 — person-340703 has base color coral.
Day 0: FACT F02 — person-389832 has base color green.
Day 0: FACT F03 — person-150170 has base color green.
Day 0: FACT F04 — person-905354 has base color green.
Day 0: FACT F05 — person-340703 has base color violet.
Day 5: unrelated weather report 1.
Day 0: FACT F06 — person-389832 has base color green.
Day 0: FACT F07 — person-150170 has base color amber.
Day 2: unrelated weather report 5.
Day 6: unrelated weather report 3.
Day 0: unrelated weather report 6.
Day 3: unrelated weather report 4.
Day 8: FACT F08 — person-340703 has base color blue.
Day 9: FACT F09 — person-389832 has base color amber.","{'answer': 'amber', 'fact_id': 'F09', 'entity': 'person-389832'}",valid
MEMO-00070-2aefc1,memory,train,5,What is the most recently confirmed base color of person-478851? Return JSON with answer and fact_id. Ignore drafts and unrelated reports.,"Long archive note: unrelated historical detail; unrelated historical detail; unrelated historical detail; unrelated historical detail; unrelated historical detail; unrelated historical detail; unrelated historical detail; unrelated historical detail; unrelated historical detail; unrelated historical detail; unrelated historical detail; unrelated historical detail; unrelated historical detail; unrelated historical detail; unrelated historical detail; unrelated historical detail; unrelated historical detail; unrelated historical detail; 
A draft says person-478851 might use a different color; drafts are not facts.
Contradictory earlier report: person-478851 was once listed as amber; use the latest confirmed fact.
Day 9: unrelated weather report 4.
Contradictory earlier report: person-535450 was once listed as violet; use the latest confirmed fact.
Contradictory earlier report: person-669258 was once listed as blue; use the latest confirmed fact.
Day 28: unrelated weather report 2.
Day 0: FACT F01 — person-669258 has base color blue.
Day 0: FACT F02 — person-535450 has base color violet.
Day 12: unrelated weather report 9.
Day 27: unrelated weather report 10.
Day 7: unrelated weather report 5.
Day 0: FACT F03 — person-478851 has base color amber.
Day 6: unrelated weather report 6.
Day 2: unrelated weather report 1.
Day 0: FACT F04 — person-945640 has base color blue.
Day 0: FACT F05 — person-669258 has base color coral.
Day 0: FACT F06 — person-535450 has base color indigo.
Day 9: unrelated weather report 3.
Day 0: FACT F07 — person-478851 has base color indigo.
Day 0: FACT F08 — person-945640 has base color blue.
Day 0: FACT F09 — person-669258 has base color amber.
Day 25: unrelated weather report 8.
Day 0: FACT F10 — person-535450 has base color green.
Day 31: FACT F11 — person-669258 has base color green.
Day 2: unrelated weather report 7.
Day 32: FACT F12 — person-535450 has base color coral.
Day 33: FACT F13 — person-478851 has base color violet.","{'answer': 'violet', 'fact_id': 'F13', 'entity': 'person-478851'}",valid
MEMO-00071-9fdf52,memory,train,1,What is the most recently confirmed base color of person-746392? Return JSON with answer and fact_id. Ignore drafts and unrelated reports.,"Day 0: FACT F01 — person-690411 has base color violet.
Day 0: FACT F02 — person-746392 has base color indigo.","{'answer': 'indigo', 'fact_id': 'F02', 'entity': 'person-746392'}",valid
MEMO-00072-d43cb4,memory,train,2,What is the most recently confirmed base color of person-681119? Return JSON with answer and fact_id. Ignore drafts and unrelated reports.,"Day 0: unrelated weather report 1.
Day 0: FACT F01 — person-506533 has base color coral.
Day 0: FACT F02 — person-690353 has base color indigo.
Day 0: FACT F03 — person-681119 has base color amber.","{'answer': 'amber', 'fact_id': 'F03', 'entity': 'person-681119'}",valid
MEMO-00073-02ad82,memory,train,3,What is the most recently confirmed base color of person-729979? Return JSON with answer and fact_id. Ignore drafts and unrelated reports.,"Contradictory earlier report: person-729979 was once listed as coral; use the latest confirmed fact.
Day 0: FACT F01 — person-729979 has base color coral.
Day 4: unrelated weather report 3.
Day 0: FACT F02 — person-683216 has base color amber.
Day 0: FACT F03 — person-278485 has base color green.
Day 0: FACT F04 — person-729979 has base color blue.
Day 0: FACT F05 — person-683216 has base color coral.
Day 2: unrelated weather report 1.
Day 4: FACT F06 — person-729979 has base color violet.
Day 2: unrelated weather report 2.","{'answer': 'violet', 'fact_id': 'F06', 'entity': 'person-729979'}",valid
MEMO-00074-c8e4bc,memory,train,4,What is the most recently confirmed base color of person-875558? Return JSON with answer and fact_id. Ignore drafts and unrelated reports.,"A draft says person-875558 might use a different color; drafts are not facts.
Contradictory earlier report: person-875558 was once listed as amber; use the latest confirmed fact.
Contradictory earlier report: person-739406 was once listed as amber; use the latest confirmed fact.
Day 0: FACT F01 — person-739406 has base color amber.
Day 0: FACT F02 — person-875558 has base color amber.
Day 0: unrelated weather report 1.
Day 0: FACT F03 — person-739004 has base color indigo.
Day 0: FACT F04 — person-441017 has base color coral.
Day 0: FACT F05 — person-739406 has base color green.
Day 2: unrelated weather report 6.
Day 0: FACT F06 — person-875558 has base color amber.
Day 0: FACT F07 — person-739004 has base color blue.
Day 4: unrelated weather report 2.
Day 7: unrelated weather report 5.
Day 5: unrelated weather report 3.
Day 8: FACT F08 — person-739406 has base color coral.
Day 9: FACT F09 — person-875558 has base color blue.
Day 8: unrelated weather report 4.","{'answer': 'blue', 'fact_id': 'F09', 'entity': 'person-875558'}",valid
MEMO-00075-72f7d1,memory,train,5,What is the most recently confirmed base color of person-338190? Return JSON with answer and fact_id. Ignore drafts and unrelated reports.,"Long archive note: unrelated historical detail; unrelated historical detail; unrelated historical detail; unrelated historical detail; unrelated historical detail; unrelated historical detail; unrelated historical detail; unrelated historical detail; unrelated historical detail; unrelated historical detail; unrelated historical detail; unrelated historical detail; unrelated historical detail; unrelated historical detail; unrelated historical detail; unrelated historical detail; unrelated historical detail; unrelated historical detail; 
A draft says person-338190 might use a different color; drafts are not facts.
Contradictory earlier report: person-338190 was once listed as indigo; use the latest confirmed fact.
Day 26: unrelated weather report 4.
Contradictory earlier report: person-308503 was once listed as amber; use the latest confirmed fact.
Contradictory earlier report: person-667427 was once listed as violet; use the latest confirmed fact.
Day 0: FACT F01 — person-667427 has base color violet.
Day 0: FACT F02 — person-308503 has base color amber.
Day 0: FACT F03 — person-338190 has base color indigo.
Day 0: FACT F04 — person-155892 has base color violet.
Day 0: FACT F05 — person-667427 has base color green.
Day 0: FACT F06 — person-308503 has base color indigo.
Day 29: unrelated weather report 5.
Day 0: FACT F07 — person-338190 has base color violet.
Day 0: FACT F08 — person-155892 has base color indigo.
Day 0: FACT F09 — person-667427 has base color amber.
Day 4: unrelated weather report 8.
Day 24: unrelated weather report 2.
Day 0: FACT F10 — person-308503 has base color coral.
Day 22: unrelated weather report 7.
Day 4: unrelated weather report 10.
Day 18: unrelated weather report 3.
Day 31: FACT F11 — person-667427 has base color indigo.
Day 17: unrelated weather report 6.
Day 32: FACT F12 — person-308503 has base color indigo.
Day 23: unrelated weather report 9.
Day 18: unrelated weather report 1.
Day 33: FACT F13 — person-338190 has base color green.","{'answer': 'green', 'fact_id': 'F13', 'entity': 'person-338190'}",valid
MEMO-00076-cb8685,memory,train,1,What is the most recently confirmed base color of person-364851? Return JSON with answer and fact_id. Ignore drafts and unrelated reports.,"Day 0: FACT F01 — person-447910 has base color violet.
Day 0: FACT F02 — person-364851 has base color violet.","{'answer': 'violet', 'fact_id': 'F02', 'entity': 'person-364851'}",valid
MEMO-00077-dfb5a1,memory,train,2,What is the most recently confirmed base color of person-729285? Return JSON with answer and fact_id. Ignore drafts and unrelated reports.,"Day 0: FACT F01 — person-703797 has base color coral.
Day 0: FACT F02 — person-433291 has base color blue.
Day 0: FACT F03 — person-729285 has base color violet.
Day 1: unrelated weather report 1.","{'answer': 'violet', 'fact_id': 'F03', 'entity': 'person-729285'}",valid
MEMO-00078-810b0e,memory,train,3,What is the most recently confirmed base color of person-782829? Return JSON with answer and fact_id. Ignore drafts and unrelated reports.,"Contradictory earlier report: person-782829 was once listed as coral; use the latest confirmed fact.
Day 0: FACT F01 — person-782829 has base color coral.
Day 0: FACT F02 — person-244309 has base color coral.
Day 0: FACT F03 — person-538791 has base color indigo.
Day 1: unrelated weather report 2.
Day 4: unrelated weather report 1.
Day 0: unrelated weather report 3.
Day 0: FACT F04 — person-782829 has base color blue.
Day 0: FACT F05 — person-244309 has base color green.
Day 4: FACT F06 — person-782829 has base color green.","{'answer': 'green', 'fact_id': 'F06', 'entity': 'person-782829'}",valid
MEMO-00079-462f91,memory,train,4,What is the most recently confirmed base color of person-340086? Return JSON with answer and fact_id. Ignore drafts and unrelated reports.,"A draft says person-340086 might use a different color; drafts are not facts.
Day 7: unrelated weather report 1.
Contradictory earlier report: person-340086 was once listed as green; use the latest confirmed fact.
Day 2: unrelated weather report 4.
Contradictory earlier report: person-817840 was once listed as green; use the latest confirmed fact.
Day 0: FACT F01 — person-817840 has base color green.
Day 0: FACT F02 — person-340086 has base color green.
Day 0: FACT F03 — person-583581 has base color violet.
Day 0: FACT F04 — person-927897 has base color blue.
Day 0: FACT F05 — person-817840 has base color indigo.
Day 3: unrelated weather report 6.
Day 0: FACT F06 — person-340086 has base color coral.
Day 0: FACT F07 — person-583581 has base color amber.
Day 8: FACT F08 — person-817840 has base color violet.
Day 5: unrelated weather report 5.
Day 1: unrelated weather report 3.
Day 9: FACT F09 — person-340086 has base color indigo.
Day 3: unrelated weather report 2.","{'answer': 'indigo', 'fact_id': 'F09', 'entity': 'person-340086'}",valid
MEMO-00080-2d776c,memory,train,5,What is the most recently confirmed base color of person-644290? Return JSON with answer and fact_id. Ignore drafts and unrelated reports.,"Long archive note: unrelated historical detail; unrelated historical detail; unrelated historical detail; unrelated historical detail; unrelated historical detail; unrelated historical detail; unrelated historical detail; unrelated historical detail; unrelated historical detail; unrelated historical detail; unrelated historical detail; unrelated historical detail; unrelated historical detail; unrelated historical detail; unrelated historical detail; unrelated historical detail; unrelated historical detail; unrelated historical detail; 
A draft says person-644290 might use a different color; drafts are not facts.
Day 26: unrelated weather report 6.
Contradictory earlier report: person-644290 was once listed as indigo; use the latest confirmed fact.
Contradictory earlier report: person-349748 was once listed as coral; use the latest confirmed fact.
Contradictory earlier report: person-445783 was once listed as blue; use the latest confirmed fact.
Day 0: FACT F01 — person-445783 has base color blue.
Day 0: FACT F02 — person-349748 has base color coral.
Day 0: FACT F03 — person-644290 has base color indigo.
Day 16: unrelated weather report 8.
Day 0: FACT F04 — person-880362 has base color violet.
Day 6: unrelated weather report 4.
Day 14: unrelated weather report 9.
Day 0: FACT F05 — person-445783 has base color coral.
Day 0: FACT F06 — person-349748 has base color amber.
Day 10: unrelated weather report 7.
Day 0: FACT F07 — person-644290 has base color green.
Day 0: FACT F08 — person-880362 has base color amber.
Day 19: unrelated weather report 3.
Day 19: unrelated weather report 2.
Day 22: unrelated weather report 10.
Day 0: FACT F09 — person-445783 has base color coral.
Day 0: FACT F10 — person-349748 has base color amber.
Day 31: FACT F11 — person-445783 has base color coral.
Day 26: unrelated weather report 1.
Day 32: FACT F12 — person-349748 has base color violet.
Day 17: unrelated weather report 5.
Day 33: FACT F13 — person-644290 has base color coral.","{'answer': 'coral', 'fact_id': 'F13', 'entity': 'person-644290'}",valid
MEMO-00081-f2bac7,memory,train,1,What is the most recently confirmed base color of person-502961? Return JSON with answer and fact_id. Ignore drafts and unrelated reports.,"Day 0: FACT F01 — person-196441 has base color violet.
Day 0: FACT F02 — person-502961 has base color coral.","{'answer': 'coral', 'fact_id': 'F02', 'entity': 'person-502961'}",valid
MEMO-00082-5ee4e8,memory,train,2,What is the most recently confirmed base color of person-957097? Return JSON with answer and fact_id. Ignore drafts and unrelated reports.,"Day 0: FACT F01 — person-967870 has base color green.
Day 1: unrelated weather report 1.
Day 0: FACT F02 — person-865370 has base color green.
Day 0: FACT F03 — person-957097 has base color amber.","{'answer': 'amber', 'fact_id': 'F03', 'entity': 'person-957097'}",valid
MEMO-00083-31cfb3,memory,train,3,What is the most recently confirmed base color of person-675927? Return JSON with answer and fact_id. Ignore drafts and unrelated reports.,"Contradictory earlier report: person-675927 was once listed as green; use the latest confirmed fact.
Day 0: unrelated weather report 3.
Day 0: FACT F01 — person-675927 has base color green.
Day 0: FACT F02 — person-216814 has base color green.
Day 0: FACT F03 — person-950602 has base color blue.
Day 3: unrelated weather report 1.
Day 0: FACT F04 — person-675927 has base color amber.
Day 0: FACT F05 — person-216814 has base color green.
Day 1: unrelated weather report 2.
Day 4: FACT F06 — person-675927 has base color coral.","{'answer': 'coral', 'fact_id': 'F06', 'entity': 'person-675927'}",valid
MEMO-00084-f78322,memory,train,4,What is the most recently confirmed base color of person-315019? Return JSON with answer and fact_id. Ignore drafts and unrelated reports.,"A draft says person-315019 might use a different color; drafts are not facts.
Day 7: unrelated weather report 1.
Contradictory earlier report: person-315019 was once listed as blue; use the latest confirmed fact.
Contradictory earlier report: person-418117 was once listed as indigo; use the latest confirmed fact.
Day 0: FACT F01 — person-418117 has base color indigo.
Day 0: FACT F02 — person-315019 has base color blue.
Day 2: unrelated weather report 4.
Day 0: FACT F03 — person-937146 has base color coral.
Day 0: FACT F04 — person-569611 has base color violet.
Day 2: unrelated weather report 6.
Day 0: FACT F05 — person-418117 has base color coral.
Day 6: unrelated weather report 3.
Day 0: FACT F06 — person-315019 has base color blue.
Day 0: FACT F07 — person-937146 has base color indigo.
Day 8: FACT F08 — person-418117 has base color blue.
Day 6: unrelated weather report 2.
Day 2: unrelated weather report 5.
Day 9: FACT F09 — person-315019 has base color coral.","{'answer': 'coral', 'fact_id': 'F09', 'entity': 'person-315019'}",valid
MEMO-00085-8c8361,memory,train,5,What is the most recently confirmed base color of person-614054? Return JSON with answer and fact_id. Ignore drafts and unrelated reports.,"Long archive note: unrelated historical detail; unrelated historical detail; unrelated historical detail; unrelated historical detail; unrelated historical detail; unrelated historical detail; unrelated historical detail; unrelated historical detail; unrelated historical detail; unrelated historical detail; unrelated historical detail; unrelated historical detail; unrelated historical detail; unrelated historical detail; unrelated historical detail; unrelated historical detail; unrelated historical detail; unrelated historical detail; 
A draft says person-614054 might use a different color; drafts are not facts.
Contradictory earlier report: person-614054 was once listed as green; use the latest confirmed fact.
Contradictory earlier report: person-446159 was once listed as amber; use the latest confirmed fact.
Contradictory earlier report: person-646526 was once listed as indigo; use the latest confirmed fact.
Day 21: unrelated weather report 8.
Day 0: FACT F01 — person-646526 has base color indigo.
Day 0: FACT F02 — person-446159 has base color amber.
Day 3: unrelated weather report 4.
Day 0: FACT F03 — person-614054 has base color green.
Day 11: unrelated weather report 9.
Day 0: FACT F04 — person-964797 has base color green.
Day 0: FACT F05 — person-646526 has base color coral.
Day 22: unrelated weather report 5.
Day 0: FACT F06 — person-446159 has base color blue.
Day 15: unrelated weather report 3.
Day 0: FACT F07 — person-614054 has base color violet.
Day 0: FACT F08 — person-964797 has base color coral.
Day 31: unrelated weather report 2.
Day 0: FACT F09 — person-646526 has base color blue.
Day 11: unrelated weather report 7.
Day 15: unrelated weather report 10.
Day 0: FACT F10 — person-446159 has base color violet.
Day 25: unrelated weather report 6.
Day 15: unrelated weather report 1.
Day 31: FACT F11 — person-646526 has base color coral.
Day 32: FACT F12 — person-446159 has base color violet.
Day 33: FACT F13 — person-614054 has base color coral.","{'answer': 'coral', 'fact_id': 'F13', 'entity': 'person-614054'}",valid
MEMO-00086-999360,memory,train,1,What is the most recently confirmed base color of person-871780? Return JSON with answer and fact_id. Ignore drafts and unrelated reports.,"Day 0: FACT F01 — person-712962 has base color amber.
Day 0: FACT F02 — person-871780 has base color violet.","{'answer': 'violet', 'fact_id': 'F02', 'entity': 'person-871780'}",valid
MEMO-00087-3c69bb,memory,train,2,What is the most recently confirmed base color of person-729489? Return JSON with answer and fact_id. Ignore drafts and unrelated reports.,"Day 0: FACT F01 — person-848080 has base color blue.
Day 0: FACT F02 — person-116261 has base color amber.
Day 0: FACT F03 — person-729489 has base color green.
Day 0: unrelated weather report 1.","{'answer': 'green', 'fact_id': 'F03', 'entity': 'person-729489'}",valid
MEMO-00088-ab6796,memory,train,3,What is the most recently confirmed base color of person-345894? Return JSON with answer and fact_id. Ignore drafts and unrelated reports.,"Contradictory earlier report: person-345894 was once listed as violet; use the latest confirmed fact.
Day 0: FACT F01 — person-345894 has base color violet.
Day 0: FACT F02 — person-360515 has base color coral.
Day 3: unrelated weather report 1.
Day 1: unrelated weather report 3.
Day 0: FACT F03 — person-675829 has base color blue.
Day 0: FACT F04 — person-345894 has base color indigo.
Day 0: FACT F05 — person-360515 has base color amber.
Day 4: FACT F06 — person-345894 has base color indigo.
Day 0: unrelated weather report 2.","{'answer': 'indigo', 'fact_id': 'F06', 'entity': 'person-345894'}",valid
MEMO-00089-e324ca,memory,train,4,What is the most recently confirmed base color of person-776425? Return JSON with answer and fact_id. Ignore drafts and unrelated reports.,"A draft says person-776425 might use a different color; drafts are not facts.
Contradictory earlier report: person-776425 was once listed as blue; use the latest confirmed fact.
Contradictory earlier report: person-175112 was once listed as indigo; use the latest confirmed fact.
Day 0: unrelated weather report 4.
Day 0: FACT F01 — person-175112 has base color indigo.
Day 2: unrelated weather report 2.
Day 6: unrelated weather report 5.
Day 3: unrelated weather report 3.
Day 0: FACT F02 — person-776425 has base color blue.
Day 0: FACT F03 — person-209098 has base color blue.
Day 0: FACT F04 — person-554263 has base color blue.
Day 5: unrelated weather report 1.
Day 0: FACT F05 — person-175112 has base color indigo.
Day 2: unrelated weather report 6.
Day 0: FACT F06 — person-776425 has base color amber.
Day 0: FACT F07 — person-209098 has base color indigo.
Day 8: FACT F08 — person-175112 has base color green.
Day 9: FACT F09 — person-776425 has base color amber.","{'answer': 'amber', 'fact_id': 'F09', 'entity': 'person-776425'}",valid
MEMO-00090-79e284,memory,train,5,What is the most recently confirmed base color of person-345643? Return JSON with answer and fact_id. Ignore drafts and unrelated reports.,"Long archive note: unrelated historical detail; unrelated historical detail; unrelated historical detail; unrelated historical detail; unrelated historical detail; unrelated historical detail; unrelated historical detail; unrelated historical detail; unrelated historical detail; unrelated historical detail; unrelated historical detail; unrelated historical detail; unrelated historical detail; unrelated historical detail; unrelated historical detail; unrelated historical detail; unrelated historical detail; unrelated historical detail; 
A draft says person-345643 might use a different color; drafts are not facts.
Day 8: unrelated weather report 9.
Day 17: unrelated weather report 3.
Day 11: unrelated weather report 2.
Contradictory earlier report: person-345643 was once listed as blue; use the latest confirmed fact.
Contradictory earlier report: person-194183 was once listed as amber; use the latest confirmed fact.
Contradictory earlier report: person-238502 was once listed as coral; use the latest confirmed fact.
Day 0: FACT F01 — person-238502 has base color coral.
Day 0: FACT F02 — person-194183 has base color amber.
Day 0: FACT F03 — person-345643 has base color blue.
Day 0: FACT F04 — person-584564 has base color indigo.
Day 29: unrelated weather report 4.
Day 0: FACT F05 — person-238502 has base color green.
Day 0: FACT F06 — person-194183 has base color violet.
Day 0: FACT F07 — person-345643 has base color indigo.
Day 0: FACT F08 — person-584564 has base color indigo.
Day 0: FACT F09 — person-238502 has base color coral.
Day 10: unrelated weather report 6.
Day 0: FACT F10 — person-194183 has base color coral.
Day 8: unrelated weather report 5.
Day 31: FACT F11 — person-238502 has base color amber.
Day 32: FACT F12 — person-194183 has base color green.
Day 8: unrelated weather report 1.
Day 12: unrelated weather report 7.
Day 21: unrelated weather report 10.
Day 33: FACT F13 — person-345643 has base color coral.
Day 25: unrelated weather report 8.","{'answer': 'coral', 'fact_id': 'F13', 'entity': 'person-345643'}",valid
MEMO-00091-e4279a,memory,train,1,What is the most recently confirmed base color of person-694099? Return JSON with answer and fact_id. Ignore drafts and unrelated reports.,"Day 0: FACT F01 — person-184874 has base color green.
Day 0: FACT F02 — person-694099 has base color amber.","{'answer': 'amber', 'fact_id': 'F02', 'entity': 'person-694099'}",valid
MEMO-00092-ad265f,memory,train,2,What is the most recently confirmed base color of person-911694? Return JSON with answer and fact_id. Ignore drafts and unrelated reports.,"Day 0: FACT F01 — person-422942 has base color green.
Day 0: FACT F02 — person-670853 has base color green.
Day 2: unrelated weather report 1.
Day 0: FACT F03 — person-911694 has base color coral.","{'answer': 'coral', 'fact_id': 'F03', 'entity': 'person-911694'}",valid
MEMO-00093-850864,memory,train,3,What is the most recently confirmed base color of person-199125? Return JSON with answer and fact_id. Ignore drafts and unrelated reports.,"Contradictory earlier report: person-199125 was once listed as coral; use the latest confirmed fact.
Day 0: FACT F01 — person-199125 has base color coral.
Day 4: unrelated weather report 1.
Day 0: unrelated weather report 2.
Day 0: FACT F02 — person-636839 has base color green.
Day 2: unrelated weather report 3.
Day 0: FACT F03 — person-917367 has base color amber.
Day 0: FACT F04 — person-199125 has base color violet.
Day 0: FACT F05 — person-636839 has base color green.
Day 4: FACT F06 — person-199125 has base color indigo.","{'answer': 'indigo', 'fact_id': 'F06', 'entity': 'person-199125'}",valid
MEMO-00094-e3a071,memory,train,4,What is the most recently confirmed base color of person-241680? Return JSON with answer and fact_id. Ignore drafts and unrelated reports.,"A draft says person-241680 might use a different color; drafts are not facts.
Contradictory earlier report: person-241680 was once listed as green; use the latest confirmed fact.
Day 6: unrelated weather report 3.
Day 6: unrelated weather report 5.
Contradictory earlier report: person-723866 was once listed as coral; use the latest confirmed fact.
Day 0: FACT F01 — person-723866 has base color coral.
Day 0: FACT F02 — person-241680 has base color green.
Day 0: FACT F03 — person-968910 has base color blue.
Day 6: unrelated weather report 6.
Day 6: unrelated weather report 2.
Day 0: FACT F04 — person-416735 has base color indigo.
Day 0: FACT F05 — person-723866 has base color amber.
Day 5: unrelated weather report 4.
Day 0: FACT F06 — person-241680 has base color amber.
Day 0: FACT F07 — person-968910 has base color coral.
Day 8: FACT F08 — person-723866 has base color indigo.
Day 9: FACT F09 — person-241680 has base color amber.
Day 8: unrelated weather report 1.","{'answer': 'amber', 'fact_id': 'F09', 'entity': 'person-241680'}",valid
MEMO-00095-279ddb,memory,train,5,What is the most recently confirmed base color of person-367297? Return JSON with answer and fact_id. Ignore drafts and unrelated reports.,"Long archive note: unrelated historical detail; unrelated historical detail; unrelated historical detail; unrelated historical detail; unrelated historical detail; unrelated historical detail; unrelated historical detail; unrelated historical detail; unrelated historical detail; unrelated historical detail; unrelated historical detail; unrelated historical detail; unrelated historical detail; unrelated historical detail; unrelated historical detail; unrelated historical detail; unrelated historical detail; unrelated historical detail; 
A draft says person-367297 might use a different color; drafts are not facts.
Contradictory earlier report: person-367297 was once listed as amber; use the latest confirmed fact.
Day 11: unrelated weather report 7.
Contradictory earlier report: person-549889 was once listed as blue; use the latest confirmed fact.
Contradictory earlier report: person-829502 was once listed as coral; use the latest confirmed fact.
Day 0: FACT F01 — person-829502 has base color coral.
Day 24: unrelated weather report 8.
Day 0: FACT F02 — person-549889 has base color blue.
Day 0: FACT F03 — person-367297 has base color amber.
Day 0: FACT F04 — person-550747 has base color blue.
Day 10: unrelated weather report 9.
Day 0: FACT F05 — person-829502 has base color violet.
Day 0: FACT F06 — person-549889 has base color indigo.
Day 0: FACT F07 — person-367297 has base color coral.
Day 0: FACT F08 — person-550747 has base color amber.
Day 0: FACT F09 — person-829502 has base color indigo.
Day 27: unrelated weather report 4.
Day 0: FACT F10 — person-549889 has base color coral.
Day 31: FACT F11 — person-829502 has base color violet.
Day 32: FACT F12 — person-549889 has base color violet.
Day 31: unrelated weather report 1.
Day 9: unrelated weather report 6.
Day 27: unrelated weather report 5.
Day 8: unrelated weather report 10.
Day 14: unrelated weather report 3.
Day 33: FACT F13 — person-367297 has base color blue.
Day 14: unrelated weather report 2.","{'answer': 'blue', 'fact_id': 'F13', 'entity': 'person-367297'}",valid
MEMO-00096-e762a0,memory,train,1,What is the most recently confirmed base color of person-600022? Return JSON with answer and fact_id. Ignore drafts and unrelated reports.,"Day 0: FACT F01 — person-346663 has base color blue.
Day 0: FACT F02 — person-600022 has base color coral.","{'answer': 'coral', 'fact_id': 'F02', 'entity': 'person-600022'}",valid
MEMO-00097-57e7be,memory,train,2,What is the most recently confirmed base color of person-938741? Return JSON with answer and fact_id. Ignore drafts and unrelated reports.,"Day 0: FACT F01 — person-473496 has base color violet.
Day 1: unrelated weather report 1.
Day 0: FACT F02 — person-394146 has base color blue.
Day 0: FACT F03 — person-938741 has base color violet.","{'answer': 'violet', 'fact_id': 'F03', 'entity': 'person-938741'}",valid
MEMO-00098-77e7ce,memory,train,3,What is the most recently confirmed base color of person-236817? Return JSON with answer and fact_id. Ignore drafts and unrelated reports.,"Contradictory earlier report: person-236817 was once listed as green; use the latest confirmed fact.
Day 0: FACT F01 — person-236817 has base color green.
Day 0: FACT F02 — person-434533 has base color violet.
Day 0: FACT F03 — person-236876 has base color amber.
Day 4: unrelated weather report 2.
Day 4: unrelated weather report 1.
Day 0: FACT F04 — person-236817 has base color indigo.
Day 0: FACT F05 — person-434533 has base color green.
Day 4: FACT F06 — person-236817 has base color amber.
Day 0: unrelated weather report 3.","{'answer': 'amber', 'fact_id': 'F06', 'entity': 'person-236817'}",valid
MEMO-00099-2243d6,memory,train,4,What is the most recently confirmed base color of person-429457? Return JSON with answer and fact_id. Ignore drafts and unrelated reports.,"A draft says person-429457 might use a different color; drafts are not facts.
Contradictory earlier report: person-429457 was once listed as violet; use the latest confirmed fact.
Day 3: unrelated weather report 6.
Day 8: unrelated weather report 2.
Contradictory earlier report: person-642971 was once listed as green; use the latest confirmed fact.
Day 0: unrelated weather report 3.
Day 0: FACT F01 — person-642971 has base color green.
Day 0: FACT F02 — person-429457 has base color violet.
Day 0: FACT F03 — person-485721 has base color violet.
Day 7: unrelated weather report 5.
Day 0: FACT F04 — person-626631 has base color amber.
Day 0: FACT F05 — person-642971 has base color coral.
Day 6: unrelated weather report 4.
Day 0: FACT F06 — person-429457 has base color indigo.
Day 0: FACT F07 — person-485721 has base color indigo.
Day 3: unrelated weather report 1.
Day 8: FACT F08 — person-642971 has base color violet.
Day 9: FACT F09 — person-429457 has base color blue.","{'answer': 'blue', 'fact_id': 'F09', 'entity': 'person-429457'}",valid
MEMO-00100-fbd21a,memory,train,5,What is the most recently confirmed base color of person-133868? Return JSON with answer and fact_id. Ignore drafts and unrelated reports.,"Long archive note: unrelated historical detail; unrelated historical detail; unrelated historical detail; unrelated historical detail; unrelated historical detail; unrelated historical detail; unrelated historical detail; unrelated historical detail; unrelated historical detail; unrelated historical detail; unrelated historical detail; unrelated historical detail; unrelated historical detail; unrelated historical detail; unrelated historical detail; unrelated historical detail; unrelated historical detail; unrelated historical detail; 
A draft says person-133868 might use a different color; drafts are not facts.
Contradictory earlier report: person-133868 was once listed as amber; use the latest confirmed fact.
Contradictory earlier report: person-640170 was once listed as coral; use the latest confirmed fact.
Contradictory earlier report: person-962608 was once listed as amber; use the latest confirmed fact.
Day 0: FACT F01 — person-962608 has base color amber.
Day 0: FACT F02 — person-640170 has base color coral.
Day 0: FACT F03 — person-133868 has base color amber.
Day 0: FACT F04 — person-592855 has base color violet.
Day 12: unrelated weather report 3.
Day 4: unrelated weather report 4.
Day 0: FACT F05 — person-962608 has base color violet.
Day 0: FACT F06 — person-640170 has base color indigo.
Day 19: unrelated weather report 1.
Day 26: unrelated weather report 6.
Day 18: unrelated weather report 7.
Day 0: FACT F07 — person-133868 has base color violet.
Day 21: unrelated weather report 9.
Day 6: unrelated weather report 10.
Day 4: unrelated weather report 5.
Day 0: FACT F08 — person-592855 has base color green.
Day 0: FACT F09 — person-962608 has base color coral.
Day 0: FACT F10 — person-640170 has base color amber.
Day 21: unrelated weather report 2.
Day 31: FACT F11 — person-962608 has base color green.
Day 32: FACT F12 — person-640170 has base color indigo.
Day 20: unrelated weather report 8.
Day 33: FACT F13 — person-133868 has base color blue.","{'answer': 'blue', 'fact_id': 'F13', 'entity': 'person-133868'}",valid
MEMO-00101-396b89,memory,train,1,What is the most recently confirmed base color of person-468237? Return JSON with answer and fact_id. Ignore drafts and unrelated reports.,"Day 0: FACT F01 — person-878036 has base color blue.
Day 0: FACT F02 — person-468237 has base color violet.","{'answer': 'violet', 'fact_id': 'F02', 'entity': 'person-468237'}",valid
MEMO-00102-d5e3a6,memory,train,2,What is the most recently confirmed base color of person-904420? Return JSON with answer and fact_id. Ignore drafts and unrelated reports.,"Day 0: FACT F01 — person-325296 has base color green.
Day 0: FACT F02 — person-157183 has base color coral.
Day 0: unrelated weather report 1.
Day 0: FACT F03 — person-904420 has base color amber.","{'answer': 'amber', 'fact_id': 'F03', 'entity': 'person-904420'}",valid
MEMO-00103-94b0ee,memory,train,3,What is the most recently confirmed base color of person-368757? Return JSON with answer and fact_id. Ignore drafts and unrelated reports.,"Contradictory earlier report: person-368757 was once listed as coral; use the latest confirmed fact.
Day 0: FACT F01 — person-368757 has base color coral.
Day 0: FACT F02 — person-935265 has base color amber.
Day 0: FACT F03 — person-326111 has base color amber.
Day 3: unrelated weather report 1.
Day 0: FACT F04 — person-368757 has base color green.
Day 1: unrelated weather report 2.
Day 0: FACT F05 — person-935265 has base color violet.
Day 4: FACT F06 — person-368757 has base color indigo.
Day 2: unrelated weather report 3.","{'answer': 'indigo', 'fact_id': 'F06', 'entity': 'person-368757'}",valid
MEMO-00104-fd9dc2,memory,train,4,What is the most recently confirmed base color of person-796001? Return JSON with answer and fact_id. Ignore drafts and unrelated reports.,"A draft says person-796001 might use a different color; drafts are not facts.
Contradictory earlier report: person-796001 was once listed as indigo; use the latest confirmed fact.
Day 5: unrelated weather report 6.
Day 5: unrelated weather report 4.
Contradictory earlier report: person-647648 was once listed as violet; use the latest confirmed fact.
Day 3: unrelated weather report 2.
Day 3: unrelated weather report 1.
Day 6: unrelated weather report 5.
Day 0: FACT F01 — person-647648 has base color violet.
Day 8: unrelated weather report 3.
Day 0: FACT F02 — person-796001 has base color indigo.
Day 0: FACT F03 — person-560637 has base color indigo.
Day 0: FACT F04 — person-205719 has base color indigo.
Day 0: FACT F05 — person-647648 has base color indigo.
Day 0: FACT F06 — person-796001 has base color violet.
Day 0: FACT F07 — person-560637 has base color amber.
Day 8: FACT F08 — person-647648 has base color coral.
Day 9: FACT F09 — person-796001 has base color amber.","{'answer': 'amber', 'fact_id': 'F09', 'entity': 'person-796001'}",valid
MEMO-00105-8a1a94,memory,train,5,What is the most recently confirmed base color of person-308084? Return JSON with answer and fact_id. Ignore drafts and unrelated reports.,"Long archive note: unrelated historical detail; unrelated historical detail; unrelated historical detail; unrelated historical detail; unrelated historical detail; unrelated historical detail; unrelated historical detail; unrelated historical detail; unrelated historical detail; unrelated historical detail; unrelated historical detail; unrelated historical detail; unrelated historical detail; unrelated historical detail; unrelated historical detail; unrelated historical detail; unrelated historical detail; unrelated historical detail; 
A draft says person-308084 might use a different color; drafts are not facts.
Contradictory earlier report: person-308084 was once listed as amber; use the latest confirmed fact.
Day 0: unrelated weather report 5.
Contradictory earlier report: person-566132 was once listed as indigo; use the latest confirmed fact.
Contradictory earlier report: person-242562 was once listed as violet; use the latest confirmed fact.
Day 24: unrelated weather report 2.
Day 0: FACT F01 — person-242562 has base color violet.
Day 0: FACT F02 — person-566132 has base color indigo.
Day 0: FACT F03 — person-308084 has base color amber.
Day 0: FACT F04 — person-845445 has base color blue.
Day 6: unrelated weather report 10.
Day 0: FACT F05 — person-242562 has base color amber.
Day 0: FACT F06 — person-566132 has base color green.
Day 14: unrelated weather report 1.
Day 29: unrelated weather report 3.
Day 0: FACT F07 — person-308084 has base color amber.
Day 0: unrelated weather report 8.
Day 0: FACT F08 — person-845445 has base color violet.
Day 9: unrelated weather report 4.
Day 13: unrelated weather report 6.
Day 0: FACT F09 — person-242562 has base color blue.
Day 10: unrelated weather report 9.
Day 0: FACT F10 — person-566132 has base color violet.
Day 3: unrelated weather report 7.
Day 31: FACT F11 — person-242562 has base color blue.
Day 32: FACT F12 — person-566132 has base color coral.
Day 33: FACT F13 — person-308084 has base color coral.","{'answer': 'coral', 'fact_id': 'F13', 'entity': 'person-308084'}",valid
MEMO-00106-0a93b2,memory,train,1,What is the most recently confirmed base color of person-117486? Return JSON with answer and fact_id. Ignore drafts and unrelated reports.,"Day 0: FACT F01 — person-876843 has base color violet.
Day 0: FACT F02 — person-117486 has base color indigo.","{'answer': 'indigo', 'fact_id': 'F02', 'entity': 'person-117486'}",valid
MEMO-00107-d339b0,memory,train,2,What is the most recently confirmed base color of person-854740? Return JSON with answer and fact_id. Ignore drafts and unrelated reports.,"Day 0: FACT F01 — person-294116 has base color coral.
Day 0: FACT F02 — person-369038 has base color coral.
Day 0: FACT F03 — person-854740 has base color blue.
Day 0: unrelated weather report 1.","{'answer': 'blue', 'fact_id': 'F03', 'entity': 'person-854740'}",valid
MEMO-00108-214e52,memory,train,3,What is the most recently confirmed base color of person-107464? Return JSON with answer and fact_id. Ignore drafts and unrelated reports.,"Day 0: unrelated weather report 3.
Contradictory earlier report: person-107464 was once listed as amber; use the latest confirmed fact.
Day 0: FACT F01 — person-107464 has base color amber.
Day 0: FACT F02 — person-709515 has base color green.
Day 0: FACT F03 — person-922960 has base color indigo.
Day 2: unrelated weather report 1.
Day 0: FACT F04 — person-107464 has base color indigo.
Day 0: FACT F05 — person-709515 has base color blue.
Day 4: unrelated weather report 2.
Day 4: FACT F06 — person-107464 has base color violet.","{'answer': 'violet', 'fact_id': 'F06', 'entity': 'person-107464'}",valid
MEMO-00109-bb7eb4,memory,train,4,What is the most recently confirmed base color of person-254888? Return JSON with answer and fact_id. Ignore drafts and unrelated reports.,"A draft says person-254888 might use a different color; drafts are not facts.
Contradictory earlier report: person-254888 was once listed as coral; use the latest confirmed fact.
Contradictory earlier report: person-787388 was once listed as amber; use the latest confirmed fact.
Day 0: FACT F01 — person-787388 has base color amber.
Day 0: FACT F02 — person-254888 has base color coral.
Day 6: unrelated weather report 1.
Day 6: unrelated weather report 6.
Day 0: FACT F03 — person-813534 has base color indigo.
Day 8: unrelated weather report 4.
Day 0: FACT F04 — person-513884 has base color coral.
Day 2: unrelated weather report 3.
Day 0: FACT F05 — person-787388 has base color amber.
Day 0: FACT F06 — person-254888 has base color blue.
Day 4: unrelated weather report 5.
Day 8: unrelated weather report 2.
Day 0: FACT F07 — person-813534 has base color amber.
Day 8: FACT F08 — person-787388 has base color blue.
Day 9: FACT F09 — person-254888 has base color green.","{'answer': 'green', 'fact_id': 'F09', 'entity': 'person-254888'}",valid
MEMO-00110-ac8b4c,memory,train,5,What is the most recently confirmed base color of person-550785? Return JSON with answer and fact_id. Ignore drafts and unrelated reports.,"Long archive note: unrelated historical detail; unrelated historical detail; unrelated historical detail; unrelated historical detail; unrelated historical detail; unrelated historical detail; unrelated historical detail; unrelated historical detail; unrelated historical detail; unrelated historical detail; unrelated historical detail; unrelated historical detail; unrelated historical detail; unrelated historical detail; unrelated historical detail; unrelated historical detail; unrelated historical detail; unrelated historical detail; 
A draft says person-550785 might use a different color; drafts are not facts.
Contradictory earlier report: person-550785 was once listed as indigo; use the latest confirmed fact.
Day 13: unrelated weather report 3.
Contradictory earlier report: person-641948 was once listed as blue; use the latest confirmed fact.
Day 15: unrelated weather report 7.
Day 22: unrelated weather report 9.
Day 20: unrelated weather report 2.
Day 4: unrelated weather report 1.
Contradictory earlier report: person-673415 was once listed as green; use the latest confirmed fact.
Day 0: FACT F01 — person-673415 has base color green.
Day 0: FACT F02 — person-641948 has base color blue.
Day 16: unrelated weather report 10.
Day 0: FACT F03 — person-550785 has base color indigo.
Day 0: FACT F04 — person-689749 has base color coral.
Day 0: FACT F05 — person-673415 has base color green.
Day 11: unrelated weather report 4.
Day 0: FACT F06 — person-641948 has base color amber.
Day 0: FACT F07 — person-550785 has base color violet.
Day 0: FACT F08 — person-689749 has base color green.
Day 0: FACT F09 — person-673415 has base color green.
Day 0: FACT F10 — person-641948 has base color coral.
Day 8: unrelated weather report 6.
Day 31: unrelated weather report 8.
Day 31: FACT F11 — person-673415 has base color indigo.
Day 32: FACT F12 — person-641948 has base color amber.
Day 13: unrelated weather report 5.
Day 33: FACT F13 — person-550785 has base color violet.","{'answer': 'violet', 'fact_id': 'F13', 'entity': 'person-550785'}",valid
MEMO-00111-0d3ec8,memory,train,1,What is the most recently confirmed base color of person-353551? Return JSON with answer and fact_id. Ignore drafts and unrelated reports.,"Day 0: FACT F01 — person-657483 has base color indigo.
Day 0: FACT F02 — person-353551 has base color indigo.","{'answer': 'indigo', 'fact_id': 'F02', 'entity': 'person-353551'}",valid
MEMO-00112-2dca97,memory,train,2,What is the most recently confirmed base color of person-804460? Return JSON with answer and fact_id. Ignore drafts and unrelated reports.,"Day 0: FACT F01 — person-194029 has base color indigo.
Day 0: unrelated weather report 1.
Day 0: FACT F02 — person-219482 has base color amber.
Day 0: FACT F03 — person-804460 has base color violet.","{'answer': 'violet', 'fact_id': 'F03', 'entity': 'person-804460'}",valid
MEMO-00113-0dc98c,memory,train,3,What is the most recently confirmed base color of person-119471? Return JSON with answer and fact_id. Ignore drafts and unrelated reports.,"Contradictory earlier report: person-119471 was once listed as amber; use the latest confirmed fact.
Day 0: FACT F01 — person-119471 has base color amber.
Day 2: unrelated weather report 1.
Day 2: unrelated weather report 3.
Day 0: FACT F02 — person-616507 has base color coral.
Day 0: FACT F03 — person-477053 has base color coral.
Day 0: FACT F04 — person-119471 has base color indigo.
Day 4: unrelated weather report 2.
Day 0: FACT F05 — person-616507 has base color indigo.
Day 4: FACT F06 — person-119471 has base color green.","{'answer': 'green', 'fact_id': 'F06', 'entity': 'person-119471'}",valid
MEMO-00114-ca8bbf,memory,train,4,What is the most recently confirmed base color of person-508074? Return JSON with answer and fact_id. Ignore drafts and unrelated reports.,"A draft says person-508074 might use a different color; drafts are not facts.
Contradictory earlier report: person-508074 was once listed as green; use the latest confirmed fact.
Day 8: unrelated weather report 6.
Contradictory earlier report: person-971798 was once listed as blue; use the latest confirmed fact.
Day 0: FACT F01 — person-971798 has base color blue.
Day 3: unrelated weather report 2.
Day 0: FACT F02 — person-508074 has base color green.
Day 1: unrelated weather report 1.
Day 0: FACT F03 — person-624756 has base color violet.
Day 4: unrelated weather report 4.
Day 0: FACT F04 — person-443729 has base color amber.
Day 0: FACT F05 — person-971798 has base color violet.
Day 0: unrelated weather report 3.
Day 0: FACT F06 — person-508074 has base color amber.
Day 0: unrelated weather report 5.
Day 0: FACT F07 — person-624756 has base color violet.
Day 8: FACT F08 — person-971798 has base color violet.
Day 9: FACT F09 — person-508074 has base color blue.","{'answer': 'blue', 'fact_id': 'F09', 'entity': 'person-508074'}",valid
MEMO-00115-e2324f,memory,train,5,What is the most recently confirmed base color of person-941305? Return JSON with answer and fact_id. Ignore drafts and unrelated reports.,"Long archive note: unrelated historical detail; unrelated historical detail; unrelated historical detail; unrelated historical detail; unrelated historical detail; unrelated historical detail; unrelated historical detail; unrelated historical detail; unrelated historical detail; unrelated historical detail; unrelated historical detail; unrelated historical detail; unrelated historical detail; unrelated historical detail; unrelated historical detail; unrelated historical detail; unrelated historical detail; unrelated historical detail; 
A draft says person-941305 might use a different color; drafts are not facts.
Day 19: unrelated weather report 4.
Contradictory earlier report: person-941305 was once listed as blue; use the latest confirmed fact.
Contradictory earlier report: person-167494 was once listed as violet; use the latest confirmed fact.
Contradictory earlier report: person-181238 was once listed as blue; use the latest confirmed fact.
Day 0: FACT F01 — person-181238 has base color blue.
Day 0: FACT F02 — person-167494 has base color violet.
Day 0: FACT F03 — person-941305 has base color blue.
Day 4: unrelated weather report 3.
Day 0: FACT F04 — person-552021 has base color indigo.
Day 0: FACT F05 — person-181238 has base color blue.
Day 0: unrelated weather report 2.
Day 20: unrelated weather report 7.
Day 0: unrelated weather report 6.
Day 0: FACT F06 — person-167494 has base color amber.
Day 19: unrelated weather report 8.
Day 21: unrelated weather report 1.
Day 0: FACT F07 — person-941305 has base color violet.
Day 0: FACT F08 — person-552021 has base color indigo.
Day 0: FACT F09 — person-181238 has base color coral.
Day 14: unrelated weather report 9.
Day 0: FACT F10 — person-167494 has base color amber.
Day 30: unrelated weather report 10.
Day 31: FACT F11 — person-181238 has base color indigo.
Day 32: FACT F12 — person-167494 has base color indigo.
Day 13: unrelated weather report 5.
Day 33: FACT F13 — person-941305 has base color amber.","{'answer': 'amber', 'fact_id': 'F13', 'entity': 'person-941305'}",valid
MEMO-00116-c178a7,memory,train,1,What is the most recently confirmed base color of person-406464? Return JSON with answer and fact_id. Ignore drafts and unrelated reports.,"Day 0: FACT F01 — person-159997 has base color amber.
Day 0: FACT F02 — person-406464 has base color coral.","{'answer': 'coral', 'fact_id': 'F02', 'entity': 'person-406464'}",valid
MEMO-00117-5c5eaa,memory,train,2,What is the most recently confirmed base color of person-747514? Return JSON with answer and fact_id. Ignore drafts and unrelated reports.,"Day 0: FACT F01 — person-642399 has base color green.
Day 1: unrelated weather report 1.
Day 0: FACT F02 — person-500174 has base color blue.
Day 0: FACT F03 — person-747514 has base color coral.","{'answer': 'coral', 'fact_id': 'F03', 'entity': 'person-747514'}",valid
MEMO-00118-e311fd,memory,train,3,What is the most recently confirmed base color of person-271391? Return JSON with answer and fact_id. Ignore drafts and unrelated reports.,"Contradictory earlier report: person-271391 was once listed as indigo; use the latest confirmed fact.
Day 0: FACT F01 — person-271391 has base color indigo.
Day 0: FACT F02 — person-766217 has base color green.
Day 0: FACT F03 — person-997152 has base color coral.
Day 4: unrelated weather report 2.
Day 0: FACT F04 — person-271391 has base color violet.
Day 2: unrelated weather report 1.
Day 2: unrelated weather report 3.
Day 0: FACT F05 — person-766217 has base color amber.
Day 4: FACT F06 — person-271391 has base color coral.","{'answer': 'coral', 'fact_id': 'F06', 'entity': 'person-271391'}",valid
MEMO-00119-13fb44,memory,train,4,What is the most recently confirmed base color of person-660817? Return JSON with answer and fact_id. Ignore drafts and unrelated reports.,"A draft says person-660817 might use a different color; drafts are not facts.
Contradictory earlier report: person-660817 was once listed as green; use the latest confirmed fact.
Contradictory earlier report: person-715607 was once listed as coral; use the latest confirmed fact.
Day 5: unrelated weather report 1.
Day 0: FACT F01 — person-715607 has base color coral.
Day 3: unrelated weather report 4.
Day 0: FACT F02 — person-660817 has base color green.
Day 0: unrelated weather report 6.
Day 2: unrelated weather report 3.
Day 0: FACT F03 — person-374688 has base color green.
Day 0: FACT F04 — person-874886 has base color green.
Day 7: unrelated weather report 5.
Day 0: FACT F05 — person-715607 has base color indigo.
Day 8: unrelated weather report 2.
Day 0: FACT F06 — person-660817 has base color amber.
Day 0: FACT F07 — person-374688 has base color green.
Day 8: FACT F08 — person-715607 has base color violet.
Day 9: FACT F09 — person-660817 has base color amber.","{'answer': 'amber', 'fact_id': 'F09', 'entity': 'person-660817'}",valid
MEMO-00120-ab1eda,memory,train,5,What is the most recently confirmed base color of person-475679? Return JSON with answer and fact_id. Ignore drafts and unrelated reports.,"Long archive note: unrelated historical detail; unrelated historical detail; unrelated historical detail; unrelated historical detail; unrelated historical detail; unrelated historical detail; unrelated historical detail; unrelated historical detail; unrelated historical detail; unrelated historical detail; unrelated historical detail; unrelated historical detail; unrelated historical detail; unrelated historical detail; unrelated historical detail; unrelated historical detail; unrelated historical detail; unrelated historical detail; 
A draft says person-475679 might use a different color; drafts are not facts.
Day 28: unrelated weather report 6.
Contradictory earlier report: person-475679 was once listed as blue; use the latest confirmed fact.
Day 27: unrelated weather report 10.
Contradictory earlier report: person-864444 was once listed as green; use the latest confirmed fact.
Contradictory earlier report: person-306302 was once listed as blue; use the latest confirmed fact.
Day 12: unrelated weather report 9.
Day 0: FACT F01 — person-306302 has base color blue.
Day 0: FACT F02 — person-864444 has base color green.
Day 2: unrelated weather report 5.
Day 0: FACT F03 — person-475679 has base color blue.
Day 0: FACT F04 — person-982289 has base color indigo.
Day 29: unrelated weather report 7.
Day 0: FACT F05 — person-306302 has base color amber.
Day 16: unrelated weather report 3.
Day 0: FACT F06 — person-864444 has base color indigo.
Day 0: FACT F07 — person-475679 has base color amber.
Day 24: unrelated weather report 8.
Day 13: unrelated weather report 2.
Day 0: FACT F08 — person-982289 has base color blue.
Day 0: FACT F09 — person-306302 has base color coral.
Day 28: unrelated weather report 1.
Day 0: FACT F10 — person-864444 has base color green.
Day 22: unrelated weather report 4.
Day 31: FACT F11 — person-306302 has base color coral.
Day 32: FACT F12 — person-864444 has base color indigo.
Day 33: FACT F13 — person-475679 has base color indigo.","{'answer': 'indigo', 'fact_id': 'F13', 'entity': 'person-475679'}",valid
MEMO-00121-9f52d5,memory,train,1,What is the most recently confirmed base color of person-552025? Return JSON with answer and fact_id. Ignore drafts and unrelated reports.,"Day 0: FACT F01 — person-953197 has base color green.
Day 0: FACT F02 — person-552025 has base color green.","{'answer': 'green', 'fact_id': 'F02', 'entity': 'person-552025'}",valid
MEMO-00122-124aa7,memory,train,2,What is the most recently confirmed base color of person-588657? Return JSON with answer and fact_id. Ignore drafts and unrelated reports.,"Day 0: FACT F01 — person-494284 has base color amber.
Day 0: FACT F02 — person-907780 has base color indigo.
Day 0: unrelated weather report 1.
Day 0: FACT F03 — person-588657 has base color blue.","{'answer': 'blue', 'fact_id': 'F03', 'entity': 'person-588657'}",valid
MEMO-00123-edf84e,memory,train,3,What is the most recently confirmed base color of person-796826? Return JSON with answer and fact_id. Ignore drafts and unrelated reports.,"Day 2: unrelated weather report 1.
Contradictory earlier report: person-796826 was once listed as indigo; use the latest confirmed fact.
Day 0: FACT F01 — person-796826 has base color indigo.
Day 2: unrelated weather report 3.
Day 1: unrelated weather report 2.
Day 0: FACT F02 — person-313464 has base color indigo.
Day 0: FACT F03 — person-566811 has base color amber.
Day 0: FACT F04 — person-796826 has base color green.
Day 0: FACT F05 — person-313464 has base color green.
Day 4: FACT F06 — person-796826 has base color coral.","{'answer': 'coral', 'fact_id': 'F06', 'entity': 'person-796826'}",valid
MEMO-00124-365784,memory,train,4,What is the most recently confirmed base color of person-169183? Return JSON with answer and fact_id. Ignore drafts and unrelated reports.,"A draft says person-169183 might use a different color; drafts are not facts.
Contradictory earlier report: person-169183 was once listed as violet; use the latest confirmed fact.
Contradictory earlier report: person-517640 was once listed as green; use the latest confirmed fact.
Day 1: unrelated weather report 3.
Day 0: FACT F01 — person-517640 has base color green.
Day 0: FACT F02 — person-169183 has base color violet.
Day 0: FACT F03 — person-133836 has base color blue.
Day 1: unrelated weather report 2.
Day 0: FACT F04 — person-872246 has base color green.
Day 0: FACT F05 — person-517640 has base color coral.
Day 5: unrelated weather report 4.
Day 0: FACT F06 — person-169183 has base color coral.
Day 0: FACT F07 — person-133836 has base color blue.
Day 6: unrelated weather report 6.
Day 8: FACT F08 — person-517640 has base color coral.
Day 9: FACT F09 — person-169183 has base color blue.
Day 6: unrelated weather report 5.
Day 8: unrelated weather report 1.","{'answer': 'blue', 'fact_id': 'F09', 'entity': 'person-169183'}",valid
MEMO-00125-a27bc9,memory,train,5,What is the most recently confirmed base color of person-448482? Return JSON with answer and fact_id. Ignore drafts and unrelated reports.,"Long archive note: unrelated historical detail; unrelated historical detail; unrelated historical detail; unrelated historical detail; unrelated historical detail; unrelated historical detail; unrelated historical detail; unrelated historical detail; unrelated historical detail; unrelated historical detail; unrelated historical detail; unrelated historical detail; unrelated historical detail; unrelated historical detail; unrelated historical detail; unrelated historical detail; unrelated historical detail; unrelated historical detail; 
A draft says person-448482 might use a different color; drafts are not facts.
Day 13: unrelated weather report 4.
Day 30: unrelated weather report 2.
Contradictory earlier report: person-448482 was once listed as violet; use the latest confirmed fact.
Day 30: unrelated weather report 6.
Day 7: unrelated weather report 10.
Contradictory earlier report: person-372132 was once listed as green; use the latest confirmed fact.
Contradictory earlier report: person-928958 was once listed as amber; use the latest confirmed fact.
Day 0: FACT F01 — person-928958 has base color amber.
Day 15: unrelated weather report 9.
Day 5: unrelated weather report 1.
Day 0: FACT F02 — person-372132 has base color green.
Day 23: unrelated weather report 3.
Day 23: unrelated weather report 5.
Day 25: unrelated weather report 7.
Day 10: unrelated weather report 8.
Day 0: FACT F03 — person-448482 has base color violet.
Day 0: FACT F04 — person-126786 has base color amber.
Day 0: FACT F05 — person-928958 has base color indigo.
Day 0: FACT F06 — person-372132 has base color indigo.
Day 0: FACT F07 — person-448482 has base color violet.
Day 0: FACT F08 — person-126786 has base color violet.
Day 0: FACT F09 — person-928958 has base color amber.
Day 0: FACT F10 — person-372132 has base color blue.
Day 31: FACT F11 — person-928958 has base color green.
Day 32: FACT F12 — person-372132 has base color amber.
Day 33: FACT F13 — person-448482 has base color indigo.","{'answer': 'indigo', 'fact_id': 'F13', 'entity': 'person-448482'}",valid
MEMO-00126-1e1422,memory,train,1,What is the most recently confirmed base color of person-775787? Return JSON with answer and fact_id. Ignore drafts and unrelated reports.,"Day 0: FACT F01 — person-958906 has base color violet.
Day 0: FACT F02 — person-775787 has base color violet.","{'answer': 'violet', 'fact_id': 'F02', 'entity': 'person-775787'}",valid
MEMO-00127-0d85c8,memory,train,2,What is the most recently confirmed base color of person-911196? Return JSON with answer and fact_id. Ignore drafts and unrelated reports.,"Day 0: FACT F01 — person-181013 has base color indigo.
Day 0: unrelated weather report 1.
Day 0: FACT F02 — person-380782 has base color green.
Day 0: FACT F03 — person-911196 has base color amber.","{'answer': 'amber', 'fact_id': 'F03', 'entity': 'person-911196'}",valid
MEMO-00128-917883,memory,train,3,What is the most recently confirmed base color of person-701094? Return JSON with answer and fact_id. Ignore drafts and unrelated reports.,"Day 3: unrelated weather report 3.
Contradictory earlier report: person-701094 was once listed as coral; use the latest confirmed fact.
Day 0: unrelated weather report 2.
Day 0: FACT F01 — person-701094 has base color coral.
Day 0: FACT F02 — person-938629 has base color indigo.
Day 0: FACT F03 — person-864856 has base color amber.
Day 0: unrelated weather report 1.
Day 0: FACT F04 — person-701094 has base color violet.
Day 0: FACT F05 — person-938629 has base color green.
Day 4: FACT F06 — person-701094 has base color green.","{'answer': 'green', 'fact_id': 'F06', 'entity': 'person-701094'}",valid
MEMO-00129-492afb,memory,train,4,What is the most recently confirmed base color of person-532960? Return JSON with answer and fact_id. Ignore drafts and unrelated reports.,"A draft says person-532960 might use a different color; drafts are not facts.
Contradictory earlier report: person-532960 was once listed as amber; use the latest confirmed fact.
Day 7: unrelated weather report 5.
Contradictory earlier report: person-105454 was once listed as green; use the latest confirmed fact.
Day 5: unrelated weather report 1.
Day 0: FACT F01 — person-105454 has base color green.
Day 0: FACT F02 — person-532960 has base color amber.
Day 0: FACT F03 — person-897270 has base color green.
Day 0: FACT F04 — person-366945 has base color indigo.
Day 2: unrelated weather report 6.
Day 3: unrelated weather report 2.
Day 0: FACT F05 — person-105454 has base color indigo.
Day 0: FACT F06 — person-532960 has base color blue.
Day 4: unrelated weather report 4.
Day 6: unrelated weather report 3.
Day 0: FACT F07 — person-897270 has base color indigo.
Day 8: FACT F08 — person-105454 has base color blue.
Day 9: FACT F09 — person-532960 has base color blue.","{'answer': 'blue', 'fact_id': 'F09', 'entity': 'person-532960'}",valid
MEMO-00130-f2089d,memory,train,5,What is the most recently confirmed base color of person-458948? Return JSON with answer and fact_id. Ignore drafts and unrelated reports.,"Long archive note: unrelated historical detail; unrelated historical detail; unrelated historical detail; unrelated historical detail; unrelated historical detail; unrelated historical detail; unrelated historical detail; unrelated historical detail; unrelated historical detail; unrelated historical detail; unrelated historical detail; unrelated historical detail; unrelated historical detail; unrelated historical detail; unrelated historical detail; unrelated historical detail; unrelated historical detail; unrelated historical detail; 
A draft says person-458948 might use a different color; drafts are not facts.
Day 21: unrelated weather report 4.
Contradictory earlier report: person-458948 was once listed as indigo; use the latest confirmed fact.
Contradictory earlier report: person-911669 was once listed as violet; use the latest confirmed fact.
Contradictory earlier report: person-906225 was once listed as green; use the latest confirmed fact.
Day 15: unrelated weather report 10.
Day 5: unrelated weather report 2.
Day 2: unrelated weather report 6.
Day 0: FACT F01 — person-906225 has base color green.
Day 0: FACT F02 — person-911669 has base color violet.
Day 21: unrelated weather report 8.
Day 23: unrelated weather report 9.
Day 18: unrelated weather report 7.
Day 0: FACT F03 — person-458948 has base color indigo.
Day 0: FACT F04 — person-668969 has base color coral.
Day 0: FACT F05 — person-906225 has base color blue.
Day 0: FACT F06 — person-911669 has base color violet.
Day 0: FACT F07 — person-458948 has base color blue.
Day 0: FACT F08 — person-668969 has base color blue.
Day 21: unrelated weather report 3.
Day 0: FACT F09 — person-906225 has base color blue.
Day 0: FACT F10 — person-911669 has base color coral.
Day 7: unrelated weather report 1.
Day 19: unrelated weather report 5.
Day 31: FACT F11 — person-906225 has base color violet.
Day 32: FACT F12 — person-911669 has base color blue.
Day 33: FACT F13 — person-458948 has base color violet.","{'answer': 'violet', 'fact_id': 'F13', 'entity': 'person-458948'}",valid
MEMO-00131-72553a,memory,train,1,What is the most recently confirmed base color of person-404164? Return JSON with answer and fact_id. Ignore drafts and unrelated reports.,"Day 0: FACT F01 — person-789302 has base color coral.
Day 0: FACT F02 — person-404164 has base color coral.","{'answer': 'coral', 'fact_id': 'F02', 'entity': 'person-404164'}",valid
MEMO-00132-497a9b,memory,train,2,What is the most recently confirmed base color of person-487550? Return JSON with answer and fact_id. Ignore drafts and unrelated reports.,"Day 0: FACT F01 — person-773518 has base color amber.
Day 2: unrelated weather report 1.
Day 0: FACT F02 — person-410166 has base color indigo.
Day 0: FACT F03 — person-487550 has base color indigo.","{'answer': 'indigo', 'fact_id': 'F03', 'entity': 'person-487550'}",valid
MEMO-00133-7df5b5,memory,train,3,What is the most recently confirmed base color of person-871019? Return JSON with answer and fact_id. Ignore drafts and unrelated reports.,"Contradictory earlier report: person-871019 was once listed as amber; use the latest confirmed fact.
Day 0: FACT F01 — person-871019 has base color amber.
Day 2: unrelated weather report 2.
Day 0: FACT F02 — person-932016 has base color indigo.
Day 0: FACT F03 — person-904617 has base color coral.
Day 0: FACT F04 — person-871019 has base color green.
Day 1: unrelated weather report 3.
Day 0: FACT F05 — person-932016 has base color coral.
Day 4: FACT F06 — person-871019 has base color blue.
Day 4: unrelated weather report 1.","{'answer': 'blue', 'fact_id': 'F06', 'entity': 'person-871019'}",valid
MEMO-00134-493d00,memory,train,4,What is the most recently confirmed base color of person-797329? Return JSON with answer and fact_id. Ignore drafts and unrelated reports.,"A draft says person-797329 might use a different color; drafts are not facts.
Day 7: unrelated weather report 6.
Contradictory earlier report: person-797329 was once listed as amber; use the latest confirmed fact.
Contradictory earlier report: person-955484 was once listed as amber; use the latest confirmed fact.
Day 0: FACT F01 — person-955484 has base color amber.
Day 7: unrelated weather report 4.
Day 6: unrelated weather report 3.
Day 3: unrelated weather report 1.
Day 0: FACT F02 — person-797329 has base color amber.
Day 0: FACT F03 — person-224732 has base color blue.
Day 0: FACT F04 — person-803869 has base color violet.
Day 0: unrelated weather report 5.
Day 0: FACT F05 — person-955484 has base color violet.
Day 0: FACT F06 — person-797329 has base color violet.
Day 0: FACT F07 — person-224732 has base color violet.
Day 8: FACT F08 — person-955484 has base color blue.
Day 8: unrelated weather report 2.
Day 9: FACT F09 — person-797329 has base color indigo.","{'answer': 'indigo', 'fact_id': 'F09', 'entity': 'person-797329'}",valid
MEMO-00135-a40efb,memory,train,5,What is the most recently confirmed base color of person-210960? Return JSON with answer and fact_id. Ignore drafts and unrelated reports.,"Long archive note: unrelated historical detail; unrelated historical detail; unrelated historical detail; unrelated historical detail; unrelated historical detail; unrelated historical detail; unrelated historical detail; unrelated historical detail; unrelated historical detail; unrelated historical detail; unrelated historical detail; unrelated historical detail; unrelated historical detail; unrelated historical detail; unrelated historical detail; unrelated historical detail; unrelated historical detail; unrelated historical detail; 
A draft says person-210960 might use a different color; drafts are not facts.
Day 11: unrelated weather report 10.
Contradictory earlier report: person-210960 was once listed as coral; use the latest confirmed fact.
Contradictory earlier report: person-809007 was once listed as blue; use the latest confirmed fact.
Contradictory earlier report: person-214365 was once listed as coral; use the latest confirmed fact.
Day 0: FACT F01 — person-214365 has base color coral.
Day 24: unrelated weather report 6.
Day 16: unrelated weather report 7.
Day 0: FACT F02 — person-809007 has base color blue.
Day 8: unrelated weather report 5.
Day 0: FACT F03 — person-210960 has base color coral.
Day 0: FACT F04 — person-265275 has base color indigo.
Day 0: FACT F05 — person-214365 has base color blue.
Day 24: unrelated weather report 3.
Day 0: FACT F06 — person-809007 has base color coral.
Day 27: unrelated weather report 1.
Day 0: FACT F07 — person-210960 has base color coral.
Day 0: FACT F08 — person-265275 has base color indigo.
Day 0: FACT F09 — person-214365 has base color violet.
Day 9: unrelated weather report 4.
Day 0: FACT F10 — person-809007 has base color amber.
Day 31: FACT F11 — person-214365 has base color indigo.
Day 28: unrelated weather report 2.
Day 19: unrelated weather report 9.
Day 32: FACT F12 — person-809007 has base color green.
Day 33: FACT F13 — person-210960 has base color amber.
Day 24: unrelated weather report 8.","{'answer': 'amber', 'fact_id': 'F13', 'entity': 'person-210960'}",valid
MEMO-00136-0d05a6,memory,train,1,What is the most recently confirmed base color of person-826552? Return JSON with answer and fact_id. Ignore drafts and unrelated reports.,"Day 0: FACT F01 — person-834722 has base color coral.
Day 0: FACT F02 — person-826552 has base color coral.","{'answer': 'coral', 'fact_id': 'F02', 'entity': 'person-826552'}",valid
MEMO-00137-3e1f03,memory,train,2,What is the most recently confirmed base color of person-799829? Return JSON with answer and fact_id. Ignore drafts and unrelated reports.,"Day 0: FACT F01 — person-332850 has base color blue.
Day 0: FACT F02 — person-337719 has base color indigo.
Day 0: FACT F03 — person-799829 has base color indigo.
Day 1: unrelated weather report 1.","{'answer': 'indigo', 'fact_id': 'F03', 'entity': 'person-799829'}",valid
MEMO-00138-437e7a,memory,train,3,What is the most recently confirmed base color of person-554504? Return JSON with answer and fact_id. Ignore drafts and unrelated reports.,"Day 1: unrelated weather report 1.
Contradictory earlier report: person-554504 was once listed as indigo; use the latest confirmed fact.
Day 0: FACT F01 — person-554504 has base color indigo.
Day 0: unrelated weather report 3.
Day 0: FACT F02 — person-869922 has base color violet.
Day 0: FACT F03 — person-639712 has base color coral.
Day 0: FACT F04 — person-554504 has base color blue.
Day 0: FACT F05 — person-869922 has base color indigo.
Day 3: unrelated weather report 2.
Day 4: FACT F06 — person-554504 has base color coral.","{'answer': 'coral', 'fact_id': 'F06', 'entity': 'person-554504'}",valid
MEMO-00139-070fc5,memory,train,4,What is the most recently confirmed base color of person-258211? Return JSON with answer and fact_id. Ignore drafts and unrelated reports.,"A draft says person-258211 might use a different color; drafts are not facts.
Contradictory earlier report: person-258211 was once listed as indigo; use the latest confirmed fact.
Contradictory earlier report: person-305589 was once listed as amber; use the latest confirmed fact.
Day 0: FACT F01 — person-305589 has base color amber.
Day 5: unrelated weather report 3.
Day 0: FACT F02 — person-258211 has base color indigo.
Day 0: FACT F03 — person-536419 has base color coral.
Day 0: unrelated weather report 6.
Day 0: FACT F04 — person-237626 has base color amber.
Day 0: FACT F05 — person-305589 has base color indigo.
Day 0: FACT F06 — person-258211 has base color indigo.
Day 2: unrelated weather report 4.
Day 0: FACT F07 — person-536419 has base color indigo.
Day 8: FACT F08 — person-305589 has base color green.
Day 8: unrelated weather report 2.
Day 9: FACT F09 — person-258211 has base color coral.
Day 2: unrelated weather report 5.
Day 3: unrelated weather report 1.","{'answer': 'coral', 'fact_id': 'F09', 'entity': 'person-258211'}",valid
MEMO-00140-792c9c,memory,train,5,What is the most recently confirmed base color of person-239370? Return JSON with answer and fact_id. Ignore drafts and unrelated reports.,"Long archive note: unrelated historical detail; unrelated historical detail; unrelated historical detail; unrelated historical detail; unrelated historical detail; unrelated historical detail; unrelated historical detail; unrelated historical detail; unrelated historical detail; unrelated historical detail; unrelated historical detail; unrelated historical detail; unrelated historical detail; unrelated historical detail; unrelated historical detail; unrelated historical detail; unrelated historical detail; unrelated historical detail; 
A draft says person-239370 might use a different color; drafts are not facts.
Contradictory earlier report: person-239370 was once listed as green; use the latest confirmed fact.
Contradictory earlier report: person-705998 was once listed as indigo; use the latest confirmed fact.
Contradictory earlier report: person-522543 was once listed as green; use the latest confirmed fact.
Day 4: unrelated weather report 6.
Day 2: unrelated weather report 10.
Day 0: FACT F01 — person-522543 has base color green.
Day 0: FACT F02 — person-705998 has base color indigo.
Day 23: unrelated weather report 8.
Day 6: unrelated weather report 5.
Day 0: FACT F03 — person-239370 has base color green.
Day 13: unrelated weather report 9.
Day 0: FACT F04 — person-603836 has base color violet.
Day 0: FACT F05 — person-522543 has base color green.
Day 18: unrelated weather report 4.
Day 0: FACT F06 — person-705998 has base color green.
Day 0: FACT F07 — person-239370 has base color indigo.
Day 7: unrelated weather report 7.
Day 14: unrelated weather report 2.
Day 0: FACT F08 — person-603836 has base color blue.
Day 0: FACT F09 — person-522543 has base color indigo.
Day 0: FACT F10 — person-705998 has base color amber.
Day 31: FACT F11 — person-522543 has base color blue.
Day 14: unrelated weather report 1.
Day 32: FACT F12 — person-705998 has base color amber.
Day 14: unrelated weather report 3.
Day 33: FACT F13 — person-239370 has base color indigo.","{'answer': 'indigo', 'fact_id': 'F13', 'entity': 'person-239370'}",valid
MEMO-00141-71936b,memory,train,1,What is the most recently confirmed base color of person-530324? Return JSON with answer and fact_id. Ignore drafts and unrelated reports.,"Day 0: FACT F01 — person-111017 has base color green.
Day 0: FACT F02 — person-530324 has base color violet.","{'answer': 'violet', 'fact_id': 'F02', 'entity': 'person-530324'}",valid
MEMO-00142-ae41ee,memory,train,2,What is the most recently confirmed base color of person-289166? Return JSON with answer and fact_id. Ignore drafts and unrelated reports.,"Day 0: FACT F01 — person-503411 has base color violet.
Day 0: unrelated weather report 1.
Day 0: FACT F02 — person-503994 has base color coral.
Day 0: FACT F03 — person-289166 has base color blue.","{'answer': 'blue', 'fact_id': 'F03', 'entity': 'person-289166'}",valid
MEMO-00143-11db3e,memory,train,3,What is the most recently confirmed base color of person-139658? Return JSON with answer and fact_id. Ignore drafts and unrelated reports.,"Contradictory earlier report: person-139658 was once listed as green; use the latest confirmed fact.
Day 3: unrelated weather report 1.
Day 0: FACT F01 — person-139658 has base color green.
Day 1: unrelated weather report 3.
Day 0: FACT F02 — person-123343 has base color coral.
Day 0: FACT F03 — person-426943 has base color green.
Day 0: unrelated weather report 2.
Day 0: FACT F04 — person-139658 has base color violet.
Day 0: FACT F05 — person-123343 has base color green.
Day 4: FACT F06 — person-139658 has base color violet.","{'answer': 'violet', 'fact_id': 'F06', 'entity': 'person-139658'}",valid
MEMO-00144-f57b44,memory,train,4,What is the most recently confirmed base color of person-983856? Return JSON with answer and fact_id. Ignore drafts and unrelated reports.,"A draft says person-983856 might use a different color; drafts are not facts.
Contradictory earlier report: person-983856 was once listed as violet; use the latest confirmed fact.
Contradictory earlier report: person-955932 was once listed as violet; use the latest confirmed fact.
Day 7: unrelated weather report 6.
Day 0: FACT F01 — person-955932 has base color violet.
Day 0: FACT F02 — person-983856 has base color violet.
Day 0: FACT F03 — person-254567 has base color violet.
Day 0: FACT F04 — person-686968 has base color indigo.
Day 0: FACT F05 — person-955932 has base color amber.
Day 3: unrelated weather report 4.
Day 0: FACT F06 — person-983856 has base color blue.
Day 4: unrelated weather report 5.
Day 0: FACT F07 — person-254567 has base color green.
Day 1: unrelated weather report 2.
Day 3: unrelated weather report 1.
Day 8: FACT F08 — person-955932 has base color indigo.
Day 8: unrelated weather report 3.
Day 9: FACT F09 — person-983856 has base color indigo.","{'answer': 'indigo', 'fact_id': 'F09', 'entity': 'person-983856'}",valid
MEMO-00145-a942f9,memory,train,5,What is the most recently confirmed base color of person-171133? Return JSON with answer and fact_id. Ignore drafts and unrelated reports.,"Long archive note: unrelated historical detail; unrelated historical detail; unrelated historical detail; unrelated historical detail; unrelated historical detail; unrelated historical detail; unrelated historical detail; unrelated historical detail; unrelated historical detail; unrelated historical detail; unrelated historical detail; unrelated historical detail; unrelated historical detail; unrelated historical detail; unrelated historical detail; unrelated historical detail; unrelated historical detail; unrelated historical detail; 
A draft says person-171133 might use a different color; drafts are not facts.
Contradictory earlier report: person-171133 was once listed as coral; use the latest confirmed fact.
Day 6: unrelated weather report 7.
Day 1: unrelated weather report 6.
Contradictory earlier report: person-298739 was once listed as coral; use the latest confirmed fact.
Contradictory earlier report: person-240342 was once listed as coral; use the latest confirmed fact.
Day 0: FACT F01 — person-240342 has base color coral.
Day 0: FACT F02 — person-298739 has base color coral.
Day 0: FACT F03 — person-171133 has base color coral.
Day 0: FACT F04 — person-397473 has base color coral.
Day 0: FACT F05 — person-240342 has base color green.
Day 18: unrelated weather report 10.
Day 0: FACT F06 — person-298739 has base color blue.
Day 30: unrelated weather report 1.
Day 0: FACT F07 — person-171133 has base color coral.
Day 0: FACT F08 — person-397473 has base color violet.
Day 0: unrelated weather report 8.
Day 8: unrelated weather report 9.
Day 27: unrelated weather report 2.
Day 0: FACT F09 — person-240342 has base color indigo.
Day 10: unrelated weather report 5.
Day 0: FACT F10 — person-298739 has base color indigo.
Day 31: FACT F11 — person-240342 has base color indigo.
Day 32: FACT F12 — person-298739 has base color blue.
Day 33: FACT F13 — person-171133 has base color amber.
Day 2: unrelated weather report 4.
Day 25: unrelated weather report 3.","{'answer': 'amber', 'fact_id': 'F13', 'entity': 'person-171133'}",valid
MEMO-00146-f64243,memory,train,1,What is the most recently confirmed base color of person-167097? Return JSON with answer and fact_id. Ignore drafts and unrelated reports.,"Day 0: FACT F01 — person-658888 has base color blue.
Day 0: FACT F02 — person-167097 has base color coral.","{'answer': 'coral', 'fact_id': 'F02', 'entity': 'person-167097'}",valid
MEMO-00147-585e2b,memory,train,2,What is the most recently confirmed base color of person-985955? Return JSON with answer and fact_id. Ignore drafts and unrelated reports.,"Day 0: FACT F01 — person-865318 has base color green.
Day 0: unrelated weather report 1.
Day 0: FACT F02 — person-345947 has base color amber.
Day 0: FACT F03 — person-985955 has base color green.","{'answer': 'green', 'fact_id': 'F03', 'entity': 'person-985955'}",valid
MEMO-00148-b25b20,memory,train,3,What is the most recently confirmed base color of person-688237? Return JSON with answer and fact_id. Ignore drafts and unrelated reports.,"Day 0: unrelated weather report 2.
Day 3: unrelated weather report 1.
Contradictory earlier report: person-688237 was once listed as green; use the latest confirmed fact.
Day 4: unrelated weather report 3.
Day 0: FACT F01 — person-688237 has base color green.
Day 0: FACT F02 — person-563745 has base color indigo.
Day 0: FACT F03 — person-619806 has base color violet.
Day 0: FACT F04 — person-688237 has base color indigo.
Day 0: FACT F05 — person-563745 has base color green.
Day 4: FACT F06 — person-688237 has base color blue.","{'answer': 'blue', 'fact_id': 'F06', 'entity': 'person-688237'}",valid
MEMO-00149-b23a78,memory,train,4,What is the most recently confirmed base color of person-257871? Return JSON with answer and fact_id. Ignore drafts and unrelated reports.,"A draft says person-257871 might use a different color; drafts are not facts.
Contradictory earlier report: person-257871 was once listed as violet; use the latest confirmed fact.
Contradictory earlier report: person-249218 was once listed as green; use the latest confirmed fact.
Day 7: unrelated weather report 4.
Day 0: FACT F01 — person-249218 has base color green.
Day 0: FACT F02 — person-257871 has base color violet.
Day 0: FACT F03 — person-108878 has base color indigo.
Day 0: FACT F04 — person-104685 has base color violet.
Day 3: unrelated weather report 3.
Day 6: unrelated weather report 2.
Day 0: FACT F05 — person-249218 has base color violet.
Day 0: FACT F06 — person-257871 has base color amber.
Day 0: FACT F07 — person-108878 has base color blue.
Day 2: unrelated weather report 6.
Day 8: FACT F08 — person-249218 has base color blue.
Day 9: FACT F09 — person-257871 has base color coral.
Day 1: unrelated weather report 1.
Day 5: unrelated weather report 5.","{'answer': 'coral', 'fact_id': 'F09', 'entity': 'person-257871'}",valid
MEMO-00150-fcc345,memory,train,5,What is the most recently confirmed base color of person-848189? Return JSON with answer and fact_id. Ignore drafts and unrelated reports.,"Long archive note: unrelated historical detail; unrelated historical detail; unrelated historical detail; unrelated historical detail; unrelated historical detail; unrelated historical detail; unrelated historical detail; unrelated historical detail; unrelated historical detail; unrelated historical detail; unrelated historical detail; unrelated historical detail; unrelated historical detail; unrelated historical detail; unrelated historical detail; unrelated historical detail; unrelated historical detail; unrelated historical detail; 
A draft says person-848189 might use a different color; drafts are not facts.
Day 8: unrelated weather report 5.
Day 18: unrelated weather report 1.
Day 30: unrelated weather report 7.
Contradictory earlier report: person-848189 was once listed as indigo; use the latest confirmed fact.
Day 19: unrelated weather report 8.
Contradictory earlier report: person-174493 was once listed as green; use the latest confirmed fact.
Contradictory earlier report: person-940199 was once listed as green; use the latest confirmed fact.
Day 7: unrelated weather report 2.
Day 0: FACT F01 — person-940199 has base color green.
Day 0: FACT F02 — person-174493 has base color green.
Day 0: FACT F03 — person-848189 has base color indigo.
Day 7: unrelated weather report 3.
Day 0: FACT F04 — person-987217 has base color coral.
Day 0: FACT F05 — person-940199 has base color violet.
Day 0: FACT F06 — person-174493 has base color coral.
Day 18: unrelated weather report 9.
Day 0: FACT F07 — person-848189 has base color green.
Day 0: FACT F08 — person-987217 has base color coral.
Day 29: unrelated weather report 10.
Day 0: FACT F09 — person-940199 has base color amber.
Day 9: unrelated weather report 4.
Day 0: FACT F10 — person-174493 has base color coral.
Day 31: FACT F11 — person-940199 has base color amber.
Day 32: FACT F12 — person-174493 has base color indigo.
Day 33: FACT F13 — person-848189 has base color green.
Day 29: unrelated weather report 6.","{'answer': 'green', 'fact_id': 'F13', 'entity': 'person-848189'}",valid
MEMO-00151-a7777d,memory,train,1,What is the most recently confirmed base color of person-496402? Return JSON with answer and fact_id. Ignore drafts and unrelated reports.,"Day 0: FACT F01 — person-167534 has base color amber.
Day 0: FACT F02 — person-496402 has base color violet.","{'answer': 'violet', 'fact_id': 'F02', 'entity': 'person-496402'}",valid
MEMO-00152-5a9755,memory,train,2,What is the most recently confirmed base color of person-355770? Return JSON with answer and fact_id. Ignore drafts and unrelated reports.,"Day 2: unrelated weather report 1.
Day 0: FACT F01 — person-758893 has base color amber.
Day 0: FACT F02 — person-254745 has base color green.
Day 0: FACT F03 — person-355770 has base color coral.","{'answer': 'coral', 'fact_id': 'F03', 'entity': 'person-355770'}",valid
MEMO-00153-de8586,memory,train,3,What is the most recently confirmed base color of person-185720? Return JSON with answer and fact_id. Ignore drafts and unrelated reports.,"Contradictory earlier report: person-185720 was once listed as blue; use the latest confirmed fact.
Day 0: FACT F01 — person-185720 has base color blue.
Day 3: unrelated weather report 1.
Day 0: FACT F02 — person-793157 has base color violet.
Day 0: FACT F03 — person-794309 has base color amber.
Day 0: FACT F04 — person-185720 has base color green.
Day 3: unrelated weather report 3.
Day 0: FACT F05 — person-793157 has base color blue.
Day 4: FACT F06 — person-185720 has base color green.
Day 0: unrelated weather report 2.","{'answer': 'green', 'fact_id': 'F06', 'entity': 'person-185720'}",valid
MEMO-00154-9c88a7,memory,train,4,What is the most recently confirmed base color of person-880137? Return JSON with answer and fact_id. Ignore drafts and unrelated reports.,"A draft says person-880137 might use a different color; drafts are not facts.
Contradictory earlier report: person-880137 was once listed as violet; use the latest confirmed fact.
Contradictory earlier report: person-212146 was once listed as amber; use the latest confirmed fact.
Day 0: FACT F01 — person-212146 has base color amber.
Day 0: FACT F02 — person-880137 has base color violet.
Day 3: unrelated weather report 4.
Day 0: FACT F03 — person-458293 has base color coral.
Day 0: FACT F04 — person-400187 has base color violet.
Day 7: unrelated weather report 1.
Day 0: FACT F05 — person-212146 has base color amber.
Day 0: FACT F06 — person-880137 has base color indigo.
Day 0: FACT F07 — person-458293 has base color violet.
Day 1: unrelated weather report 2.
Day 5: unrelated weather report 3.
Day 8: FACT F08 — person-212146 has base color indigo.
Day 9: FACT F09 — person-880137 has base color coral.
Day 6: unrelated weather report 6.
Day 2: unrelated weather report 5.","{'answer': 'coral', 'fact_id': 'F09', 'entity': 'person-880137'}",valid
MEMO-00155-752f31,memory,train,5,What is the most recently confirmed base color of person-587694? Return JSON with answer and fact_id. Ignore drafts and unrelated reports.,"Long archive note: unrelated historical detail; unrelated historical detail; unrelated historical detail; unrelated historical detail; unrelated historical detail; unrelated historical detail; unrelated historical detail; unrelated historical detail; unrelated historical detail; unrelated historical detail; unrelated historical detail; unrelated historical detail; unrelated historical detail; unrelated historical detail; unrelated historical detail; unrelated historical detail; unrelated historical detail; unrelated historical detail; 
A draft says person-587694 might use a different color; drafts are not facts.
Contradictory earlier report: person-587694 was once listed as violet; use the latest confirmed fact.
Day 6: unrelated weather report 5.
Day 8: unrelated weather report 3.
Contradictory earlier report: person-578671 was once listed as blue; use the latest confirmed fact.
Contradictory earlier report: person-732447 was once listed as green; use the latest confirmed fact.
Day 0: FACT F01 — person-732447 has base color green.
Day 17: unrelated weather report 7.
Day 0: FACT F02 — person-578671 has base color blue.
Day 10: unrelated weather report 6.
Day 0: FACT F03 — person-587694 has base color violet.
Day 0: FACT F04 — person-613193 has base color amber.
Day 0: FACT F05 — person-732447 has base color green.
Day 13: unrelated weather report 10.
Day 0: FACT F06 — person-578671 has base color coral.
Day 0: FACT F07 — person-587694 has base color coral.
Day 0: FACT F08 — person-613193 has base color amber.
Day 0: FACT F09 — person-732447 has base color indigo.
Day 0: FACT F10 — person-578671 has base color amber.
Day 2: unrelated weather report 1.
Day 31: FACT F11 — person-732447 has base color violet.
Day 20: unrelated weather report 4.
Day 32: FACT F12 — person-578671 has base color amber.
Day 11: unrelated weather report 2.
Day 33: FACT F13 — person-587694 has base color coral.
Day 7: unrelated weather report 8.
Day 22: unrelated weather report 9.","{'answer': 'coral', 'fact_id': 'F13', 'entity': 'person-587694'}",valid
MEMO-00156-9a9b75,memory,train,1,What is the most recently confirmed base color of person-108323? Return JSON with answer and fact_id. Ignore drafts and unrelated reports.,"Day 0: FACT F01 — person-856292 has base color blue.
Day 0: FACT F02 — person-108323 has base color indigo.","{'answer': 'indigo', 'fact_id': 'F02', 'entity': 'person-108323'}",valid
MEMO-00157-0947f1,memory,train,2,What is the most recently confirmed base color of person-428199? Return JSON with answer and fact_id. Ignore drafts and unrelated reports.,"Day 0: FACT F01 — person-162855 has base color coral.
Day 0: FACT F02 — person-499629 has base color violet.
Day 2: unrelated weather report 1.
Day 0: FACT F03 — person-428199 has base color violet.","{'answer': 'violet', 'fact_id': 'F03', 'entity': 'person-428199'}",valid
MEMO-00158-f5e842,memory,train,3,What is the most recently confirmed base color of person-763692? Return JSON with answer and fact_id. Ignore drafts and unrelated reports.,"Day 4: unrelated weather report 2.
Contradictory earlier report: person-763692 was once listed as violet; use the latest confirmed fact.
Day 0: unrelated weather report 1.
Day 0: FACT F01 — person-763692 has base color violet.
Day 2: unrelated weather report 3.
Day 0: FACT F02 — person-911211 has base color amber.
Day 0: FACT F03 — person-554753 has base color green.
Day 0: FACT F04 — person-763692 has base color violet.
Day 0: FACT F05 — person-911211 has base color blue.
Day 4: FACT F06 — person-763692 has base color coral.","{'answer': 'coral', 'fact_id': 'F06', 'entity': 'person-763692'}",valid
MEMO-00159-d5d9a4,memory,train,4,What is the most recently confirmed base color of person-857435? Return JSON with answer and fact_id. Ignore drafts and unrelated reports.,"A draft says person-857435 might use a different color; drafts are not facts.
Contradictory earlier report: person-857435 was once listed as blue; use the latest confirmed fact.
Contradictory earlier report: person-123955 was once listed as green; use the latest confirmed fact.
Day 0: FACT F01 — person-123955 has base color green.
Day 0: FACT F02 — person-857435 has base color blue.
Day 0: FACT F03 — person-400566 has base color indigo.
Day 0: FACT F04 — person-163011 has base color coral.
Day 2: unrelated weather report 6.
Day 8: unrelated weather report 4.
Day 0: FACT F05 — person-123955 has base color green.
Day 1: unrelated weather report 3.
Day 0: FACT F06 — person-857435 has base color coral.
Day 0: unrelated weather report 1.
Day 0: FACT F07 — person-400566 has base color coral.
Day 7: unrelated weather report 2.
Day 5: unrelated weather report 5.
Day 8: FACT F08 — person-123955 has base color amber.
Day 9: FACT F09 — person-857435 has base color amber.","{'answer': 'amber', 'fact_id': 'F09', 'entity': 'person-857435'}",valid
MEMO-00160-42dd08,memory,train,5,What is the most recently confirmed base color of person-438275? Return JSON with answer and fact_id. Ignore drafts and unrelated reports.,"Long archive note: unrelated historical detail; unrelated historical detail; unrelated historical detail; unrelated historical detail; unrelated historical detail; unrelated historical detail; unrelated historical detail; unrelated historical detail; unrelated historical detail; unrelated historical detail; unrelated historical detail; unrelated historical detail; unrelated historical detail; unrelated historical detail; unrelated historical detail; unrelated historical detail; unrelated historical detail; unrelated historical detail; 
A draft says person-438275 might use a different color; drafts are not facts.
Day 17: unrelated weather report 6.
Day 12: unrelated weather report 7.
Day 19: unrelated weather report 4.
Contradictory earlier report: person-438275 was once listed as green; use the latest confirmed fact.
Contradictory earlier report: person-955103 was once listed as blue; use the latest confirmed fact.
Contradictory earlier report: person-432843 was once listed as blue; use the latest confirmed fact.
Day 0: FACT F01 — person-432843 has base color blue.
Day 0: FACT F02 — person-955103 has base color blue.
Day 0: FACT F03 — person-438275 has base color green.
Day 11: unrelated weather report 1.
Day 16: unrelated weather report 9.
Day 16: unrelated weather report 2.
Day 24: unrelated weather report 8.
Day 0: FACT F04 — person-988409 has base color amber.
Day 0: FACT F05 — person-432843 has base color coral.
Day 0: FACT F06 — person-955103 has base color indigo.
Day 0: FACT F07 — person-438275 has base color coral.
Day 0: FACT F08 — person-988409 has base color blue.
Day 0: FACT F09 — person-432843 has base color violet.
Day 0: FACT F10 — person-955103 has base color indigo.
Day 0: unrelated weather report 5.
Day 3: unrelated weather report 10.
Day 31: FACT F11 — person-432843 has base color amber.
Day 32: FACT F12 — person-955103 has base color green.
Day 10: unrelated weather report 3.
Day 33: FACT F13 — person-438275 has base color blue.","{'answer': 'blue', 'fact_id': 'F13', 'entity': 'person-438275'}",valid
MEMO-00161-3a6088,memory,train,1,What is the most recently confirmed base color of person-981929? Return JSON with answer and fact_id. Ignore drafts and unrelated reports.,"Day 0: FACT F01 — person-231556 has base color violet.
Day 0: FACT F02 — person-981929 has base color blue.","{'answer': 'blue', 'fact_id': 'F02', 'entity': 'person-981929'}",valid
MEMO-00162-492168,memory,train,2,What is the most recently confirmed base color of person-510501? Return JSON with answer and fact_id. Ignore drafts and unrelated reports.,"Day 0: FACT F01 — person-324024 has base color blue.
Day 0: FACT F02 — person-189711 has base color violet.
Day 0: FACT F03 — person-510501 has base color indigo.
Day 0: unrelated weather report 1.","{'answer': 'indigo', 'fact_id': 'F03', 'entity': 'person-510501'}",valid
MEMO-00163-bc9131,memory,train,3,What is the most recently confirmed base color of person-580502? Return JSON with answer and fact_id. Ignore drafts and unrelated reports.,"Day 3: unrelated weather report 3.
Contradictory earlier report: person-580502 was once listed as indigo; use the latest confirmed fact.
Day 0: FACT F01 — person-580502 has base color indigo.
Day 0: FACT F02 — person-606084 has base color violet.
Day 0: FACT F03 — person-136152 has base color green.
Day 4: unrelated weather report 2.
Day 0: FACT F04 — person-580502 has base color coral.
Day 0: FACT F05 — person-606084 has base color green.
Day 0: unrelated weather report 1.
Day 4: FACT F06 — person-580502 has base color violet.","{'answer': 'violet', 'fact_id': 'F06', 'entity': 'person-580502'}",valid
MEMO-00164-deb055,memory,train,4,What is the most recently confirmed base color of person-472642? Return JSON with answer and fact_id. Ignore drafts and unrelated reports.,"A draft says person-472642 might use a different color; drafts are not facts.
Contradictory earlier report: person-472642 was once listed as blue; use the latest confirmed fact.
Contradictory earlier report: person-612450 was once listed as green; use the latest confirmed fact.
Day 0: FACT F01 — person-612450 has base color green.
Day 0: FACT F02 — person-472642 has base color blue.
Day 0: FACT F03 — person-851290 has base color green.
Day 0: FACT F04 — person-274073 has base color coral.
Day 0: FACT F05 — person-612450 has base color amber.
Day 3: unrelated weather report 6.
Day 6: unrelated weather report 3.
Day 0: unrelated weather report 2.
Day 7: unrelated weather report 4.
Day 0: FACT F06 — person-472642 has base color blue.
Day 0: FACT F07 — person-851290 has base color indigo.
Day 8: FACT F08 — person-612450 has base color blue.
Day 7: unrelated weather report 1.
Day 3: unrelated weather report 5.
Day 9: FACT F09 — person-472642 has base color green.","{'answer': 'green', 'fact_id': 'F09', 'entity': 'person-472642'}",valid
MEMO-00165-ab0a85,memory,train,5,What is the most recently confirmed base color of person-338302? Return JSON with answer and fact_id. Ignore drafts and unrelated reports.,"Long archive note: unrelated historical detail; unrelated historical detail; unrelated historical detail; unrelated historical detail; unrelated historical detail; unrelated historical detail; unrelated historical detail; unrelated historical detail; unrelated historical detail; unrelated historical detail; unrelated historical detail; unrelated historical detail; unrelated historical detail; unrelated historical detail; unrelated historical detail; unrelated historical detail; unrelated historical detail; unrelated historical detail; 
A draft says person-338302 might use a different color; drafts are not facts.
Contradictory earlier report: person-338302 was once listed as coral; use the latest confirmed fact.
Contradictory earlier report: person-783385 was once listed as green; use the latest confirmed fact.
Day 19: unrelated weather report 3.
Day 30: unrelated weather report 4.
Day 22: unrelated weather report 5.
Contradictory earlier report: person-108488 was once listed as green; use the latest confirmed fact.
Day 4: unrelated weather report 6.
Day 0: FACT F01 — person-108488 has base color green.
Day 0: FACT F02 — person-783385 has base color green.
Day 2: unrelated weather report 2.
Day 0: FACT F03 — person-338302 has base color coral.
Day 0: FACT F04 — person-385432 has base color violet.
Day 0: FACT F05 — person-108488 has base color blue.
Day 0: FACT F06 — person-783385 has base color indigo.
Day 17: unrelated weather report 7.
Day 2: unrelated weather report 10.
Day 8: unrelated weather report 1.
Day 20: unrelated weather report 8.
Day 0: FACT F07 — person-338302 has base color amber.
Day 0: FACT F08 — person-385432 has base color coral.
Day 0: FACT F09 — person-108488 has base color amber.
Day 24: unrelated weather report 9.
Day 0: FACT F10 — person-783385 has base color blue.
Day 31: FACT F11 — person-108488 has base color indigo.
Day 32: FACT F12 — person-783385 has base color coral.
Day 33: FACT F13 — person-338302 has base color amber.","{'answer': 'amber', 'fact_id': 'F13', 'entity': 'person-338302'}",valid
MEMO-00166-1ab002,memory,train,1,What is the most recently confirmed base color of person-399145? Return JSON with answer and fact_id. Ignore drafts and unrelated reports.,"Day 0: FACT F01 — person-672178 has base color green.
Day 0: FACT F02 — person-399145 has base color blue.","{'answer': 'blue', 'fact_id': 'F02', 'entity': 'person-399145'}",valid
MEMO-00167-4b1627,memory,train,2,What is the most recently confirmed base color of person-357901? Return JSON with answer and fact_id. Ignore drafts and unrelated reports.,"Day 2: unrelated weather report 1.
Day 0: FACT F01 — person-278642 has base color coral.
Day 0: FACT F02 — person-509861 has base color coral.
Day 0: FACT F03 — person-357901 has base color green.","{'answer': 'green', 'fact_id': 'F03', 'entity': 'person-357901'}",valid
MEMO-00168-059a19,memory,train,3,What is the most recently confirmed base color of person-341690? Return JSON with answer and fact_id. Ignore drafts and unrelated reports.,"Contradictory earlier report: person-341690 was once listed as blue; use the latest confirmed fact.
Day 0: FACT F01 — person-341690 has base color blue.
Day 4: unrelated weather report 3.
Day 0: FACT F02 — person-693074 has base color violet.
Day 4: unrelated weather report 1.
Day 0: unrelated weather report 2.
Day 0: FACT F03 — person-931807 has base color blue.
Day 0: FACT F04 — person-341690 has base color green.
Day 0: FACT F05 — person-693074 has base color amber.
Day 4: FACT F06 — person-341690 has base color indigo.","{'answer': 'indigo', 'fact_id': 'F06', 'entity': 'person-341690'}",valid
MEMO-00169-2b8d9a,memory,train,4,What is the most recently confirmed base color of person-307351? Return JSON with answer and fact_id. Ignore drafts and unrelated reports.,"A draft says person-307351 might use a different color; drafts are not facts.
Contradictory earlier report: person-307351 was once listed as blue; use the latest confirmed fact.
Contradictory earlier report: person-401571 was once listed as amber; use the latest confirmed fact.
Day 2: unrelated weather report 1.
Day 0: FACT F01 — person-401571 has base color amber.
Day 0: FACT F02 — person-307351 has base color blue.
Day 0: FACT F03 — person-634538 has base color indigo.
Day 5: unrelated weather report 3.
Day 0: FACT F04 — person-534186 has base color green.
Day 3: unrelated weather report 2.
Day 0: FACT F05 — person-401571 has base color amber.
Day 0: FACT F06 — person-307351 has base color violet.
Day 4: unrelated weather report 5.
Day 4: unrelated weather report 6.
Day 0: FACT F07 — person-634538 has base color coral.
Day 2: unrelated weather report 4.
Day 8: FACT F08 — person-401571 has base color violet.
Day 9: FACT F09 — person-307351 has base color amber.","{'answer': 'amber', 'fact_id': 'F09', 'entity': 'person-307351'}",valid
MEMO-00170-bae1f4,memory,train,5,What is the most recently confirmed base color of person-371788? Return JSON with answer and fact_id. Ignore drafts and unrelated reports.,"Long archive note: unrelated historical detail; unrelated historical detail; unrelated historical detail; unrelated historical detail; unrelated historical detail; unrelated historical detail; unrelated historical detail; unrelated historical detail; unrelated historical detail; unrelated historical detail; unrelated historical detail; unrelated historical detail; unrelated historical detail; unrelated historical detail; unrelated historical detail; unrelated historical detail; unrelated historical detail; unrelated historical detail; 
A draft says person-371788 might use a different color; drafts are not facts.
Contradictory earlier report: person-371788 was once listed as violet; use the latest confirmed fact.
Contradictory earlier report: person-126799 was once listed as amber; use the latest confirmed fact.
Contradictory earlier report: person-956347 was once listed as violet; use the latest confirmed fact.
Day 14: unrelated weather report 8.
Day 3: unrelated weather report 6.
Day 0: FACT F01 — person-956347 has base color violet.
Day 31: unrelated weather report 1.
Day 0: FACT F02 — person-126799 has base color amber.
Day 0: FACT F03 — person-371788 has base color violet.
Day 0: FACT F04 — person-895274 has base color green.
Day 0: unrelated weather report 10.
Day 0: FACT F05 — person-956347 has base color amber.
Day 6: unrelated weather report 2.
Day 27: unrelated weather report 4.
Day 0: FACT F06 — person-126799 has base color coral.
Day 22: unrelated weather report 3.
Day 0: FACT F07 — person-371788 has base color amber.
Day 15: unrelated weather report 9.
Day 26: unrelated weather report 5.
Day 29: unrelated weather report 7.
Day 0: FACT F08 — person-895274 has base color coral.
Day 0: FACT F09 — person-956347 has base color amber.
Day 0: FACT F10 — person-126799 has base color green.
Day 31: FACT F11 — person-956347 has base color amber.
Day 32: FACT F12 — person-126799 has base color indigo.
Day 33: FACT F13 — person-371788 has base color amber.","{'answer': 'amber', 'fact_id': 'F13', 'entity': 'person-371788'}",valid
MEMO-00171-7aa053,memory,train,1,What is the most recently confirmed base color of person-289233? Return JSON with answer and fact_id. Ignore drafts and unrelated reports.,"Day 0: FACT F01 — person-330156 has base color coral.
Day 0: FACT F02 — person-289233 has base color violet.","{'answer': 'violet', 'fact_id': 'F02', 'entity': 'person-289233'}",valid
MEMO-00172-b32458,memory,train,2,What is the most recently confirmed base color of person-870159? Return JSON with answer and fact_id. Ignore drafts and unrelated reports.,"Day 0: FACT F01 — person-471246 has base color amber.
Day 0: FACT F02 — person-970856 has base color green.
Day 0: unrelated weather report 1.
Day 0: FACT F03 — person-870159 has base color green.","{'answer': 'green', 'fact_id': 'F03', 'entity': 'person-870159'}",valid
MEMO-00173-01debd,memory,train,3,What is the most recently confirmed base color of person-263178? Return JSON with answer and fact_id. Ignore drafts and unrelated reports.,"Day 2: unrelated weather report 1.
Contradictory earlier report: person-263178 was once listed as blue; use the latest confirmed fact.
Day 0: FACT F01 — person-263178 has base color blue.
Day 0: FACT F02 — person-445225 has base color violet.
Day 0: FACT F03 — person-437861 has base color indigo.
Day 2: unrelated weather report 3.
Day 0: FACT F04 — person-263178 has base color amber.
Day 0: FACT F05 — person-445225 has base color violet.
Day 4: unrelated weather report 2.
Day 4: FACT F06 — person-263178 has base color green.","{'answer': 'green', 'fact_id': 'F06', 'entity': 'person-263178'}",valid
MEMO-00174-7099a2,memory,train,4,What is the most recently confirmed base color of person-764101? Return JSON with answer and fact_id. Ignore drafts and unrelated reports.,"A draft says person-764101 might use a different color; drafts are not facts.
Day 3: unrelated weather report 5.
Contradictory earlier report: person-764101 was once listed as violet; use the latest confirmed fact.
Contradictory earlier report: person-442302 was once listed as green; use the latest confirmed fact.
Day 0: FACT F01 — person-442302 has base color green.
Day 5: unrelated weather report 4.
Day 4: unrelated weather report 6.
Day 4: unrelated weather report 2.
Day 0: FACT F02 — person-764101 has base color violet.
Day 6: unrelated weather report 3.
Day 0: FACT F03 — person-968994 has base color blue.
Day 4: unrelated weather report 1.
Day 0: FACT F04 — person-392088 has base color indigo.
Day 0: FACT F05 — person-442302 has base color blue.
Day 0: FACT F06 — person-764101 has base color violet.
Day 0: FACT F07 — person-968994 has base color violet.
Day 8: FACT F08 — person-442302 has base color amber.
Day 9: FACT F09 — person-764101 has base color green.","{'answer': 'green', 'fact_id': 'F09', 'entity': 'person-764101'}",valid
MEMO-00175-c229a4,memory,train,5,What is the most recently confirmed base color of person-271051? Return JSON with answer and fact_id. Ignore drafts and unrelated reports.,"Long archive note: unrelated historical detail; unrelated historical detail; unrelated historical detail; unrelated historical detail; unrelated historical detail; unrelated historical detail; unrelated historical detail; unrelated historical detail; unrelated historical detail; unrelated historical detail; unrelated historical detail; unrelated historical detail; unrelated historical detail; unrelated historical detail; unrelated historical detail; unrelated historical detail; unrelated historical detail; unrelated historical detail; 
A draft says person-271051 might use a different color; drafts are not facts.
Contradictory earlier report: person-271051 was once listed as blue; use the latest confirmed fact.
Day 14: unrelated weather report 10.
Day 12: unrelated weather report 6.
Day 0: unrelated weather report 1.
Contradictory earlier report: person-365404 was once listed as violet; use the latest confirmed fact.
Day 18: unrelated weather report 3.
Day 2: unrelated weather report 8.
Contradictory earlier report: person-799130 was once listed as violet; use the latest confirmed fact.
Day 0: FACT F01 — person-799130 has base color violet.
Day 0: FACT F02 — person-365404 has base color violet.
Day 0: FACT F03 — person-271051 has base color blue.
Day 0: FACT F04 — person-889577 has base color indigo.
Day 0: FACT F05 — person-799130 has base color coral.
Day 0: FACT F06 — person-365404 has base color indigo.
Day 0: FACT F07 — person-271051 has base color coral.
Day 7: unrelated weather report 2.
Day 9: unrelated weather report 7.
Day 4: unrelated weather report 5.
Day 12: unrelated weather report 4.
Day 0: FACT F08 — person-889577 has base color indigo.
Day 0: FACT F09 — person-799130 has base color indigo.
Day 0: FACT F10 — person-365404 has base color indigo.
Day 31: FACT F11 — person-799130 has base color amber.
Day 32: FACT F12 — person-365404 has base color blue.
Day 16: unrelated weather report 9.
Day 33: FACT F13 — person-271051 has base color indigo.","{'answer': 'indigo', 'fact_id': 'F13', 'entity': 'person-271051'}",valid
MEMO-00176-9484f7,memory,train,1,What is the most recently confirmed base color of person-452069? Return JSON with answer and fact_id. Ignore drafts and unrelated reports.,"Day 0: FACT F01 — person-354443 has base color green.
Day 0: FACT F02 — person-452069 has base color indigo.","{'answer': 'indigo', 'fact_id': 'F02', 'entity': 'person-452069'}",valid
MEMO-00177-ba6580,memory,train,2,What is the most recently confirmed base color of person-640197? Return JSON with answer and fact_id. Ignore drafts and unrelated reports.,"Day 0: FACT F01 — person-341631 has base color amber.
Day 0: FACT F02 — person-968306 has base color blue.
Day 0: unrelated weather report 1.
Day 0: FACT F03 — person-640197 has base color blue.","{'answer': 'blue', 'fact_id': 'F03', 'entity': 'person-640197'}",valid
MEMO-00178-732e28,memory,train,3,What is the most recently confirmed base color of person-501623? Return JSON with answer and fact_id. Ignore drafts and unrelated reports.,"Contradictory earlier report: person-501623 was once listed as violet; use the latest confirmed fact.
Day 4: unrelated weather report 1.
Day 2: unrelated weather report 2.
Day 0: FACT F01 — person-501623 has base color violet.
Day 0: FACT F02 — person-575246 has base color amber.
Day 3: unrelated weather report 3.
Day 0: FACT F03 — person-733672 has base color violet.
Day 0: FACT F04 — person-501623 has base color indigo.
Day 0: FACT F05 — person-575246 has base color amber.
Day 4: FACT F06 — person-501623 has base color coral.","{'answer': 'coral', 'fact_id': 'F06', 'entity': 'person-501623'}",valid
MEMO-00179-a27c4b,memory,train,4,What is the most recently confirmed base color of person-276981? Return JSON with answer and fact_id. Ignore drafts and unrelated reports.,"A draft says person-276981 might use a different color; drafts are not facts.
Contradictory earlier report: person-276981 was once listed as amber; use the latest confirmed fact.
Contradictory earlier report: person-650817 was once listed as amber; use the latest confirmed fact.
Day 5: unrelated weather report 3.
Day 0: FACT F01 — person-650817 has base color amber.
Day 0: FACT F02 — person-276981 has base color amber.
Day 0: FACT F03 — person-880237 has base color blue.
Day 0: FACT F04 — person-177075 has base color amber.
Day 6: unrelated weather report 5.
Day 0: unrelated weather report 2.
Day 0: FACT F05 — person-650817 has base color coral.
Day 1: unrelated weather report 4.
Day 0: unrelated weather report 6.
Day 7: unrelated weather report 1.
Day 0: FACT F06 — person-276981 has base color amber.
Day 0: FACT F07 — person-880237 has base color indigo.
Day 8: FACT F08 — person-650817 has base color violet.
Day 9: FACT F09 — person-276981 has base color blue.","{'answer': 'blue', 'fact_id': 'F09', 'entity': 'person-276981'}",valid
MEMO-00180-b4e12d,memory,train,5,What is the most recently confirmed base color of person-599101? Return JSON with answer and fact_id. Ignore drafts and unrelated reports.,"Long archive note: unrelated historical detail; unrelated historical detail; unrelated historical detail; unrelated historical detail; unrelated historical detail; unrelated historical detail; unrelated historical detail; unrelated historical detail; unrelated historical detail; unrelated historical detail; unrelated historical detail; unrelated historical detail; unrelated historical detail; unrelated historical detail; unrelated historical detail; unrelated historical detail; unrelated historical detail; unrelated historical detail; 
A draft says person-599101 might use a different color; drafts are not facts.
Contradictory earlier report: person-599101 was once listed as green; use the latest confirmed fact.
Contradictory earlier report: person-156733 was once listed as blue; use the latest confirmed fact.
Contradictory earlier report: person-212446 was once listed as indigo; use the latest confirmed fact.
Day 30: unrelated weather report 10.
Day 25: unrelated weather report 4.
Day 0: FACT F01 — person-212446 has base color indigo.
Day 0: FACT F02 — person-156733 has base color blue.
Day 31: unrelated weather report 1.
Day 0: FACT F03 — person-599101 has base color green.
Day 0: FACT F04 — person-213505 has base color coral.
Day 15: unrelated weather report 8.
Day 11: unrelated weather report 2.
Day 11: unrelated weather report 3.
Day 5: unrelated weather report 6.
Day 2: unrelated weather report 7.
Day 22: unrelated weather report 9.
Day 0: FACT F05 — person-212446 has base color blue.
Day 0: FACT F06 — person-156733 has base color violet.
Day 0: FACT F07 — person-599101 has base color coral.
Day 0: FACT F08 — person-213505 has base color blue.
Day 0: FACT F09 — person-212446 has base color violet.
Day 0: FACT F10 — person-156733 has base color indigo.
Day 31: FACT F11 — person-212446 has base color violet.
Day 32: FACT F12 — person-156733 has base color amber.
Day 33: FACT F13 — person-599101 has base color amber.
Day 11: unrelated weather report 5.","{'answer': 'amber', 'fact_id': 'F13', 'entity': 'person-599101'}",valid
MEMO-00181-9ce2ca,memory,train,1,What is the most recently confirmed base color of person-232910? Return JSON with answer and fact_id. Ignore drafts and unrelated reports.,"Day 0: FACT F01 — person-205742 has base color coral.
Day 0: FACT F02 — person-232910 has base color green.","{'answer': 'green', 'fact_id': 'F02', 'entity': 'person-232910'}",valid
MEMO-00182-2e5a92,memory,train,2,What is the most recently confirmed base color of person-833473? Return JSON with answer and fact_id. Ignore drafts and unrelated reports.,"Day 0: FACT F01 — person-971655 has base color indigo.
Day 0: FACT F02 — person-997443 has base color coral.
Day 0: FACT F03 — person-833473 has base color indigo.
Day 1: unrelated weather report 1.","{'answer': 'indigo', 'fact_id': 'F03', 'entity': 'person-833473'}",valid
MEMO-00183-7a5b9b,memory,train,3,What is the most recently confirmed base color of person-652987? Return JSON with answer and fact_id. Ignore drafts and unrelated reports.,"Contradictory earlier report: person-652987 was once listed as violet; use the latest confirmed fact.
Day 2: unrelated weather report 1.
Day 0: FACT F01 — person-652987 has base color violet.
Day 4: unrelated weather report 3.
Day 0: FACT F02 — person-299443 has base color green.
Day 0: FACT F03 — person-876673 has base color green.
Day 0: FACT F04 — person-652987 has base color amber.
Day 0: FACT F05 — person-299443 has base color coral.
Day 4: FACT F06 — person-652987 has base color blue.
Day 4: unrelated weather report 2.","{'answer': 'blue', 'fact_id': 'F06', 'entity': 'person-652987'}",valid
MEMO-00184-c9b0e2,memory,train,4,What is the most recently confirmed base color of person-488576? Return JSON with answer and fact_id. Ignore drafts and unrelated reports.,"A draft says person-488576 might use a different color; drafts are not facts.
Day 2: unrelated weather report 6.
Contradictory earlier report: person-488576 was once listed as blue; use the latest confirmed fact.
Day 1: unrelated weather report 3.
Contradictory earlier report: person-762717 was once listed as violet; use the latest confirmed fact.
Day 4: unrelated weather report 1.
Day 0: FACT F01 — person-762717 has base color violet.
Day 5: unrelated weather report 4.
Day 4: unrelated weather report 2.
Day 0: FACT F02 — person-488576 has base color blue.
Day 0: FACT F03 — person-477053 has base color amber.
Day 0: FACT F04 — person-257790 has base color blue.
Day 0: FACT F05 — person-762717 has base color amber.
Day 0: FACT F06 — person-488576 has base color blue.
Day 0: FACT F07 — person-477053 has base color amber.
Day 8: FACT F08 — person-762717 has base color blue.
Day 9: FACT F09 — person-488576 has base color indigo.
Day 4: unrelated weather report 5.","{'answer': 'indigo', 'fact_id': 'F09', 'entity': 'person-488576'}",valid
MEMO-00185-99739e,memory,train,5,What is the most recently confirmed base color of person-106882? Return JSON with answer and fact_id. Ignore drafts and unrelated reports.,"Long archive note: unrelated historical detail; unrelated historical detail; unrelated historical detail; unrelated historical detail; unrelated historical detail; unrelated historical detail; unrelated historical detail; unrelated historical detail; unrelated historical detail; unrelated historical detail; unrelated historical detail; unrelated historical detail; unrelated historical detail; unrelated historical detail; unrelated historical detail; unrelated historical detail; unrelated historical detail; unrelated historical detail; 
A draft says person-106882 might use a different color; drafts are not facts.
Contradictory earlier report: person-106882 was once listed as coral; use the latest confirmed fact.
Contradictory earlier report: person-544286 was once listed as coral; use the latest confirmed fact.
Contradictory earlier report: person-560359 was once listed as indigo; use the latest confirmed fact.
Day 3: unrelated weather report 10.
Day 0: FACT F01 — person-560359 has base color indigo.
Day 19: unrelated weather report 1.
Day 5: unrelated weather report 6.
Day 0: FACT F02 — person-544286 has base color coral.
Day 31: unrelated weather report 8.
Day 22: unrelated weather report 2.
Day 0: FACT F03 — person-106882 has base color coral.
Day 0: FACT F04 — person-646064 has base color indigo.
Day 31: unrelated weather report 5.
Day 18: unrelated weather report 3.
Day 4: unrelated weather report 7.
Day 0: FACT F05 — person-560359 has base color green.
Day 0: FACT F06 — person-544286 has base color blue.
Day 0: FACT F07 — person-106882 has base color violet.
Day 29: unrelated weather report 9.
Day 0: FACT F08 — person-646064 has base color violet.
Day 0: FACT F09 — person-560359 has base color violet.
Day 2: unrelated weather report 4.
Day 0: FACT F10 — person-544286 has base color blue.
Day 31: FACT F11 — person-560359 has base color amber.
Day 32: FACT F12 — person-544286 has base color green.
Day 33: FACT F13 — person-106882 has base color amber.","{'answer': 'amber', 'fact_id': 'F13', 'entity': 'person-106882'}",valid
MEMO-00186-56a23a,memory,train,1,What is the most recently confirmed base color of person-939367? Return JSON with answer and fact_id. Ignore drafts and unrelated reports.,"Day 0: FACT F01 — person-207705 has base color indigo.
Day 0: FACT F02 — person-939367 has base color coral.","{'answer': 'coral', 'fact_id': 'F02', 'entity': 'person-939367'}",valid
MEMO-00187-9f4865,memory,train,2,What is the most recently confirmed base color of person-135880? Return JSON with answer and fact_id. Ignore drafts and unrelated reports.,"Day 0: FACT F01 — person-374084 has base color violet.
Day 0: FACT F02 — person-214477 has base color coral.
Day 0: FACT F03 — person-135880 has base color blue.
Day 2: unrelated weather report 1.","{'answer': 'blue', 'fact_id': 'F03', 'entity': 'person-135880'}",valid
MEMO-00188-d1d21d,memory,train,3,What is the most recently confirmed base color of person-632249? Return JSON with answer and fact_id. Ignore drafts and unrelated reports.,"Contradictory earlier report: person-632249 was once listed as blue; use the latest confirmed fact.
Day 2: unrelated weather report 2.
Day 0: FACT F01 — person-632249 has base color blue.
Day 0: unrelated weather report 3.
Day 0: FACT F02 — person-992461 has base color violet.
Day 0: FACT F03 — person-106241 has base color violet.
Day 0: FACT F04 — person-632249 has base color green.
Day 3: unrelated weather report 1.
Day 0: FACT F05 — person-992461 has base color violet.
Day 4: FACT F06 — person-632249 has base color amber.","{'answer': 'amber', 'fact_id': 'F06', 'entity': 'person-632249'}",valid
MEMO-00189-2b8b63,memory,train,4,What is the most recently confirmed base color of person-831009? Return JSON with answer and fact_id. Ignore drafts and unrelated reports.,"A draft says person-831009 might use a different color; drafts are not facts.
Contradictory earlier report: person-831009 was once listed as blue; use the latest confirmed fact.
Day 2: unrelated weather report 4.
Contradictory earlier report: person-497375 was once listed as indigo; use the latest confirmed fact.
Day 0: FACT F01 — person-497375 has base color indigo.
Day 0: FACT F02 — person-831009 has base color blue.
Day 4: unrelated weather report 1.
Day 0: FACT F03 — person-612938 has base color coral.
Day 0: FACT F04 — person-884458 has base color blue.
Day 0: FACT F05 — person-497375 has base color indigo.
Day 2: unrelated weather report 6.
Day 0: FACT F06 — person-831009 has base color indigo.
Day 0: FACT F07 — person-612938 has base color amber.
Day 8: FACT F08 — person-497375 has base color amber.
Day 8: unrelated weather report 3.
Day 0: unrelated weather report 2.
Day 9: FACT F09 — person-831009 has base color green.
Day 4: unrelated weather report 5.","{'answer': 'green', 'fact_id': 'F09', 'entity': 'person-831009'}",valid
MEMO-00190-53f787,memory,train,5,What is the most recently confirmed base color of person-236631? Return JSON with answer and fact_id. Ignore drafts and unrelated reports.,"Long archive note: unrelated historical detail; unrelated historical detail; unrelated historical detail; unrelated historical detail; unrelated historical detail; unrelated historical detail; unrelated historical detail; unrelated historical detail; unrelated historical detail; unrelated historical detail; unrelated historical detail; unrelated historical detail; unrelated historical detail; unrelated historical detail; unrelated historical detail; unrelated historical detail; unrelated historical detail; unrelated historical detail; 
A draft says person-236631 might use a different color; drafts are not facts.
Contradictory earlier report: person-236631 was once listed as blue; use the latest confirmed fact.
Contradictory earlier report: person-577274 was once listed as amber; use the latest confirmed fact.
Contradictory earlier report: person-234303 was once listed as violet; use the latest confirmed fact.
Day 2: unrelated weather report 6.
Day 0: FACT F01 — person-234303 has base color violet.
Day 0: FACT F02 — person-577274 has base color amber.
Day 15: unrelated weather report 8.
Day 0: FACT F03 — person-236631 has base color blue.
Day 7: unrelated weather report 2.
Day 0: FACT F04 — person-137646 has base color indigo.
Day 10: unrelated weather report 1.
Day 14: unrelated weather report 10.
Day 23: unrelated weather report 7.
Day 0: FACT F05 — person-234303 has base color violet.
Day 0: FACT F06 — person-577274 has base color green.
Day 0: FACT F07 — person-236631 has base color amber.
Day 0: FACT F08 — person-137646 has base color blue.
Day 23: unrelated weather report 4.
Day 0: FACT F09 — person-234303 has base color coral.
Day 0: FACT F10 — person-577274 has base color coral.
Day 31: FACT F11 — person-234303 has base color indigo.
Day 32: FACT F12 — person-577274 has base color coral.
Day 6: unrelated weather report 9.
Day 33: FACT F13 — person-236631 has base color violet.
Day 8: unrelated weather report 3.
Day 9: unrelated weather report 5.","{'answer': 'violet', 'fact_id': 'F13', 'entity': 'person-236631'}",valid
MEMO-00191-169e08,memory,train,1,What is the most recently confirmed base color of person-940525? Return JSON with answer and fact_id. Ignore drafts and unrelated reports.,"Day 0: FACT F01 — person-624221 has base color blue.
Day 0: FACT F02 — person-940525 has base color coral.","{'answer': 'coral', 'fact_id': 'F02', 'entity': 'person-940525'}",valid
MEMO-00192-94cd54,memory,train,2,What is the most recently confirmed base color of person-542948? Return JSON with answer and fact_id. Ignore drafts and unrelated reports.,"Day 0: FACT F01 — person-161509 has base color coral.
Day 0: FACT F02 — person-870245 has base color amber.
Day 0: FACT F03 — person-542948 has base color green.
Day 2: unrelated weather report 1.","{'answer': 'green', 'fact_id': 'F03', 'entity': 'person-542948'}",valid
MEMO-00193-0bf528,memory,train,3,What is the most recently confirmed base color of person-982700? Return JSON with answer and fact_id. Ignore drafts and unrelated reports.,"Contradictory earlier report: person-982700 was once listed as coral; use the latest confirmed fact.
Day 0: FACT F01 — person-982700 has base color coral.
Day 0: FACT F02 — person-261377 has base color amber.
Day 0: FACT F03 — person-118338 has base color amber.
Day 0: FACT F04 — person-982700 has base color green.
Day 0: FACT F05 — person-261377 has base color violet.
Day 2: unrelated weather report 3.
Day 2: unrelated weather report 2.
Day 4: FACT F06 — person-982700 has base color indigo.
Day 1: unrelated weather report 1.","{'answer': 'indigo', 'fact_id': 'F06', 'entity': 'person-982700'}",valid
MEMO-00194-5e865a,memory,train,4,What is the most recently confirmed base color of person-167948? Return JSON with answer and fact_id. Ignore drafts and unrelated reports.,"A draft says person-167948 might use a different color; drafts are not facts.
Contradictory earlier report: person-167948 was once listed as coral; use the latest confirmed fact.
Contradictory earlier report: person-925508 was once listed as green; use the latest confirmed fact.
Day 0: FACT F01 — person-925508 has base color green.
Day 0: FACT F02 — person-167948 has base color coral.
Day 1: unrelated weather report 5.
Day 3: unrelated weather report 1.
Day 4: unrelated weather report 4.
Day 0: FACT F03 — person-862926 has base color indigo.
Day 0: FACT F04 — person-769551 has base color green.
Day 2: unrelated weather report 2.
Day 0: FACT F05 — person-925508 has base color coral.
Day 0: unrelated weather report 6.
Day 0: FACT F06 — person-167948 has base color coral.
Day 0: FACT F07 — person-862926 has base color indigo.
Day 8: FACT F08 — person-925508 has base color indigo.
Day 9: FACT F09 — person-167948 has base color amber.
Day 0: unrelated weather report 3.","{'answer': 'amber', 'fact_id': 'F09', 'entity': 'person-167948'}",valid
MEMO-00195-aa1484,memory,train,5,What is the most recently confirmed base color of person-234938? Return JSON with answer and fact_id. Ignore drafts and unrelated reports.,"Long archive note: unrelated historical detail; unrelated historical detail; unrelated historical detail; unrelated historical detail; unrelated historical detail; unrelated historical detail; unrelated historical detail; unrelated historical detail; unrelated historical detail; unrelated historical detail; unrelated historical detail; unrelated historical detail; unrelated historical detail; unrelated historical detail; unrelated historical detail; unrelated historical detail; unrelated historical detail; unrelated historical detail; 
A draft says person-234938 might use a different color; drafts are not facts.
Day 23: unrelated weather report 10.
Contradictory earlier report: person-234938 was once listed as blue; use the latest confirmed fact.
Contradictory earlier report: person-121082 was once listed as violet; use the latest confirmed fact.
Contradictory earlier report: person-527638 was once listed as indigo; use the latest confirmed fact.
Day 0: FACT F01 — person-527638 has base color indigo.
Day 0: FACT F02 — person-121082 has base color violet.
Day 23: unrelated weather report 5.
Day 0: FACT F03 — person-234938 has base color blue.
Day 20: unrelated weather report 2.
Day 0: FACT F04 — person-966359 has base color violet.
Day 0: FACT F05 — person-527638 has base color violet.
Day 6: unrelated weather report 4.
Day 0: FACT F06 — person-121082 has base color amber.
Day 16: unrelated weather report 8.
Day 0: FACT F07 — person-234938 has base color coral.
Day 0: FACT F08 — person-966359 has base color violet.
Day 0: FACT F09 — person-527638 has base color blue.
Day 20: unrelated weather report 7.
Day 0: FACT F10 — person-121082 has base color coral.
Day 27: unrelated weather report 9.
Day 18: unrelated weather report 6.
Day 13: unrelated weather report 3.
Day 31: FACT F11 — person-527638 has base color blue.
Day 32: FACT F12 — person-121082 has base color indigo.
Day 2: unrelated weather report 1.
Day 33: FACT F13 — person-234938 has base color green.","{'answer': 'green', 'fact_id': 'F13', 'entity': 'person-234938'}",valid
MEMO-00196-7095b8,memory,train,1,What is the most recently confirmed base color of person-508661? Return JSON with answer and fact_id. Ignore drafts and unrelated reports.,"Day 0: FACT F01 — person-641554 has base color blue.
Day 0: FACT F02 — person-508661 has base color indigo.","{'answer': 'indigo', 'fact_id': 'F02', 'entity': 'person-508661'}",valid
MEMO-00197-bb652d,memory,train,2,What is the most recently confirmed base color of person-365985? Return JSON with answer and fact_id. Ignore drafts and unrelated reports.,"Day 0: FACT F01 — person-166982 has base color blue.
Day 0: FACT F02 — person-779932 has base color coral.
Day 2: unrelated weather report 1.
Day 0: FACT F03 — person-365985 has base color coral.","{'answer': 'coral', 'fact_id': 'F03', 'entity': 'person-365985'}",valid
MEMO-00198-796933,memory,train,3,What is the most recently confirmed base color of person-224771? Return JSON with answer and fact_id. Ignore drafts and unrelated reports.,"Day 4: unrelated weather report 1.
Contradictory earlier report: person-224771 was once listed as coral; use the latest confirmed fact.
Day 0: FACT F01 — person-224771 has base color coral.
Day 4: unrelated weather report 3.
Day 0: FACT F02 — person-931638 has base color blue.
Day 0: FACT F03 — person-455078 has base color amber.
Day 2: unrelated weather report 2.
Day 0: FACT F04 — person-224771 has base color blue.
Day 0: FACT F05 — person-931638 has base color blue.
Day 4: FACT F06 — person-224771 has base color blue.","{'answer': 'blue', 'fact_id': 'F06', 'entity': 'person-224771'}",valid
MEMO-00199-5d0d43,memory,train,4,What is the most recently confirmed base color of person-777337? Return JSON with answer and fact_id. Ignore drafts and unrelated reports.,"A draft says person-777337 might use a different color; drafts are not facts.
Contradictory earlier report: person-777337 was once listed as green; use the latest confirmed fact.
Day 8: unrelated weather report 6.
Day 1: unrelated weather report 5.
Day 1: unrelated weather report 2.
Day 1: unrelated weather report 1.
Contradictory earlier report: person-632468 was once listed as amber; use the latest confirmed fact.
Day 0: FACT F01 — person-632468 has base color amber.
Day 0: FACT F02 — person-777337 has base color green.
Day 0: FACT F03 — person-682778 has base color violet.
Day 2: unrelated weather report 3.
Day 0: FACT F04 — person-270565 has base color indigo.
Day 0: FACT F05 — person-632468 has base color coral.
Day 0: FACT F06 — person-777337 has base color green.
Day 0: FACT F07 — person-682778 has base color coral.
Day 8: FACT F08 — person-632468 has base color indigo.
Day 0: unrelated weather report 4.
Day 9: FACT F09 — person-777337 has base color violet.","{'answer': 'violet', 'fact_id': 'F09', 'entity': 'person-777337'}",valid
MEMO-00200-10f977,memory,train,5,What is the most recently confirmed base color of person-293030? Return JSON with answer and fact_id. Ignore drafts and unrelated reports.,"Long archive note: unrelated historical detail; unrelated historical detail; unrelated historical detail; unrelated historical detail; unrelated historical detail; unrelated historical detail; unrelated historical detail; unrelated historical detail; unrelated historical detail; unrelated historical detail; unrelated historical detail; unrelated historical detail; unrelated historical detail; unrelated historical detail; unrelated historical detail; unrelated historical detail; unrelated historical detail; unrelated historical detail; 
A draft says person-293030 might use a different color; drafts are not facts.
Contradictory earlier report: person-293030 was once listed as indigo; use the latest confirmed fact.
Contradictory earlier report: person-122758 was once listed as green; use the latest confirmed fact.
Contradictory earlier report: person-823714 was once listed as green; use the latest confirmed fact.
Day 0: FACT F01 — person-823714 has base color green.
Day 29: unrelated weather report 2.
Day 0: FACT F02 — person-122758 has base color green.
Day 0: FACT F03 — person-293030 has base color indigo.
Day 0: FACT F04 — person-710912 has base color indigo.
Day 19: unrelated weather report 6.
Day 17: unrelated weather report 9.
Day 0: FACT F05 — person-823714 has base color violet.
Day 1: unrelated weather report 3.
Day 0: FACT F06 — person-122758 has base color blue.
Day 0: FACT F07 — person-293030 has base color violet.
Day 6: unrelated weather report 5.
Day 27: unrelated weather report 1.
Day 18: unrelated weather report 4.
Day 0: FACT F08 — person-710912 has base color indigo.
Day 26: unrelated weather report 8.
Day 0: FACT F09 — person-823714 has base color amber.
Day 0: FACT F10 — person-122758 has base color coral.
Day 31: FACT F11 — person-823714 has base color violet.
Day 32: FACT F12 — person-122758 has base color indigo.
Day 33: FACT F13 — person-293030 has base color amber.
Day 17: unrelated weather report 10.
Day 28: unrelated weather report 7.","{'answer': 'amber', 'fact_id': 'F13', 'entity': 'person-293030'}",valid
MEMO-00201-8c5e5f,memory,train,1,What is the most recently confirmed base color of person-907381? Return JSON with answer and fact_id. Ignore drafts and unrelated reports.,"Day 0: FACT F01 — person-646425 has base color green.
Day 0: FACT F02 — person-907381 has base color amber.","{'answer': 'amber', 'fact_id': 'F02', 'entity': 'person-907381'}",valid
MEMO-00202-c86ff0,memory,train,2,What is the most recently confirmed base color of person-539013? Return JSON with answer and fact_id. Ignore drafts and unrelated reports.,"Day 0: FACT F01 — person-240371 has base color amber.
Day 0: FACT F02 — person-449552 has base color amber.
Day 0: FACT F03 — person-539013 has base color blue.
Day 1: unrelated weather report 1.","{'answer': 'blue', 'fact_id': 'F03', 'entity': 'person-539013'}",valid
MEMO-00203-05feb8,memory,train,3,What is the most recently confirmed base color of person-385867? Return JSON with answer and fact_id. Ignore drafts and unrelated reports.,"Contradictory earlier report: person-385867 was once listed as coral; use the latest confirmed fact.
Day 0: FACT F01 — person-385867 has base color coral.
Day 0: FACT F02 — person-599848 has base color blue.
Day 0: FACT F03 — person-226429 has base color violet.
Day 0: FACT F04 — person-385867 has base color violet.
Day 0: unrelated weather report 2.
Day 0: FACT F05 — person-599848 has base color indigo.
Day 4: FACT F06 — person-385867 has base color amber.
Day 0: unrelated weather report 3.
Day 1: unrelated weather report 1.","{'answer': 'amber', 'fact_id': 'F06', 'entity': 'person-385867'}",valid
MEMO-00204-ab9e21,memory,train,4,What is the most recently confirmed base color of person-919790? Return JSON with answer and fact_id. Ignore drafts and unrelated reports.,"A draft says person-919790 might use a different color; drafts are not facts.
Contradictory earlier report: person-919790 was once listed as coral; use the latest confirmed fact.
Contradictory earlier report: person-702054 was once listed as indigo; use the latest confirmed fact.
Day 0: FACT F01 — person-702054 has base color indigo.
Day 0: unrelated weather report 4.
Day 0: FACT F02 — person-919790 has base color coral.
Day 0: FACT F03 — person-590087 has base color amber.
Day 4: unrelated weather report 1.
Day 3: unrelated weather report 5.
Day 5: unrelated weather report 2.
Day 0: FACT F04 — person-717769 has base color amber.
Day 0: FACT F05 — person-702054 has base color violet.
Day 0: FACT F06 — person-919790 has base color blue.
Day 0: unrelated weather report 3.
Day 0: FACT F07 — person-590087 has base color coral.
Day 5: unrelated weather report 6.
Day 8: FACT F08 — person-702054 has base color violet.
Day 9: FACT F09 — person-919790 has base color amber.","{'answer': 'amber', 'fact_id': 'F09', 'entity': 'person-919790'}",valid
MEMO-00205-41b6de,memory,train,5,What is the most recently confirmed base color of person-302127? Return JSON with answer and fact_id. Ignore drafts and unrelated reports.,"Long archive note: unrelated historical detail; unrelated historical detail; unrelated historical detail; unrelated historical detail; unrelated historical detail; unrelated historical detail; unrelated historical detail; unrelated historical detail; unrelated historical detail; unrelated historical detail; unrelated historical detail; unrelated historical detail; unrelated historical detail; unrelated historical detail; unrelated historical detail; unrelated historical detail; unrelated historical detail; unrelated historical detail; 
A draft says person-302127 might use a different color; drafts are not facts.
Contradictory earlier report: person-302127 was once listed as indigo; use the latest confirmed fact.
Day 14: unrelated weather report 7.
Contradictory earlier report: person-925836 was once listed as indigo; use the latest confirmed fact.
Contradictory earlier report: person-587972 was once listed as violet; use the latest confirmed fact.
Day 12: unrelated weather report 1.
Day 26: unrelated weather report 9.
Day 0: FACT F01 — person-587972 has base color violet.
Day 23: unrelated weather report 6.
Day 20: unrelated weather report 10.
Day 0: FACT F02 — person-925836 has base color indigo.
Day 0: FACT F03 — person-302127 has base color indigo.
Day 0: FACT F04 — person-818247 has base color blue.
Day 14: unrelated weather report 8.
Day 28: unrelated weather report 5.
Day 2: unrelated weather report 4.
Day 0: FACT F05 — person-587972 has base color coral.
Day 0: FACT F06 — person-925836 has base color green.
Day 0: FACT F07 — person-302127 has base color coral.
Day 12: unrelated weather report 2.
Day 0: FACT F08 — person-818247 has base color indigo.
Day 22: unrelated weather report 3.
Day 0: FACT F09 — person-587972 has base color amber.
Day 0: FACT F10 — person-925836 has base color blue.
Day 31: FACT F11 — person-587972 has base color amber.
Day 32: FACT F12 — person-925836 has base color green.
Day 33: FACT F13 — person-302127 has base color coral.","{'answer': 'coral', 'fact_id': 'F13', 'entity': 'person-302127'}",valid
MEMO-00206-2264d5,memory,train,1,What is the most recently confirmed base color of person-411092? Return JSON with answer and fact_id. Ignore drafts and unrelated reports.,"Day 0: FACT F01 — person-169571 has base color green.
Day 0: FACT F02 — person-411092 has base color violet.","{'answer': 'violet', 'fact_id': 'F02', 'entity': 'person-411092'}",valid
MEMO-00207-9e8e7a,memory,train,2,What is the most recently confirmed base color of person-536977? Return JSON with answer and fact_id. Ignore drafts and unrelated reports.,"Day 0: FACT F01 — person-892322 has base color indigo.
Day 0: FACT F02 — person-274291 has base color indigo.
Day 2: unrelated weather report 1.
Day 0: FACT F03 — person-536977 has base color coral.","{'answer': 'coral', 'fact_id': 'F03', 'entity': 'person-536977'}",valid
MEMO-00208-40e1d0,memory,train,3,What is the most recently confirmed base color of person-999563? Return JSON with answer and fact_id. Ignore drafts and unrelated reports.,"Contradictory earlier report: person-999563 was once listed as coral; use the latest confirmed fact.
Day 2: unrelated weather report 1.
Day 0: FACT F01 — person-999563 has base color coral.
Day 0: FACT F02 — person-471207 has base color violet.
Day 4: unrelated weather report 3.
Day 2: unrelated weather report 2.
Day 0: FACT F03 — person-655932 has base color green.
Day 0: FACT F04 — person-999563 has base color indigo.
Day 0: FACT F05 — person-471207 has base color amber.
Day 4: FACT F06 — person-999563 has base color amber.","{'answer': 'amber', 'fact_id': 'F06', 'entity': 'person-999563'}",valid
MEMO-00209-147cbd,memory,train,4,What is the most recently confirmed base color of person-906826? Return JSON with answer and fact_id. Ignore drafts and unrelated reports.,"A draft says person-906826 might use a different color; drafts are not facts.
Day 8: unrelated weather report 4.
Contradictory earlier report: person-906826 was once listed as green; use the latest confirmed fact.
Day 6: unrelated weather report 6.
Contradictory earlier report: person-562546 was once listed as blue; use the latest confirmed fact.
Day 0: FACT F01 — person-562546 has base color blue.
Day 8: unrelated weather report 2.
Day 0: FACT F02 — person-906826 has base color green.
Day 2: unrelated weather report 3.
Day 0: FACT F03 — person-978713 has base color indigo.
Day 0: FACT F04 — person-776148 has base color violet.
Day 0: FACT F05 — person-562546 has base color amber.
Day 0: FACT F06 — person-906826 has base color indigo.
Day 0: FACT F07 — person-978713 has base color indigo.
Day 1: unrelated weather report 1.
Day 8: FACT F08 — person-562546 has base color coral.
Day 9: FACT F09 — person-906826 has base color violet.
Day 7: unrelated weather report 5.","{'answer': 'violet', 'fact_id': 'F09', 'entity': 'person-906826'}",valid
MEMO-00210-63b186,memory,train,5,What is the most recently confirmed base color of person-771164? Return JSON with answer and fact_id. Ignore drafts and unrelated reports.,"Long archive note: unrelated historical detail; unrelated historical detail; unrelated historical detail; unrelated historical detail; unrelated historical detail; unrelated historical detail; unrelated historical detail; unrelated historical detail; unrelated historical detail; unrelated historical detail; unrelated historical detail; unrelated historical detail; unrelated historical detail; unrelated historical detail; unrelated historical detail; unrelated historical detail; unrelated historical detail; unrelated historical detail; 
A draft says person-771164 might use a different color; drafts are not facts.
Contradictory earlier report: person-771164 was once listed as coral; use the latest confirmed fact.
Contradictory earlier report: person-956519 was once listed as green; use the latest confirmed fact.
Contradictory earlier report: person-508934 was once listed as coral; use the latest confirmed fact.
Day 13: unrelated weather report 2.
Day 0: FACT F01 — person-508934 has base color coral.
Day 23: unrelated weather report 1.
Day 0: FACT F02 — person-956519 has base color green.
Day 23: unrelated weather report 9.
Day 0: FACT F03 — person-771164 has base color coral.
Day 0: FACT F04 — person-286134 has base color green.
Day 0: FACT F05 — person-508934 has base color green.
Day 26: unrelated weather report 7.
Day 0: FACT F06 — person-956519 has base color green.
Day 0: FACT F07 — person-771164 has base color blue.
Day 0: FACT F08 — person-286134 has base color green.
Day 6: unrelated weather report 8.
Day 0: FACT F09 — person-508934 has base color coral.
Day 16: unrelated weather report 10.
Day 0: FACT F10 — person-956519 has base color violet.
Day 31: FACT F11 — person-508934 has base color green.
Day 14: unrelated weather report 6.
Day 13: unrelated weather report 5.
Day 32: FACT F12 — person-956519 has base color violet.
Day 33: FACT F13 — person-771164 has base color blue.
Day 19: unrelated weather report 3.
Day 18: unrelated weather report 4.","{'answer': 'blue', 'fact_id': 'F13', 'entity': 'person-771164'}",valid
MEMO-00211-a6ca7a,memory,train,1,What is the most recently confirmed base color of person-490967? Return JSON with answer and fact_id. Ignore drafts and unrelated reports.,"Day 0: FACT F01 — person-925448 has base color blue.
Day 0: FACT F02 — person-490967 has base color indigo.","{'answer': 'indigo', 'fact_id': 'F02', 'entity': 'person-490967'}",valid
MEMO-00212-c5113c,memory,train,2,What is the most recently confirmed base color of person-991466? Return JSON with answer and fact_id. Ignore drafts and unrelated reports.,"Day 0: FACT F01 — person-118331 has base color indigo.
Day 1: unrelated weather report 1.
Day 0: FACT F02 — person-477325 has base color violet.
Day 0: FACT F03 — person-991466 has base color indigo.","{'answer': 'indigo', 'fact_id': 'F03', 'entity': 'person-991466'}",valid
MEMO-00213-71dd05,memory,train,3,What is the most recently confirmed base color of person-528243? Return JSON with answer and fact_id. Ignore drafts and unrelated reports.,"Contradictory earlier report: person-528243 was once listed as blue; use the latest confirmed fact.
Day 0: FACT F01 — person-528243 has base color blue.
Day 3: unrelated weather report 2.
Day 0: FACT F02 — person-290291 has base color indigo.
Day 2: unrelated weather report 1.
Day 0: FACT F03 — person-231838 has base color blue.
Day 0: FACT F04 — person-528243 has base color indigo.
Day 2: unrelated weather report 3.
Day 0: FACT F05 — person-290291 has base color violet.
Day 4: FACT F06 — person-528243 has base color green.","{'answer': 'green', 'fact_id': 'F06', 'entity': 'person-528243'}",valid
MEMO-00214-1bddde,memory,train,4,What is the most recently confirmed base color of person-786794? Return JSON with answer and fact_id. Ignore drafts and unrelated reports.,"A draft says person-786794 might use a different color; drafts are not facts.
Day 8: unrelated weather report 2.
Contradictory earlier report: person-786794 was once listed as blue; use the latest confirmed fact.
Contradictory earlier report: person-716965 was once listed as coral; use the latest confirmed fact.
Day 0: FACT F01 — person-716965 has base color coral.
Day 0: FACT F02 — person-786794 has base color blue.
Day 7: unrelated weather report 1.
Day 0: FACT F03 — person-256220 has base color indigo.
Day 0: FACT F04 — person-705162 has base color amber.
Day 8: unrelated weather report 3.
Day 2: unrelated weather report 6.
Day 6: unrelated weather report 5.
Day 4: unrelated weather report 4.
Day 0: FACT F05 — person-716965 has base color amber.
Day 0: FACT F06 — person-786794 has base color violet.
Day 0: FACT F07 — person-256220 has base color violet.
Day 8: FACT F08 — person-716965 has base color indigo.
Day 9: FACT F09 — person-786794 has base color indigo.","{'answer': 'indigo', 'fact_id': 'F09', 'entity': 'person-786794'}",valid
MEMO-00215-81907d,memory,train,5,What is the most recently confirmed base color of person-137376? Return JSON with answer and fact_id. Ignore drafts and unrelated reports.,"Long archive note: unrelated historical detail; unrelated historical detail; unrelated historical detail; unrelated historical detail; unrelated historical detail; unrelated historical detail; unrelated historical detail; unrelated historical detail; unrelated historical detail; unrelated historical detail; unrelated historical detail; unrelated historical detail; unrelated historical detail; unrelated historical detail; unrelated historical detail; unrelated historical detail; unrelated historical detail; unrelated historical detail; 
A draft says person-137376 might use a different color; drafts are not facts.
Day 0: unrelated weather report 9.
Contradictory earlier report: person-137376 was once listed as green; use the latest confirmed fact.
Contradictory earlier report: person-627037 was once listed as green; use the latest confirmed fact.
Contradictory earlier report: person-915669 was once listed as amber; use the latest confirmed fact.
Day 0: FACT F01 — person-915669 has base color amber.
Day 10: unrelated weather report 7.
Day 5: unrelated weather report 4.
Day 0: FACT F02 — person-627037 has base color green.
Day 0: FACT F03 — person-137376 has base color green.
Day 18: unrelated weather report 2.
Day 0: FACT F04 — person-542284 has base color green.
Day 9: unrelated weather report 10.
Day 0: FACT F05 — person-915669 has base color amber.
Day 1: unrelated weather report 8.
Day 0: FACT F06 — person-627037 has base color coral.
Day 7: unrelated weather report 3.
Day 0: FACT F07 — person-137376 has base color green.
Day 11: unrelated weather report 1.
Day 1: unrelated weather report 6.
Day 0: FACT F08 — person-542284 has base color amber.
Day 0: FACT F09 — person-915669 has base color green.
Day 0: FACT F10 — person-627037 has base color indigo.
Day 12: unrelated weather report 5.
Day 31: FACT F11 — person-915669 has base color violet.
Day 32: FACT F12 — person-627037 has base color indigo.
Day 33: FACT F13 — person-137376 has base color coral.","{'answer': 'coral', 'fact_id': 'F13', 'entity': 'person-137376'}",valid
MEMO-00216-568763,memory,train,1,What is the most recently confirmed base color of person-573492? Return JSON with answer and fact_id. Ignore drafts and unrelated reports.,"Day 0: FACT F01 — person-418522 has base color indigo.
Day 0: FACT F02 — person-573492 has base color blue.","{'answer': 'blue', 'fact_id': 'F02', 'entity': 'person-573492'}",valid
MEMO-00217-23e2c3,memory,train,2,What is the most recently confirmed base color of person-716714? Return JSON with answer and fact_id. Ignore drafts and unrelated reports.,"Day 0: FACT F01 — person-901945 has base color coral.
Day 0: FACT F02 — person-881041 has base color blue.
Day 0: FACT F03 — person-716714 has base color indigo.
Day 1: unrelated weather report 1.","{'answer': 'indigo', 'fact_id': 'F03', 'entity': 'person-716714'}",valid
MEMO-00218-37aba7,memory,train,3,What is the most recently confirmed base color of person-516177? Return JSON with answer and fact_id. Ignore drafts and unrelated reports.,"Contradictory earlier report: person-516177 was once listed as amber; use the latest confirmed fact.
Day 0: FACT F01 — person-516177 has base color amber.
Day 0: FACT F02 — person-982372 has base color coral.
Day 3: unrelated weather report 1.
Day 0: FACT F03 — person-714840 has base color indigo.
Day 3: unrelated weather report 3.
Day 0: unrelated weather report 2.
Day 0: FACT F04 — person-516177 has base color violet.
Day 0: FACT F05 — person-982372 has base color coral.
Day 4: FACT F06 — person-516177 has base color blue.","{'answer': 'blue', 'fact_id': 'F06', 'entity': 'person-516177'}",valid
MEMO-00219-6d3281,memory,train,4,What is the most recently confirmed base color of person-218403? Return JSON with answer and fact_id. Ignore drafts and unrelated reports.,"A draft says person-218403 might use a different color; drafts are not facts.
Day 4: unrelated weather report 5.
Day 8: unrelated weather report 2.
Contradictory earlier report: person-218403 was once listed as amber; use the latest confirmed fact.
Day 0: unrelated weather report 1.
Day 7: unrelated weather report 3.
Contradictory earlier report: person-688576 was once listed as coral; use the latest confirmed fact.
Day 0: FACT F01 — person-688576 has base color coral.
Day 0: FACT F02 — person-218403 has base color amber.
Day 1: unrelated weather report 6.
Day 0: FACT F03 — person-782574 has base color blue.
Day 0: FACT F04 — person-284043 has base color green.
Day 0: FACT F05 — person-688576 has base color blue.
Day 0: FACT F06 — person-218403 has base color coral.
Day 0: FACT F07 — person-782574 has base color green.
Day 8: FACT F08 — person-688576 has base color blue.
Day 9: FACT F09 — person-218403 has base color green.
Day 2: unrelated weather report 4.","{'answer': 'green', 'fact_id': 'F09', 'entity': 'person-218403'}",valid
MEMO-00220-2ce149,memory,train,5,What is the most recently confirmed base color of person-582487? Return JSON with answer and fact_id. Ignore drafts and unrelated reports.,"Long archive note: unrelated historical detail; unrelated historical detail; unrelated historical detail; unrelated historical detail; unrelated historical detail; unrelated historical detail; unrelated historical detail; unrelated historical detail; unrelated historical detail; unrelated historical detail; unrelated historical detail; unrelated historical detail; unrelated historical detail; unrelated historical detail; unrelated historical detail; unrelated historical detail; unrelated historical detail; unrelated historical detail; 
A draft says person-582487 might use a different color; drafts are not facts.
Contradictory earlier report: person-582487 was once listed as amber; use the latest confirmed fact.
Day 23: unrelated weather report 6.
Contradictory earlier report: person-945537 was once listed as blue; use the latest confirmed fact.
Contradictory earlier report: person-713728 was once listed as coral; use the latest confirmed fact.
Day 13: unrelated weather report 9.
Day 0: FACT F01 — person-713728 has base color coral.
Day 9: unrelated weather report 4.
Day 23: unrelated weather report 8.
Day 22: unrelated weather report 7.
Day 0: FACT F02 — person-945537 has base color blue.
Day 0: FACT F03 — person-582487 has base color amber.
Day 0: FACT F04 — person-527440 has base color blue.
Day 31: unrelated weather report 10.
Day 0: FACT F05 — person-713728 has base color green.
Day 5: unrelated weather report 5.
Day 0: FACT F06 — person-945537 has base color coral.
Day 0: FACT F07 — person-582487 has base color blue.
Day 10: unrelated weather report 2.
Day 0: FACT F08 — person-527440 has base color indigo.
Day 16: unrelated weather report 1.
Day 0: FACT F09 — person-713728 has base color coral.
Day 0: FACT F10 — person-945537 has base color coral.
Day 31: FACT F11 — person-713728 has base color green.
Day 32: FACT F12 — person-945537 has base color indigo.
Day 14: unrelated weather report 3.
Day 33: FACT F13 — person-582487 has base color violet.","{'answer': 'violet', 'fact_id': 'F13', 'entity': 'person-582487'}",valid
MEMO-00221-ff7266,memory,train,1,What is the most recently confirmed base color of person-483696? Return JSON with answer and fact_id. Ignore drafts and unrelated reports.,"Day 0: FACT F01 — person-292736 has base color coral.
Day 0: FACT F02 — person-483696 has base color blue.","{'answer': 'blue', 'fact_id': 'F02', 'entity': 'person-483696'}",valid
MEMO-00222-d21ea0,memory,train,2,What is the most recently confirmed base color of person-801634? Return JSON with answer and fact_id. Ignore drafts and unrelated reports.,"Day 1: unrelated weather report 1.
Day 0: FACT F01 — person-146444 has base color blue.
Day 0: FACT F02 — person-271571 has base color violet.
Day 0: FACT F03 — person-801634 has base color coral.","{'answer': 'coral', 'fact_id': 'F03', 'entity': 'person-801634'}",valid
MEMO-00223-be184f,memory,train,3,What is the most recently confirmed base color of person-386586? Return JSON with answer and fact_id. Ignore drafts and unrelated reports.,"Contradictory earlier report: person-386586 was once listed as indigo; use the latest confirmed fact.
Day 0: unrelated weather report 3.
Day 0: FACT F01 — person-386586 has base color indigo.
Day 0: FACT F02 — person-501745 has base color green.
Day 3: unrelated weather report 1.
Day 0: FACT F03 — person-615438 has base color blue.
Day 0: FACT F04 — person-386586 has base color blue.
Day 0: FACT F05 — person-501745 has base color amber.
Day 1: unrelated weather report 2.
Day 4: FACT F06 — person-386586 has base color amber.","{'answer': 'amber', 'fact_id': 'F06', 'entity': 'person-386586'}",valid
MEMO-00224-e9dfe0,memory,train,4,What is the most recently confirmed base color of person-677827? Return JSON with answer and fact_id. Ignore drafts and unrelated reports.,"A draft says person-677827 might use a different color; drafts are not facts.
Contradictory earlier report: person-677827 was once listed as blue; use the latest confirmed fact.
Contradictory earlier report: person-534389 was once listed as indigo; use the latest confirmed fact.
Day 0: FACT F01 — person-534389 has base color indigo.
Day 0: FACT F02 — person-677827 has base color blue.
Day 0: unrelated weather report 4.
Day 0: unrelated weather report 1.
Day 8: unrelated weather report 6.
Day 0: FACT F03 — person-137363 has base color amber.
Day 5: unrelated weather report 3.
Day 0: FACT F04 — person-116921 has base color indigo.
Day 0: FACT F05 — person-534389 has base color blue.
Day 3: unrelated weather report 5.
Day 0: FACT F06 — person-677827 has base color indigo.
Day 0: FACT F07 — person-137363 has base color green.
Day 4: unrelated weather report 2.
Day 8: FACT F08 — person-534389 has base color coral.
Day 9: FACT F09 — person-677827 has base color amber.","{'answer': 'amber', 'fact_id': 'F09', 'entity': 'person-677827'}",valid
MEMO-00225-8f5df3,memory,train,5,What is the most recently confirmed base color of person-842521? Return JSON with answer and fact_id. Ignore drafts and unrelated reports.,"Long archive note: unrelated historical detail; unrelated historical detail; unrelated historical detail; unrelated historical detail; unrelated historical detail; unrelated historical detail; unrelated historical detail; unrelated historical detail; unrelated historical detail; unrelated historical detail; unrelated historical detail; unrelated historical detail; unrelated historical detail; unrelated historical detail; unrelated historical detail; unrelated historical detail; unrelated historical detail; unrelated historical detail; 
A draft says person-842521 might use a different color; drafts are not facts.
Contradictory earlier report: person-842521 was once listed as indigo; use the latest confirmed fact.
Contradictory earlier report: person-643261 was once listed as blue; use the latest confirmed fact.
Contradictory earlier report: person-152111 was once listed as violet; use the latest confirmed fact.
Day 3: unrelated weather report 2.
Day 2: unrelated weather report 7.
Day 0: FACT F01 — person-152111 has base color violet.
Day 0: FACT F02 — person-643261 has base color blue.
Day 0: FACT F03 — person-842521 has base color indigo.
Day 11: unrelated weather report 3.
Day 0: FACT F04 — person-614552 has base color green.
Day 6: unrelated weather report 1.
Day 12: unrelated weather report 9.
Day 0: FACT F05 — person-152111 has base color green.
Day 0: FACT F06 — person-643261 has base color indigo.
Day 0: FACT F07 — person-842521 has base color indigo.
Day 27: unrelated weather report 6.
Day 0: FACT F08 — person-614552 has base color blue.
Day 19: unrelated weather report 5.
Day 0: FACT F09 — person-152111 has base color amber.
Day 0: FACT F10 — person-643261 has base color amber.
Day 31: FACT F11 — person-152111 has base color coral.
Day 17: unrelated weather report 4.
Day 32: FACT F12 — person-643261 has base color violet.
Day 33: FACT F13 — person-842521 has base color coral.
Day 7: unrelated weather report 10.
Day 20: unrelated weather report 8.","{'answer': 'coral', 'fact_id': 'F13', 'entity': 'person-842521'}",valid
MEMO-00226-28a733,memory,train,1,What is the most recently confirmed base color of person-449930? Return JSON with answer and fact_id. Ignore drafts and unrelated reports.,"Day 0: FACT F01 — person-952474 has base color blue.
Day 0: FACT F02 — person-449930 has base color violet.","{'answer': 'violet', 'fact_id': 'F02', 'entity': 'person-449930'}",valid
MEMO-00227-0901ad,memory,train,2,What is the most recently confirmed base color of person-101143? Return JSON with answer and fact_id. Ignore drafts and unrelated reports.,"Day 0: FACT F01 — person-847782 has base color violet.
Day 0: FACT F02 — person-629383 has base color indigo.
Day 0: FACT F03 — person-101143 has base color green.
Day 1: unrelated weather report 1.","{'answer': 'green', 'fact_id': 'F03', 'entity': 'person-101143'}",valid
MEMO-00228-d32056,memory,train,3,What is the most recently confirmed base color of person-692338? Return JSON with answer and fact_id. Ignore drafts and unrelated reports.,"Contradictory earlier report: person-692338 was once listed as coral; use the latest confirmed fact.
Day 0: FACT F01 — person-692338 has base color coral.
Day 0: FACT F02 — person-171570 has base color amber.
Day 0: unrelated weather report 3.
Day 3: unrelated weather report 2.
Day 3: unrelated weather report 1.
Day 0: FACT F03 — person-481695 has base color amber.
Day 0: FACT F04 — person-692338 has base color indigo.
Day 0: FACT F05 — person-171570 has base color amber.
Day 4: FACT F06 — person-692338 has base color amber.","{'answer': 'amber', 'fact_id': 'F06', 'entity': 'person-692338'}",valid
MEMO-00229-9fe74b,memory,train,4,What is the most recently confirmed base color of person-240984? Return JSON with answer and fact_id. Ignore drafts and unrelated reports.,"A draft says person-240984 might use a different color; drafts are not facts.
Contradictory earlier report: person-240984 was once listed as violet; use the latest confirmed fact.
Contradictory earlier report: person-873674 was once listed as blue; use the latest confirmed fact.
Day 5: unrelated weather report 5.
Day 0: FACT F01 — person-873674 has base color blue.
Day 0: FACT F02 — person-240984 has base color violet.
Day 0: unrelated weather report 4.
Day 3: unrelated weather report 6.
Day 0: FACT F03 — person-838582 has base color violet.
Day 5: unrelated weather report 1.
Day 1: unrelated weather report 3.
Day 0: FACT F04 — person-432939 has base color indigo.
Day 0: FACT F05 — person-873674 has base color violet.
Day 0: FACT F06 — person-240984 has base color blue.
Day 0: FACT F07 — person-838582 has base color violet.
Day 1: unrelated weather report 2.
Day 8: FACT F08 — person-873674 has base color coral.
Day 9: FACT F09 — person-240984 has base color blue.","{'answer': 'blue', 'fact_id': 'F09', 'entity': 'person-240984'}",valid
MEMO-00230-370578,memory,train,5,What is the most recently confirmed base color of person-860782? Return JSON with answer and fact_id. Ignore drafts and unrelated reports.,"Long archive note: unrelated historical detail; unrelated historical detail; unrelated historical detail; unrelated historical detail; unrelated historical detail; unrelated historical detail; unrelated historical detail; unrelated historical detail; unrelated historical detail; unrelated historical detail; unrelated historical detail; unrelated historical detail; unrelated historical detail; unrelated historical detail; unrelated historical detail; unrelated historical detail; unrelated historical detail; unrelated historical detail; 
A draft says person-860782 might use a different color; drafts are not facts.
Contradictory earlier report: person-860782 was once listed as coral; use the latest confirmed fact.
Contradictory earlier report: person-454172 was once listed as violet; use the latest confirmed fact.
Contradictory earlier report: person-805320 was once listed as amber; use the latest confirmed fact.
Day 4: unrelated weather report 9.
Day 24: unrelated weather report 6.
Day 24: unrelated weather report 4.
Day 0: FACT F01 — person-805320 has base color amber.
Day 0: FACT F02 — person-454172 has base color violet.
Day 11: unrelated weather report 2.
Day 15: unrelated weather report 7.
Day 0: FACT F03 — person-860782 has base color coral.
Day 0: FACT F04 — person-798360 has base color green.
Day 0: FACT F05 — person-805320 has base color coral.
Day 0: FACT F06 — person-454172 has base color indigo.
Day 5: unrelated weather report 8.
Day 0: FACT F07 — person-860782 has base color violet.
Day 0: unrelated weather report 1.
Day 0: FACT F08 — person-798360 has base color coral.
Day 8: unrelated weather report 3.
Day 0: FACT F09 — person-805320 has base color indigo.
Day 0: FACT F10 — person-454172 has base color indigo.
Day 31: FACT F11 — person-805320 has base color green.
Day 14: unrelated weather report 10.
Day 28: unrelated weather report 5.
Day 32: FACT F12 — person-454172 has base color blue.
Day 33: FACT F13 — person-860782 has base color indigo.","{'answer': 'indigo', 'fact_id': 'F13', 'entity': 'person-860782'}",valid
MEMO-00231-b6c408,memory,train,1,What is the most recently confirmed base color of person-823695? Return JSON with answer and fact_id. Ignore drafts and unrelated reports.,"Day 0: FACT F01 — person-998606 has base color indigo.
Day 0: FACT F02 — person-823695 has base color green.","{'answer': 'green', 'fact_id': 'F02', 'entity': 'person-823695'}",valid
MEMO-00232-19ad66,memory,train,2,What is the most recently confirmed base color of person-958072? Return JSON with answer and fact_id. Ignore drafts and unrelated reports.,"Day 0: FACT F01 — person-853241 has base color blue.
Day 2: unrelated weather report 1.
Day 0: FACT F02 — person-549583 has base color green.
Day 0: FACT F03 — person-958072 has base color amber.","{'answer': 'amber', 'fact_id': 'F03', 'entity': 'person-958072'}",valid
MEMO-00233-ed5113,memory,train,3,What is the most recently confirmed base color of person-168848? Return JSON with answer and fact_id. Ignore drafts and unrelated reports.,"Contradictory earlier report: person-168848 was once listed as coral; use the latest confirmed fact.
Day 0: FACT F01 — person-168848 has base color coral.
Day 0: FACT F02 — person-318063 has base color green.
Day 3: unrelated weather report 1.
Day 0: FACT F03 — person-986399 has base color coral.
Day 0: FACT F04 — person-168848 has base color violet.
Day 0: FACT F05 — person-318063 has base color indigo.
Day 2: unrelated weather report 2.
Day 1: unrelated weather report 3.
Day 4: FACT F06 — person-168848 has base color indigo.","{'answer': 'indigo', 'fact_id': 'F06', 'entity': 'person-168848'}",valid
MEMO-00234-a8232c,memory,train,4,What is the most recently confirmed base color of person-619036? Return JSON with answer and fact_id. Ignore drafts and unrelated reports.,"A draft says person-619036 might use a different color; drafts are not facts.
Contradictory earlier report: person-619036 was once listed as coral; use the latest confirmed fact.
Contradictory earlier report: person-728337 was once listed as coral; use the latest confirmed fact.
Day 0: FACT F01 — person-728337 has base color coral.
Day 0: FACT F02 — person-619036 has base color coral.
Day 0: FACT F03 — person-560578 has base color violet.
Day 0: unrelated weather report 4.
Day 0: FACT F04 — person-354189 has base color coral.
Day 8: unrelated weather report 3.
Day 0: unrelated weather report 1.
Day 4: unrelated weather report 6.
Day 0: FACT F05 — person-728337 has base color indigo.
Day 0: FACT F06 — person-619036 has base color amber.
Day 3: unrelated weather report 2.
Day 0: FACT F07 — person-560578 has base color indigo.
Day 8: FACT F08 — person-728337 has base color indigo.
Day 4: unrelated weather report 5.
Day 9: FACT F09 — person-619036 has base color violet.","{'answer': 'violet', 'fact_id': 'F09', 'entity': 'person-619036'}",valid
MEMO-00235-43f89a,memory,train,5,What is the most recently confirmed base color of person-662385? Return JSON with answer and fact_id. Ignore drafts and unrelated reports.,"Long archive note: unrelated historical detail; unrelated historical detail; unrelated historical detail; unrelated historical detail; unrelated historical detail; unrelated historical detail; unrelated historical detail; unrelated historical detail; unrelated historical detail; unrelated historical detail; unrelated historical detail; unrelated historical detail; unrelated historical detail; unrelated historical detail; unrelated historical detail; unrelated historical detail; unrelated historical detail; unrelated historical detail; 
A draft says person-662385 might use a different color; drafts are not facts.
Contradictory earlier report: person-662385 was once listed as amber; use the latest confirmed fact.
Contradictory earlier report: person-369825 was once listed as coral; use the latest confirmed fact.
Contradictory earlier report: person-978877 was once listed as amber; use the latest confirmed fact.
Day 3: unrelated weather report 2.
Day 0: FACT F01 — person-978877 has base color amber.
Day 0: FACT F02 — person-369825 has base color coral.
Day 0: FACT F03 — person-662385 has base color amber.
Day 0: FACT F04 — person-986931 has base color indigo.
Day 12: unrelated weather report 7.
Day 0: FACT F05 — person-978877 has base color blue.
Day 0: FACT F06 — person-369825 has base color indigo.
Day 21: unrelated weather report 3.
Day 0: FACT F07 — person-662385 has base color amber.
Day 21: unrelated weather report 5.
Day 15: unrelated weather report 10.
Day 0: FACT F08 — person-986931 has base color coral.
Day 0: FACT F09 — person-978877 has base color amber.
Day 0: FACT F10 — person-369825 has base color indigo.
Day 31: FACT F11 — person-978877 has base color blue.
Day 9: unrelated weather report 1.
Day 24: unrelated weather report 9.
Day 17: unrelated weather report 6.
Day 32: FACT F12 — person-369825 has base color amber.
Day 27: unrelated weather report 4.
Day 33: FACT F13 — person-662385 has base color violet.
Day 7: unrelated weather report 8.","{'answer': 'violet', 'fact_id': 'F13', 'entity': 'person-662385'}",valid
MEMO-00236-280657,memory,train,1,What is the most recently confirmed base color of person-427173? Return JSON with answer and fact_id. Ignore drafts and unrelated reports.,"Day 0: FACT F01 — person-841418 has base color violet.
Day 0: FACT F02 — person-427173 has base color coral.","{'answer': 'coral', 'fact_id': 'F02', 'entity': 'person-427173'}",valid
MEMO-00237-a379e4,memory,train,2,What is the most recently confirmed base color of person-211956? Return JSON with answer and fact_id. Ignore drafts and unrelated reports.,"Day 0: unrelated weather report 1.
Day 0: FACT F01 — person-341494 has base color coral.
Day 0: FACT F02 — person-329698 has base color indigo.
Day 0: FACT F03 — person-211956 has base color indigo.","{'answer': 'indigo', 'fact_id': 'F03', 'entity': 'person-211956'}",valid
MEMO-00238-b86076,memory,train,3,What is the most recently confirmed base color of person-766365? Return JSON with answer and fact_id. Ignore drafts and unrelated reports.,"Contradictory earlier report: person-766365 was once listed as coral; use the latest confirmed fact.
Day 0: FACT F01 — person-766365 has base color coral.
Day 0: FACT F02 — person-163363 has base color green.
Day 0: FACT F03 — person-633095 has base color indigo.
Day 0: unrelated weather report 1.
Day 0: FACT F04 — person-766365 has base color coral.
Day 0: FACT F05 — person-163363 has base color indigo.
Day 1: unrelated weather report 3.
Day 4: unrelated weather report 2.
Day 4: FACT F06 — person-766365 has base color blue.","{'answer': 'blue', 'fact_id': 'F06', 'entity': 'person-766365'}",valid
MEMO-00239-be3208,memory,train,4,What is the most recently confirmed base color of person-720113? Return JSON with answer and fact_id. Ignore drafts and unrelated reports.,"A draft says person-720113 might use a different color; drafts are not facts.
Contradictory earlier report: person-720113 was once listed as blue; use the latest confirmed fact.
Contradictory earlier report: person-571808 was once listed as indigo; use the latest confirmed fact.
Day 7: unrelated weather report 4.
Day 0: FACT F01 — person-571808 has base color indigo.
Day 0: FACT F02 — person-720113 has base color blue.
Day 4: unrelated weather report 6.
Day 0: FACT F03 — person-935817 has base color green.
Day 0: FACT F04 — person-188261 has base color blue.
Day 7: unrelated weather report 5.
Day 0: FACT F05 — person-571808 has base color amber.
Day 7: unrelated weather report 3.
Day 0: FACT F06 — person-720113 has base color amber.
Day 5: unrelated weather report 2.
Day 5: unrelated weather report 1.
Day 0: FACT F07 — person-935817 has base color blue.
Day 8: FACT F08 — person-571808 has base color amber.
Day 9: FACT F09 — person-720113 has base color green.","{'answer': 'green', 'fact_id': 'F09', 'entity': 'person-720113'}",valid
MEMO-00240-e86293,memory,train,5,What is the most recently confirmed base color of person-727447? Return JSON with answer and fact_id. Ignore drafts and unrelated reports.,"Long archive note: unrelated historical detail; unrelated historical detail; unrelated historical detail; unrelated historical detail; unrelated historical detail; unrelated historical detail; unrelated historical detail; unrelated historical detail; unrelated historical detail; unrelated historical detail; unrelated historical detail; unrelated historical detail; unrelated historical detail; unrelated historical detail; unrelated historical detail; unrelated historical detail; unrelated historical detail; unrelated historical detail; 
A draft says person-727447 might use a different color; drafts are not facts.
Contradictory earlier report: person-727447 was once listed as coral; use the latest confirmed fact.
Contradictory earlier report: person-528010 was once listed as coral; use the latest confirmed fact.
Day 2: unrelated weather report 10.
Contradictory earlier report: person-840162 was once listed as indigo; use the latest confirmed fact.
Day 0: FACT F01 — person-840162 has base color indigo.
Day 0: FACT F02 — person-528010 has base color coral.
Day 0: FACT F03 — person-727447 has base color coral.
Day 10: unrelated weather report 8.
Day 31: unrelated weather report 6.
Day 0: FACT F04 — person-568878 has base color coral.
Day 0: FACT F05 — person-840162 has base color green.
Day 25: unrelated weather report 5.
Day 0: FACT F06 — person-528010 has base color coral.
Day 20: unrelated weather report 2.
Day 22: unrelated weather report 7.
Day 0: FACT F07 — person-727447 has base color indigo.
Day 28: unrelated weather report 3.
Day 0: FACT F08 — person-568878 has base color indigo.
Day 0: FACT F09 — person-840162 has base color green.
Day 0: FACT F10 — person-528010 has base color violet.
Day 31: FACT F11 — person-840162 has base color amber.
Day 16: unrelated weather report 9.
Day 22: unrelated weather report 1.
Day 32: FACT F12 — person-528010 has base color amber.
Day 29: unrelated weather report 4.
Day 33: FACT F13 — person-727447 has base color amber.","{'answer': 'amber', 'fact_id': 'F13', 'entity': 'person-727447'}",valid
MEMO-00241-67f751,memory,train,1,What is the most recently confirmed base color of person-791024? Return JSON with answer and fact_id. Ignore drafts and unrelated reports.,"Day 0: FACT F01 — person-569886 has base color green.
Day 0: FACT F02 — person-791024 has base color coral.","{'answer': 'coral', 'fact_id': 'F02', 'entity': 'person-791024'}",valid
MEMO-00242-0d0e03,memory,train,2,What is the most recently confirmed base color of person-960137? Return JSON with answer and fact_id. Ignore drafts and unrelated reports.,"Day 0: FACT F01 — person-491848 has base color green.
Day 0: FACT F02 — person-694016 has base color blue.
Day 2: unrelated weather report 1.
Day 0: FACT F03 — person-960137 has base color indigo.","{'answer': 'indigo', 'fact_id': 'F03', 'entity': 'person-960137'}",valid
MEMO-00243-f58275,memory,train,3,What is the most recently confirmed base color of person-919036? Return JSON with answer and fact_id. Ignore drafts and unrelated reports.,"Contradictory earlier report: person-919036 was once listed as green; use the latest confirmed fact.
Day 1: unrelated weather report 2.
Day 0: FACT F01 — person-919036 has base color green.
Day 0: FACT F02 — person-316791 has base color green.
Day 0: FACT F03 — person-491094 has base color amber.
Day 0: FACT F04 — person-919036 has base color blue.
Day 0: FACT F05 — person-316791 has base color blue.
Day 3: unrelated weather report 1.
Day 1: unrelated weather report 3.
Day 4: FACT F06 — person-919036 has base color blue.","{'answer': 'blue', 'fact_id': 'F06', 'entity': 'person-919036'}",valid
MEMO-00244-282c39,memory,train,4,What is the most recently confirmed base color of person-262393? Return JSON with answer and fact_id. Ignore drafts and unrelated reports.,"A draft says person-262393 might use a different color; drafts are not facts.
Day 4: unrelated weather report 6.
Contradictory earlier report: person-262393 was once listed as violet; use the latest confirmed fact.
Contradictory earlier report: person-635512 was once listed as green; use the latest confirmed fact.
Day 0: FACT F01 — person-635512 has base color green.
Day 2: unrelated weather report 3.
Day 1: unrelated weather report 1.
Day 0: unrelated weather report 4.
Day 0: FACT F02 — person-262393 has base color violet.
Day 0: FACT F03 — person-629294 has base color violet.
Day 5: unrelated weather report 5.
Day 0: FACT F04 — person-332779 has base color blue.
Day 0: FACT F05 — person-635512 has base color amber.
Day 0: FACT F06 — person-262393 has base color blue.
Day 0: FACT F07 — person-629294 has base color amber.
Day 8: FACT F08 — person-635512 has base color indigo.
Day 9: FACT F09 — person-262393 has base color amber.
Day 1: unrelated weather report 2.","{'answer': 'amber', 'fact_id': 'F09', 'entity': 'person-262393'}",valid
MEMO-00245-b1e389,memory,train,5,What is the most recently confirmed base color of person-660251? Return JSON with answer and fact_id. Ignore drafts and unrelated reports.,"Long archive note: unrelated historical detail; unrelated historical detail; unrelated historical detail; unrelated historical detail; unrelated historical detail; unrelated historical detail; unrelated historical detail; unrelated historical detail; unrelated historical detail; unrelated historical detail; unrelated historical detail; unrelated historical detail; unrelated historical detail; unrelated historical detail; unrelated historical detail; unrelated historical detail; unrelated historical detail; unrelated historical detail; 
A draft says person-660251 might use a different color; drafts are not facts.
Day 0: unrelated weather report 1.
Contradictory earlier report: person-660251 was once listed as amber; use the latest confirmed fact.
Day 18: unrelated weather report 4.
Contradictory earlier report: person-216955 was once listed as coral; use the latest confirmed fact.
Day 27: unrelated weather report 3.
Contradictory earlier report: person-814007 was once listed as violet; use the latest confirmed fact.
Day 0: FACT F01 — person-814007 has base color violet.
Day 0: FACT F02 — person-216955 has base color coral.
Day 0: FACT F03 — person-660251 has base color amber.
Day 0: FACT F04 — person-424431 has base color indigo.
Day 31: unrelated weather report 6.
Day 15: unrelated weather report 7.
Day 16: unrelated weather report 5.
Day 0: FACT F05 — person-814007 has base color amber.
Day 0: FACT F06 — person-216955 has base color violet.
Day 0: FACT F07 — person-660251 has base color violet.
Day 0: FACT F08 — person-424431 has base color green.
Day 0: FACT F09 — person-814007 has base color indigo.
Day 31: unrelated weather report 8.
Day 0: FACT F10 — person-216955 has base color green.
Day 31: FACT F11 — person-814007 has base color blue.
Day 23: unrelated weather report 9.
Day 32: FACT F12 — person-216955 has base color indigo.
Day 20: unrelated weather report 10.
Day 14: unrelated weather report 2.
Day 33: FACT F13 — person-660251 has base color green.","{'answer': 'green', 'fact_id': 'F13', 'entity': 'person-660251'}",valid
MEMO-00246-f69b18,memory,train,1,What is the most recently confirmed base color of person-450585? Return JSON with answer and fact_id. Ignore drafts and unrelated reports.,"Day 0: FACT F01 — person-123241 has base color violet.
Day 0: FACT F02 — person-450585 has base color blue.","{'answer': 'blue', 'fact_id': 'F02', 'entity': 'person-450585'}",valid
MEMO-00247-0f19fc,memory,train,2,What is the most recently confirmed base color of person-372433? Return JSON with answer and fact_id. Ignore drafts and unrelated reports.,"Day 0: FACT F01 — person-604000 has base color blue.
Day 2: unrelated weather report 1.
Day 0: FACT F02 — person-410967 has base color green.
Day 0: FACT F03 — person-372433 has base color coral.","{'answer': 'coral', 'fact_id': 'F03', 'entity': 'person-372433'}",valid
MEMO-00248-d93b4e,memory,train,3,What is the most recently confirmed base color of person-754867? Return JSON with answer and fact_id. Ignore drafts and unrelated reports.,"Contradictory earlier report: person-754867 was once listed as amber; use the latest confirmed fact.
Day 0: FACT F01 — person-754867 has base color amber.
Day 0: FACT F02 — person-709829 has base color indigo.
Day 1: unrelated weather report 1.
Day 0: FACT F03 — person-101057 has base color violet.
Day 0: FACT F04 — person-754867 has base color indigo.
Day 0: FACT F05 — person-709829 has base color coral.
Day 4: FACT F06 — person-754867 has base color blue.
Day 1: unrelated weather report 3.
Day 1: unrelated weather report 2.","{'answer': 'blue', 'fact_id': 'F06', 'entity': 'person-754867'}",valid
MEMO-00249-1537a5,memory,train,4,What is the most recently confirmed base color of person-377687? Return JSON with answer and fact_id. Ignore drafts and unrelated reports.,"A draft says person-377687 might use a different color; drafts are not facts.
Contradictory earlier report: person-377687 was once listed as green; use the latest confirmed fact.
Contradictory earlier report: person-751713 was once listed as green; use the latest confirmed fact.
Day 0: FACT F01 — person-751713 has base color green.
Day 0: FACT F02 — person-377687 has base color green.
Day 5: unrelated weather report 4.
Day 0: FACT F03 — person-604282 has base color coral.
Day 5: unrelated weather report 5.
Day 8: unrelated weather report 3.
Day 0: FACT F04 — person-407289 has base color coral.
Day 3: unrelated weather report 6.
Day 0: FACT F05 — person-751713 has base color amber.
Day 2: unrelated weather report 1.
Day 0: FACT F06 — person-377687 has base color blue.
Day 0: FACT F07 — person-604282 has base color amber.
Day 4: unrelated weather report 2.
Day 8: FACT F08 — person-751713 has base color indigo.
Day 9: FACT F09 — person-377687 has base color violet.","{'answer': 'violet', 'fact_id': 'F09', 'entity': 'person-377687'}",valid
MEMO-00250-c391a0,memory,train,5,What is the most recently confirmed base color of person-115957? Return JSON with answer and fact_id. Ignore drafts and unrelated reports.,"Long archive note: unrelated historical detail; unrelated historical detail; unrelated historical detail; unrelated historical detail; unrelated historical detail; unrelated historical detail; unrelated historical detail; unrelated historical detail; unrelated historical detail; unrelated historical detail; unrelated historical detail; unrelated historical detail; unrelated historical detail; unrelated historical detail; unrelated historical detail; unrelated historical detail; unrelated historical detail; unrelated historical detail; 
A draft says person-115957 might use a different color; drafts are not facts.
Day 20: unrelated weather report 2.
Contradictory earlier report: person-115957 was once listed as blue; use the latest confirmed fact.
Contradictory earlier report: person-753972 was once listed as green; use the latest confirmed fact.
Contradictory earlier report: person-948034 was once listed as amber; use the latest confirmed fact.
Day 0: FACT F01 — person-948034 has base color amber.
Day 0: FACT F02 — person-753972 has base color green.
Day 8: unrelated weather report 1.
Day 0: FACT F03 — person-115957 has base color blue.
Day 0: FACT F04 — person-390506 has base color violet.
Day 0: FACT F05 — person-948034 has base color green.
Day 11: unrelated weather report 10.
Day 0: FACT F06 — person-753972 has base color violet.
Day 6: unrelated weather report 6.
Day 2: unrelated weather report 3.
Day 0: FACT F07 — person-115957 has base color green.
Day 0: FACT F08 — person-390506 has base color indigo.
Day 0: FACT F09 — person-948034 has base color blue.
Day 11: unrelated weather report 7.
Day 0: FACT F10 — person-753972 has base color indigo.
Day 5: unrelated weather report 5.
Day 31: FACT F11 — person-948034 has base color green.
Day 6: unrelated weather report 9.
Day 32: FACT F12 — person-753972 has base color coral.
Day 19: unrelated weather report 8.
Day 33: FACT F13 — person-115957 has base color coral.
Day 28: unrelated weather report 4.","{'answer': 'coral', 'fact_id': 'F13', 'entity': 'person-115957'}",valid
MEMO-00251-c6088f,memory,train,1,What is the most recently confirmed base color of person-587857? Return JSON with answer and fact_id. Ignore drafts and unrelated reports.,"Day 0: FACT F01 — person-847669 has base color violet.
Day 0: FACT F02 — person-587857 has base color indigo.","{'answer': 'indigo', 'fact_id': 'F02', 'entity': 'person-587857'}",valid
MEMO-00252-31d08c,memory,train,2,What is the most recently confirmed base color of person-484089? Return JSON with answer and fact_id. Ignore drafts and unrelated reports.,"Day 0: FACT F01 — person-599705 has base color violet.
Day 0: FACT F02 — person-402421 has base color green.
Day 0: FACT F03 — person-484089 has base color blue.
Day 0: unrelated weather report 1.","{'answer': 'blue', 'fact_id': 'F03', 'entity': 'person-484089'}",valid
MEMO-00253-ed1321,memory,train,3,What is the most recently confirmed base color of person-238015? Return JSON with answer and fact_id. Ignore drafts and unrelated reports.,"Contradictory earlier report: person-238015 was once listed as coral; use the latest confirmed fact.
Day 4: unrelated weather report 3.
Day 0: FACT F01 — person-238015 has base color coral.
Day 0: FACT F02 — person-458091 has base color coral.
Day 2: unrelated weather report 1.
Day 0: FACT F03 — person-186005 has base color blue.
Day 4: unrelated weather report 2.
Day 0: FACT F04 — person-238015 has base color coral.
Day 0: FACT F05 — person-458091 has base color amber.
Day 4: FACT F06 — person-238015 has base color amber.","{'answer': 'amber', 'fact_id': 'F06', 'entity': 'person-238015'}",valid
MEMO-00254-f01340,memory,train,4,What is the most recently confirmed base color of person-970138? Return JSON with answer and fact_id. Ignore drafts and unrelated reports.,"A draft says person-970138 might use a different color; drafts are not facts.
Contradictory earlier report: person-970138 was once listed as violet; use the latest confirmed fact.
Contradictory earlier report: person-715791 was once listed as amber; use the latest confirmed fact.
Day 8: unrelated weather report 5.
Day 6: unrelated weather report 3.
Day 0: FACT F01 — person-715791 has base color amber.
Day 0: FACT F02 — person-970138 has base color violet.
Day 5: unrelated weather report 4.
Day 0: FACT F03 — person-326129 has base color blue.
Day 0: FACT F04 — person-273667 has base color blue.
Day 0: FACT F05 — person-715791 has base color green.
Day 0: FACT F06 — person-970138 has base color blue.
Day 0: FACT F07 — person-326129 has base color violet.
Day 8: FACT F08 — person-715791 has base color violet.
Day 7: unrelated weather report 6.
Day 5: unrelated weather report 1.
Day 3: unrelated weather report 2.
Day 9: FACT F09 — person-970138 has base color green.","{'answer': 'green', 'fact_id': 'F09', 'entity': 'person-970138'}",valid
MEMO-00255-dcebb6,memory,train,5,What is the most recently confirmed base color of person-424079? Return JSON with answer and fact_id. Ignore drafts and unrelated reports.,"Long archive note: unrelated historical detail; unrelated historical detail; unrelated historical detail; unrelated historical detail; unrelated historical detail; unrelated historical detail; unrelated historical detail; unrelated historical detail; unrelated historical detail; unrelated historical detail; unrelated historical detail; unrelated historical detail; unrelated historical detail; unrelated historical detail; unrelated historical detail; unrelated historical detail; unrelated historical detail; unrelated historical detail; 
A draft says person-424079 might use a different color; drafts are not facts.
Contradictory earlier report: person-424079 was once listed as amber; use the latest confirmed fact.
Contradictory earlier report: person-514139 was once listed as violet; use the latest confirmed fact.
Day 30: unrelated weather report 9.
Day 1: unrelated weather report 10.
Contradictory earlier report: person-186795 was once listed as green; use the latest confirmed fact.
Day 18: unrelated weather report 2.
Day 0: FACT F01 — person-186795 has base color green.
Day 0: FACT F02 — person-514139 has base color violet.
Day 6: unrelated weather report 6.
Day 0: FACT F03 — person-424079 has base color amber.
Day 0: FACT F04 — person-640186 has base color coral.
Day 7: unrelated weather report 1.
Day 2: unrelated weather report 4.
Day 0: FACT F05 — person-186795 has base color green.
Day 0: FACT F06 — person-514139 has base color amber.
Day 15: unrelated weather report 3.
Day 0: FACT F07 — person-424079 has base color amber.
Day 0: FACT F08 — person-640186 has base color violet.
Day 0: FACT F09 — person-186795 has base color violet.
Day 0: FACT F10 — person-514139 has base color indigo.
Day 31: FACT F11 — person-186795 has base color coral.
Day 10: unrelated weather report 7.
Day 32: FACT F12 — person-514139 has base color coral.
Day 13: unrelated weather report 5.
Day 33: FACT F13 — person-424079 has base color coral.
Day 10: unrelated weather report 8.","{'answer': 'coral', 'fact_id': 'F13', 'entity': 'person-424079'}",valid
MEMO-00256-94ad8d,memory,train,1,What is the most recently confirmed base color of person-798874? Return JSON with answer and fact_id. Ignore drafts and unrelated reports.,"Day 0: FACT F01 — person-960701 has base color green.
Day 0: FACT F02 — person-798874 has base color indigo.","{'answer': 'indigo', 'fact_id': 'F02', 'entity': 'person-798874'}",valid
MEMO-00257-268457,memory,train,2,What is the most recently confirmed base color of person-888681? Return JSON with answer and fact_id. Ignore drafts and unrelated reports.,"Day 1: unrelated weather report 1.
Day 0: FACT F01 — person-224680 has base color coral.
Day 0: FACT F02 — person-730859 has base color blue.
Day 0: FACT F03 — person-888681 has base color blue.","{'answer': 'blue', 'fact_id': 'F03', 'entity': 'person-888681'}",valid
MEMO-00258-5e9f32,memory,train,3,What is the most recently confirmed base color of person-260086? Return JSON with answer and fact_id. Ignore drafts and unrelated reports.,"Contradictory earlier report: person-260086 was once listed as green; use the latest confirmed fact.
Day 1: unrelated weather report 3.
Day 0: FACT F01 — person-260086 has base color green.
Day 0: FACT F02 — person-289819 has base color amber.
Day 0: FACT F03 — person-364564 has base color indigo.
Day 1: unrelated weather report 2.
Day 0: FACT F04 — person-260086 has base color blue.
Day 0: FACT F05 — person-289819 has base color blue.
Day 4: FACT F06 — person-260086 has base color amber.
Day 1: unrelated weather report 1.","{'answer': 'amber', 'fact_id': 'F06', 'entity': 'person-260086'}",valid
MEMO-00259-e9638c,memory,train,4,What is the most recently confirmed base color of person-812807? Return JSON with answer and fact_id. Ignore drafts and unrelated reports.,"A draft says person-812807 might use a different color; drafts are not facts.
Contradictory earlier report: person-812807 was once listed as green; use the latest confirmed fact.
Contradictory earlier report: person-329886 was once listed as green; use the latest confirmed fact.
Day 0: FACT F01 — person-329886 has base color green.
Day 2: unrelated weather report 2.
Day 3: unrelated weather report 6.
Day 5: unrelated weather report 4.
Day 0: FACT F02 — person-812807 has base color green.
Day 0: FACT F03 — person-507978 has base color blue.
Day 4: unrelated weather report 1.
Day 0: FACT F04 — person-430410 has base color violet.
Day 2: unrelated weather report 5.
Day 0: FACT F05 — person-329886 has base color amber.
Day 0: FACT F06 — person-812807 has base color violet.
Day 0: FACT F07 — person-507978 has base color green.
Day 8: FACT F08 — person-329886 has base color blue.
Day 9: FACT F09 — person-812807 has base color amber.
Day 1: unrelated weather report 3.","{'answer': 'amber', 'fact_id': 'F09', 'entity': 'person-812807'}",valid
MEMO-00260-963a3f,memory,train,5,What is the most recently confirmed base color of person-342069? Return JSON with answer and fact_id. Ignore drafts and unrelated reports.,"Long archive note: unrelated historical detail; unrelated historical detail; unrelated historical detail; unrelated historical detail; unrelated historical detail; unrelated historical detail; unrelated historical detail; unrelated historical detail; unrelated historical detail; unrelated historical detail; unrelated historical detail; unrelated historical detail; unrelated historical detail; unrelated historical detail; unrelated historical detail; unrelated historical detail; unrelated historical detail; unrelated historical detail; 
A draft says person-342069 might use a different color; drafts are not facts.
Day 21: unrelated weather report 10.
Contradictory earlier report: person-342069 was once listed as blue; use the latest confirmed fact.
Day 19: unrelated weather report 3.
Contradictory earlier report: person-462419 was once listed as blue; use the latest confirmed fact.
Contradictory earlier report: person-545590 was once listed as green; use the latest confirmed fact.
Day 5: unrelated weather report 2.
Day 0: FACT F01 — person-545590 has base color green.
Day 0: FACT F02 — person-462419 has base color blue.
Day 10: unrelated weather report 1.
Day 12: unrelated weather report 8.
Day 0: FACT F03 — person-342069 has base color blue.
Day 28: unrelated weather report 9.
Day 0: FACT F04 — person-247310 has base color green.
Day 8: unrelated weather report 5.
Day 0: FACT F05 — person-545590 has base color green.
Day 0: FACT F06 — person-462419 has base color blue.
Day 0: FACT F07 — person-342069 has base color blue.
Day 0: FACT F08 — person-247310 has base color blue.
Day 0: FACT F09 — person-545590 has base color green.
Day 0: FACT F10 — person-462419 has base color violet.
Day 13: unrelated weather report 7.
Day 31: FACT F11 — person-545590 has base color indigo.
Day 29: unrelated weather report 6.
Day 32: FACT F12 — person-462419 has base color coral.
Day 33: FACT F13 — person-342069 has base color amber.
Day 9: unrelated weather report 4.","{'answer': 'amber', 'fact_id': 'F13', 'entity': 'person-342069'}",valid
MEMO-00261-c1c8be,memory,train,1,What is the most recently confirmed base color of person-119598? Return JSON with answer and fact_id. Ignore drafts and unrelated reports.,"Day 0: FACT F01 — person-286069 has base color amber.
Day 0: FACT F02 — person-119598 has base color blue.","{'answer': 'blue', 'fact_id': 'F02', 'entity': 'person-119598'}",valid
MEMO-00262-80e0ce,memory,train,2,What is the most recently confirmed base color of person-394063? Return JSON with answer and fact_id. Ignore drafts and unrelated reports.,"Day 0: FACT F01 — person-548958 has base color coral.
Day 0: FACT F02 — person-906342 has base color indigo.
Day 0: unrelated weather report 1.
Day 0: FACT F03 — person-394063 has base color amber.","{'answer': 'amber', 'fact_id': 'F03', 'entity': 'person-394063'}",valid
MEMO-00263-944f14,memory,train,3,What is the most recently confirmed base color of person-525417? Return JSON with answer and fact_id. Ignore drafts and unrelated reports.,"Contradictory earlier report: person-525417 was once listed as violet; use the latest confirmed fact.
Day 0: FACT F01 — person-525417 has base color violet.
Day 0: FACT F02 — person-873163 has base color coral.
Day 4: unrelated weather report 3.
Day 1: unrelated weather report 2.
Day 0: FACT F03 — person-987228 has base color violet.
Day 0: FACT F04 — person-525417 has base color indigo.
Day 0: FACT F05 — person-873163 has base color violet.
Day 1: unrelated weather report 1.
Day 4: FACT F06 — person-525417 has base color blue.","{'answer': 'blue', 'fact_id': 'F06', 'entity': 'person-525417'}",valid
MEMO-00264-10a52a,memory,train,4,What is the most recently confirmed base color of person-310843? Return JSON with answer and fact_id. Ignore drafts and unrelated reports.,"A draft says person-310843 might use a different color; drafts are not facts.
Contradictory earlier report: person-310843 was once listed as amber; use the latest confirmed fact.
Contradictory earlier report: person-293244 was once listed as indigo; use the latest confirmed fact.
Day 0: FACT F01 — person-293244 has base color indigo.
Day 0: FACT F02 — person-310843 has base color amber.
Day 4: unrelated weather report 4.
Day 4: unrelated weather report 1.
Day 5: unrelated weather report 2.
Day 0: FACT F03 — person-357325 has base color violet.
Day 0: FACT F04 — person-641156 has base color green.
Day 0: FACT F05 — person-293244 has base color violet.
Day 0: FACT F06 — person-310843 has base color amber.
Day 8: unrelated weather report 5.
Day 0: FACT F07 — person-357325 has base color green.
Day 8: FACT F08 — person-293244 has base color blue.
Day 9: FACT F09 — person-310843 has base color indigo.
Day 7: unrelated weather report 3.
Day 5: unrelated weather report 6.","{'answer': 'indigo', 'fact_id': 'F09', 'entity': 'person-310843'}",valid
MEMO-00265-e69caa,memory,train,5,What is the most recently confirmed base color of person-933806? Return JSON with answer and fact_id. Ignore drafts and unrelated reports.,"Long archive note: unrelated historical detail; unrelated historical detail; unrelated historical detail; unrelated historical detail; unrelated historical detail; unrelated historical detail; unrelated historical detail; unrelated historical detail; unrelated historical detail; unrelated historical detail; unrelated historical detail; unrelated historical detail; unrelated historical detail; unrelated historical detail; unrelated historical detail; unrelated historical detail; unrelated historical detail; unrelated historical detail; 
A draft says person-933806 might use a different color; drafts are not facts.
Day 27: unrelated weather report 2.
Contradictory earlier report: person-933806 was once listed as green; use the latest confirmed fact.
Contradictory earlier report: person-730475 was once listed as coral; use the latest confirmed fact.
Day 19: unrelated weather report 7.
Day 4: unrelated weather report 4.
Day 4: unrelated weather report 8.
Contradictory earlier report: person-994082 was once listed as coral; use the latest confirmed fact.
Day 0: FACT F01 — person-994082 has base color coral.
Day 0: FACT F02 — person-730475 has base color coral.
Day 0: FACT F03 — person-933806 has base color green.
Day 31: unrelated weather report 1.
Day 4: unrelated weather report 3.
Day 0: FACT F04 — person-877792 has base color violet.
Day 0: FACT F05 — person-994082 has base color green.
Day 0: FACT F06 — person-730475 has base color violet.
Day 3: unrelated weather report 9.
Day 27: unrelated weather report 10.
Day 0: FACT F07 — person-933806 has base color indigo.
Day 0: FACT F08 — person-877792 has base color blue.
Day 0: FACT F09 — person-994082 has base color amber.
Day 5: unrelated weather report 5.
Day 0: FACT F10 — person-730475 has base color amber.
Day 31: FACT F11 — person-994082 has base color violet.
Day 32: FACT F12 — person-730475 has base color indigo.
Day 33: FACT F13 — person-933806 has base color indigo.
Day 18: unrelated weather report 6.","{'answer': 'indigo', 'fact_id': 'F13', 'entity': 'person-933806'}",valid
MEMO-00266-762d2a,memory,train,1,What is the most recently confirmed base color of person-751953? Return JSON with answer and fact_id. Ignore drafts and unrelated reports.,"Day 0: FACT F01 — person-437041 has base color blue.
Day 0: FACT F02 — person-751953 has base color violet.","{'answer': 'violet', 'fact_id': 'F02', 'entity': 'person-751953'}",valid
MEMO-00267-8ff659,memory,train,2,What is the most recently confirmed base color of person-244412? Return JSON with answer and fact_id. Ignore drafts and unrelated reports.,"Day 0: unrelated weather report 1.
Day 0: FACT F01 — person-834288 has base color violet.
Day 0: FACT F02 — person-524631 has base color amber.
Day 0: FACT F03 — person-244412 has base color indigo.","{'answer': 'indigo', 'fact_id': 'F03', 'entity': 'person-244412'}",valid
MEMO-00268-8553fe,memory,train,3,What is the most recently confirmed base color of person-308548? Return JSON with answer and fact_id. Ignore drafts and unrelated reports.,"Day 0: unrelated weather report 1.
Contradictory earlier report: person-308548 was once listed as blue; use the latest confirmed fact.
Day 0: FACT F01 — person-308548 has base color blue.
Day 0: FACT F02 — person-682153 has base color blue.
Day 3: unrelated weather report 3.
Day 0: FACT F03 — person-813197 has base color amber.
Day 0: FACT F04 — person-308548 has base color coral.
Day 0: FACT F05 — person-682153 has base color violet.
Day 3: unrelated weather report 2.
Day 4: FACT F06 — person-308548 has base color violet.","{'answer': 'violet', 'fact_id': 'F06', 'entity': 'person-308548'}",valid
MEMO-00269-919507,memory,train,4,What is the most recently confirmed base color of person-354054? Return JSON with answer and fact_id. Ignore drafts and unrelated reports.,"A draft says person-354054 might use a different color; drafts are not facts.
Contradictory earlier report: person-354054 was once listed as coral; use the latest confirmed fact.
Contradictory earlier report: person-801839 was once listed as violet; use the latest confirmed fact.
Day 0: FACT F01 — person-801839 has base color violet.
Day 2: unrelated weather report 6.
Day 0: FACT F02 — person-354054 has base color coral.
Day 0: unrelated weather report 5.
Day 4: unrelated weather report 4.
Day 0: FACT F03 — person-300353 has base color coral.
Day 0: FACT F04 — person-503630 has base color blue.
Day 7: unrelated weather report 3.
Day 0: FACT F05 — person-801839 has base color green.
Day 0: unrelated weather report 1.
Day 4: unrelated weather report 2.
Day 0: FACT F06 — person-354054 has base color coral.
Day 0: FACT F07 — person-300353 has base color coral.
Day 8: FACT F08 — person-801839 has base color amber.
Day 9: FACT F09 — person-354054 has base color amber.","{'answer': 'amber', 'fact_id': 'F09', 'entity': 'person-354054'}",valid
MEMO-00270-e7b60e,memory,train,5,What is the most recently confirmed base color of person-573127? Return JSON with answer and fact_id. Ignore drafts and unrelated reports.,"Long archive note: unrelated historical detail; unrelated historical detail; unrelated historical detail; unrelated historical detail; unrelated historical detail; unrelated historical detail; unrelated historical detail; unrelated historical detail; unrelated historical detail; unrelated historical detail; unrelated historical detail; unrelated historical detail; unrelated historical detail; unrelated historical detail; unrelated historical detail; unrelated historical detail; unrelated historical detail; unrelated historical detail; 
A draft says person-573127 might use a different color; drafts are not facts.
Day 31: unrelated weather report 3.
Day 22: unrelated weather report 5.
Contradictory earlier report: person-573127 was once listed as indigo; use the latest confirmed fact.
Day 13: unrelated weather report 4.
Contradictory earlier report: person-422928 was once listed as indigo; use the latest confirmed fact.
Contradictory earlier report: person-433126 was once listed as coral; use the latest confirmed fact.
Day 6: unrelated weather report 9.
Day 13: unrelated weather report 1.
Day 0: FACT F01 — person-433126 has base color coral.
Day 0: FACT F02 — person-422928 has base color indigo.
Day 27: unrelated weather report 6.
Day 0: FACT F03 — person-573127 has base color indigo.
Day 0: FACT F04 — person-928008 has base color coral.
Day 20: unrelated weather report 8.
Day 0: FACT F05 — person-433126 has base color green.
Day 0: FACT F06 — person-422928 has base color violet.
Day 8: unrelated weather report 2.
Day 5: unrelated weather report 7.
Day 12: unrelated weather report 10.
Day 0: FACT F07 — person-573127 has base color coral.
Day 0: FACT F08 — person-928008 has base color coral.
Day 0: FACT F09 — person-433126 has base color violet.
Day 0: FACT F10 — person-422928 has base color coral.
Day 31: FACT F11 — person-433126 has base color blue.
Day 32: FACT F12 — person-422928 has base color violet.
Day 33: FACT F13 — person-573127 has base color coral.","{'answer': 'coral', 'fact_id': 'F13', 'entity': 'person-573127'}",valid
MEMO-00271-504b8b,memory,train,1,What is the most recently confirmed base color of person-446970? Return JSON with answer and fact_id. Ignore drafts and unrelated reports.,"Day 0: FACT F01 — person-832701 has base color coral.
Day 0: FACT F02 — person-446970 has base color blue.","{'answer': 'blue', 'fact_id': 'F02', 'entity': 'person-446970'}",valid
MEMO-00272-5dca2f,memory,train,2,What is the most recently confirmed base color of person-327560? Return JSON with answer and fact_id. Ignore drafts and unrelated reports.,"Day 0: FACT F01 — person-113328 has base color blue.
Day 0: FACT F02 — person-234599 has base color coral.
Day 0: unrelated weather report 1.
Day 0: FACT F03 — person-327560 has base color coral.","{'answer': 'coral', 'fact_id': 'F03', 'entity': 'person-327560'}",valid
MEMO-00273-d71ed8,memory,train,3,What is the most recently confirmed base color of person-728926? Return JSON with answer and fact_id. Ignore drafts and unrelated reports.,"Contradictory earlier report: person-728926 was once listed as coral; use the latest confirmed fact.
Day 0: FACT F01 — person-728926 has base color coral.
Day 1: unrelated weather report 3.
Day 0: unrelated weather report 1.
Day 0: FACT F02 — person-819203 has base color blue.
Day 0: FACT F03 — person-350743 has base color green.
Day 0: FACT F04 — person-728926 has base color amber.
Day 0: unrelated weather report 2.
Day 0: FACT F05 — person-819203 has base color green.
Day 4: FACT F06 — person-728926 has base color indigo.","{'answer': 'indigo', 'fact_id': 'F06', 'entity': 'person-728926'}",valid
MEMO-00274-4fcce1,memory,train,4,What is the most recently confirmed base color of person-434859? Return JSON with answer and fact_id. Ignore drafts and unrelated reports.,"A draft says person-434859 might use a different color; drafts are not facts.
Day 5: unrelated weather report 1.
Day 1: unrelated weather report 5.
Contradictory earlier report: person-434859 was once listed as indigo; use the latest confirmed fact.
Contradictory earlier report: person-507635 was once listed as amber; use the latest confirmed fact.
Day 0: FACT F01 — person-507635 has base color amber.
Day 0: FACT F02 — person-434859 has base color indigo.
Day 0: FACT F03 — person-912039 has base color indigo.
Day 1: unrelated weather report 2.
Day 8: unrelated weather report 6.
Day 0: FACT F04 — person-896329 has base color blue.
Day 0: FACT F05 — person-507635 has base color indigo.
Day 0: FACT F06 — person-434859 has base color coral.
Day 0: FACT F07 — person-912039 has base color indigo.
Day 8: unrelated weather report 4.
Day 3: unrelated weather report 3.
Day 8: FACT F08 — person-507635 has base color indigo.
Day 9: FACT F09 — person-434859 has base color green.","{'answer': 'green', 'fact_id': 'F09', 'entity': 'person-434859'}",valid
MEMO-00275-c5761c,memory,train,5,What is the most recently confirmed base color of person-570954? Return JSON with answer and fact_id. Ignore drafts and unrelated reports.,"Long archive note: unrelated historical detail; unrelated historical detail; unrelated historical detail; unrelated historical detail; unrelated historical detail; unrelated historical detail; unrelated historical detail; unrelated historical detail; unrelated historical detail; unrelated historical detail; unrelated historical detail; unrelated historical detail; unrelated historical detail; unrelated historical detail; unrelated historical detail; unrelated historical detail; unrelated historical detail; unrelated historical detail; 
A draft says person-570954 might use a different color; drafts are not facts.
Contradictory earlier report: person-570954 was once listed as coral; use the latest confirmed fact.
Contradictory earlier report: person-218405 was once listed as amber; use the latest confirmed fact.
Day 25: unrelated weather report 3.
Day 18: unrelated weather report 9.
Day 14: unrelated weather report 7.
Day 0: unrelated weather report 4.
Contradictory earlier report: person-455641 was once listed as indigo; use the latest confirmed fact.
Day 27: unrelated weather report 10.
Day 18: unrelated weather report 6.
Day 0: FACT F01 — person-455641 has base color indigo.
Day 18: unrelated weather report 8.
Day 0: FACT F02 — person-218405 has base color amber.
Day 0: FACT F03 — person-570954 has base color coral.
Day 0: FACT F04 — person-181041 has base color violet.
Day 19: unrelated weather report 5.
Day 0: FACT F05 — person-455641 has base color green.
Day 0: FACT F06 — person-218405 has base color coral.
Day 0: FACT F07 — person-570954 has base color indigo.
Day 0: FACT F08 — person-181041 has base color violet.
Day 0: FACT F09 — person-455641 has base color blue.
Day 0: FACT F10 — person-218405 has base color amber.
Day 31: FACT F11 — person-455641 has base color blue.
Day 32: FACT F12 — person-218405 has base color blue.
Day 2: unrelated weather report 2.
Day 33: FACT F13 — person-570954 has base color amber.
Day 27: unrelated weather report 1.","{'answer': 'amber', 'fact_id': 'F13', 'entity': 'person-570954'}",valid
MEMO-00276-903ce6,memory,train,1,What is the most recently confirmed base color of person-388010? Return JSON with answer and fact_id. Ignore drafts and unrelated reports.,"Day 0: FACT F01 — person-838744 has base color violet.
Day 0: FACT F02 — person-388010 has base color amber.","{'answer': 'amber', 'fact_id': 'F02', 'entity': 'person-388010'}",valid
MEMO-00277-f9a912,memory,train,2,What is the most recently confirmed base color of person-472644? Return JSON with answer and fact_id. Ignore drafts and unrelated reports.,"Day 0: FACT F01 — person-931635 has base color violet.
Day 0: FACT F02 — person-213307 has base color blue.
Day 2: unrelated weather report 1.
Day 0: FACT F03 — person-472644 has base color coral.","{'answer': 'coral', 'fact_id': 'F03', 'entity': 'person-472644'}",valid
MEMO-00278-6759d6,memory,train,3,What is the most recently confirmed base color of person-393845? Return JSON with answer and fact_id. Ignore drafts and unrelated reports.,"Contradictory earlier report: person-393845 was once listed as amber; use the latest confirmed fact.
Day 3: unrelated weather report 1.
Day 0: FACT F01 — person-393845 has base color amber.
Day 4: unrelated weather report 3.
Day 0: FACT F02 — person-280551 has base color green.
Day 0: FACT F03 — person-903521 has base color amber.
Day 0: FACT F04 — person-393845 has base color amber.
Day 0: FACT F05 — person-280551 has base color indigo.
Day 4: FACT F06 — person-393845 has base color coral.
Day 4: unrelated weather report 2.","{'answer': 'coral', 'fact_id': 'F06', 'entity': 'person-393845'}",valid
MEMO-00279-d9f766,memory,train,4,What is the most recently confirmed base color of person-155327? Return JSON with answer and fact_id. Ignore drafts and unrelated reports.,"A draft says person-155327 might use a different color; drafts are not facts.
Contradictory earlier report: person-155327 was once listed as indigo; use the latest confirmed fact.
Contradictory earlier report: person-462174 was once listed as blue; use the latest confirmed fact.
Day 7: unrelated weather report 2.
Day 0: FACT F01 — person-462174 has base color blue.
Day 2: unrelated weather report 6.
Day 0: unrelated weather report 4.
Day 0: FACT F02 — person-155327 has base color indigo.
Day 0: FACT F03 — person-358541 has base color amber.
Day 0: FACT F04 — person-442999 has base color indigo.
Day 0: unrelated weather report 1.
Day 0: FACT F05 — person-462174 has base color blue.
Day 0: FACT F06 — person-155327 has base color coral.
Day 0: FACT F07 — person-358541 has base color indigo.
Day 8: FACT F08 — person-462174 has base color indigo.
Day 6: unrelated weather report 5.
Day 3: unrelated weather report 3.
Day 9: FACT F09 — person-155327 has base color blue.","{'answer': 'blue', 'fact_id': 'F09', 'entity': 'person-155327'}",valid
MEMO-00280-2b2505,memory,train,5,What is the most recently confirmed base color of person-376530? Return JSON with answer and fact_id. Ignore drafts and unrelated reports.,"Long archive note: unrelated historical detail; unrelated historical detail; unrelated historical detail; unrelated historical detail; unrelated historical detail; unrelated historical detail; unrelated historical detail; unrelated historical detail; unrelated historical detail; unrelated historical detail; unrelated historical detail; unrelated historical detail; unrelated historical detail; unrelated historical detail; unrelated historical detail; unrelated historical detail; unrelated historical detail; unrelated historical detail; 
A draft says person-376530 might use a different color; drafts are not facts.
Contradictory earlier report: person-376530 was once listed as indigo; use the latest confirmed fact.
Contradictory earlier report: person-816504 was once listed as coral; use the latest confirmed fact.
Day 11: unrelated weather report 10.
Contradictory earlier report: person-861755 was once listed as violet; use the latest confirmed fact.
Day 10: unrelated weather report 3.
Day 0: FACT F01 — person-861755 has base color violet.
Day 16: unrelated weather report 6.
Day 6: unrelated weather report 4.
Day 0: FACT F02 — person-816504 has base color coral.
Day 0: unrelated weather report 5.
Day 0: FACT F03 — person-376530 has base color indigo.
Day 0: FACT F04 — person-202361 has base color green.
Day 0: FACT F05 — person-861755 has base color violet.
Day 0: FACT F06 — person-816504 has base color amber.
Day 0: FACT F07 — person-376530 has base color blue.
Day 0: FACT F08 — person-202361 has base color blue.
Day 0: FACT F09 — person-861755 has base color green.
Day 0: FACT F10 — person-816504 has base color indigo.
Day 3: unrelated weather report 2.
Day 31: FACT F11 — person-861755 has base color green.
Day 27: unrelated weather report 7.
Day 32: FACT F12 — person-816504 has base color indigo.
Day 33: FACT F13 — person-376530 has base color blue.
Day 25: unrelated weather report 8.
Day 9: unrelated weather report 1.
Day 6: unrelated weather report 9.","{'answer': 'blue', 'fact_id': 'F13', 'entity': 'person-376530'}",valid
MEMO-00281-45b070,memory,train,1,What is the most recently confirmed base color of person-216995? Return JSON with answer and fact_id. Ignore drafts and unrelated reports.,"Day 0: FACT F01 — person-610791 has base color amber.
Day 0: FACT F02 — person-216995 has base color blue.","{'answer': 'blue', 'fact_id': 'F02', 'entity': 'person-216995'}",valid
MEMO-00282-dc8e26,memory,train,2,What is the most recently confirmed base color of person-931459? Return JSON with answer and fact_id. Ignore drafts and unrelated reports.,"Day 0: FACT F01 — person-860360 has base color green.
Day 0: FACT F02 — person-655642 has base color indigo.
Day 1: unrelated weather report 1.
Day 0: FACT F03 — person-931459 has base color violet.","{'answer': 'violet', 'fact_id': 'F03', 'entity': 'person-931459'}",valid
MEMO-00283-51588e,memory,train,3,What is the most recently confirmed base color of person-615303? Return JSON with answer and fact_id. Ignore drafts and unrelated reports.,"Contradictory earlier report: person-615303 was once listed as amber; use the latest confirmed fact.
Day 0: FACT F01 — person-615303 has base color amber.
Day 0: FACT F02 — person-679023 has base color indigo.
Day 1: unrelated weather report 2.
Day 0: FACT F03 — person-964665 has base color violet.
Day 0: FACT F04 — person-615303 has base color indigo.
Day 3: unrelated weather report 1.
Day 0: FACT F05 — person-679023 has base color amber.
Day 0: unrelated weather report 3.
Day 4: FACT F06 — person-615303 has base color green.","{'answer': 'green', 'fact_id': 'F06', 'entity': 'person-615303'}",valid
MEMO-00284-700826,memory,train,4,What is the most recently confirmed base color of person-969186? Return JSON with answer and fact_id. Ignore drafts and unrelated reports.,"A draft says person-969186 might use a different color; drafts are not facts.
Contradictory earlier report: person-969186 was once listed as amber; use the latest confirmed fact.
Contradictory earlier report: person-954802 was once listed as violet; use the latest confirmed fact.
Day 0: FACT F01 — person-954802 has base color violet.
Day 0: FACT F02 — person-969186 has base color amber.
Day 0: FACT F03 — person-520506 has base color coral.
Day 8: unrelated weather report 1.
Day 1: unrelated weather report 5.
Day 0: FACT F04 — person-746700 has base color blue.
Day 4: unrelated weather report 2.
Day 1: unrelated weather report 4.
Day 0: FACT F05 — person-954802 has base color coral.
Day 0: FACT F06 — person-969186 has base color coral.
Day 0: FACT F07 — person-520506 has base color coral.
Day 8: FACT F08 — person-954802 has base color blue.
Day 8: unrelated weather report 6.
Day 3: unrelated weather report 3.
Day 9: FACT F09 — person-969186 has base color green.","{'answer': 'green', 'fact_id': 'F09', 'entity': 'person-969186'}",valid
MEMO-00285-b1baee,memory,train,5,What is the most recently confirmed base color of person-644366? Return JSON with answer and fact_id. Ignore drafts and unrelated reports.,"Long archive note: unrelated historical detail; unrelated historical detail; unrelated historical detail; unrelated historical detail; unrelated historical detail; unrelated historical detail; unrelated historical detail; unrelated historical detail; unrelated historical detail; unrelated historical detail; unrelated historical detail; unrelated historical detail; unrelated historical detail; unrelated historical detail; unrelated historical detail; unrelated historical detail; unrelated historical detail; unrelated historical detail; 
A draft says person-644366 might use a different color; drafts are not facts.
Contradictory earlier report: person-644366 was once listed as violet; use the latest confirmed fact.
Day 28: unrelated weather report 5.
Contradictory earlier report: person-884355 was once listed as amber; use the latest confirmed fact.
Day 15: unrelated weather report 9.
Day 0: unrelated weather report 6.
Contradictory earlier report: person-718233 was once listed as indigo; use the latest confirmed fact.
Day 0: FACT F01 — person-718233 has base color indigo.
Day 0: FACT F02 — person-884355 has base color amber.
Day 0: FACT F03 — person-644366 has base color violet.
Day 0: unrelated weather report 1.
Day 0: FACT F04 — person-221651 has base color green.
Day 1: unrelated weather report 10.
Day 0: FACT F05 — person-718233 has base color coral.
Day 0: FACT F06 — person-884355 has base color coral.
Day 0: FACT F07 — person-644366 has base color violet.
Day 0: FACT F08 — person-221651 has base color amber.
Day 19: unrelated weather report 2.
Day 26: unrelated weather report 7.
Day 0: FACT F09 — person-718233 has base color violet.
Day 0: FACT F10 — person-884355 has base color indigo.
Day 31: FACT F11 — person-718233 has base color green.
Day 32: FACT F12 — person-884355 has base color green.
Day 33: FACT F13 — person-644366 has base color indigo.
Day 30: unrelated weather report 8.
Day 28: unrelated weather report 4.
Day 10: unrelated weather report 3.","{'answer': 'indigo', 'fact_id': 'F13', 'entity': 'person-644366'}",valid
MEMO-00286-c0541f,memory,train,1,What is the most recently confirmed base color of person-290139? Return JSON with answer and fact_id. Ignore drafts and unrelated reports.,"Day 0: FACT F01 — person-689256 has base color amber.
Day 0: FACT F02 — person-290139 has base color coral.","{'answer': 'coral', 'fact_id': 'F02', 'entity': 'person-290139'}",valid
MEMO-00287-a5b79a,memory,train,2,What is the most recently confirmed base color of person-842323? Return JSON with answer and fact_id. Ignore drafts and unrelated reports.,"Day 0: FACT F01 — person-865984 has base color indigo.
Day 1: unrelated weather report 1.
Day 0: FACT F02 — person-546659 has base color violet.
Day 0: FACT F03 — person-842323 has base color green.","{'answer': 'green', 'fact_id': 'F03', 'entity': 'person-842323'}",valid
MEMO-00288-3d7d19,memory,train,3,What is the most recently confirmed base color of person-995132? Return JSON with answer and fact_id. Ignore drafts and unrelated reports.,"Contradictory earlier report: person-995132 was once listed as amber; use the latest confirmed fact.
Day 0: FACT F01 — person-995132 has base color amber.
Day 2: unrelated weather report 3.
Day 3: unrelated weather report 1.
Day 0: FACT F02 — person-786549 has base color blue.
Day 0: FACT F03 — person-558233 has base color green.
Day 0: FACT F04 — person-995132 has base color indigo.
Day 4: unrelated weather report 2.
Day 0: FACT F05 — person-786549 has base color blue.
Day 4: FACT F06 — person-995132 has base color violet.","{'answer': 'violet', 'fact_id': 'F06', 'entity': 'person-995132'}",valid
MEMO-00289-571d19,memory,train,4,What is the most recently confirmed base color of person-298235? Return JSON with answer and fact_id. Ignore drafts and unrelated reports.,"A draft says person-298235 might use a different color; drafts are not facts.
Contradictory earlier report: person-298235 was once listed as violet; use the latest confirmed fact.
Contradictory earlier report: person-853576 was once listed as amber; use the latest confirmed fact.
Day 0: FACT F01 — person-853576 has base color amber.
Day 7: unrelated weather report 5.
Day 0: FACT F02 — person-298235 has base color violet.
Day 2: unrelated weather report 6.
Day 0: FACT F03 — person-763761 has base color violet.
Day 0: FACT F04 — person-797798 has base color blue.
Day 0: FACT F05 — person-853576 has base color coral.
Day 3: unrelated weather report 4.
Day 4: unrelated weather report 2.
Day 0: FACT F06 — person-298235 has base color amber.
Day 0: FACT F07 — person-763761 has base color amber.
Day 3: unrelated weather report 3.
Day 8: FACT F08 — person-853576 has base color indigo.
Day 9: FACT F09 — person-298235 has base color blue.
Day 7: unrelated weather report 1.","{'answer': 'blue', 'fact_id': 'F09', 'entity': 'person-298235'}",valid
MEMO-00290-1d6b9d,memory,train,5,What is the most recently confirmed base color of person-442324? Return JSON with answer and fact_id. Ignore drafts and unrelated reports.,"Long archive note: unrelated historical detail; unrelated historical detail; unrelated historical detail; unrelated historical detail; unrelated historical detail; unrelated historical detail; unrelated historical detail; unrelated historical detail; unrelated historical detail; unrelated historical detail; unrelated historical detail; unrelated historical detail; unrelated historical detail; unrelated historical detail; unrelated historical detail; unrelated historical detail; unrelated historical detail; unrelated historical detail; 
A draft says person-442324 might use a different color; drafts are not facts.
Contradictory earlier report: person-442324 was once listed as amber; use the latest confirmed fact.
Day 16: unrelated weather report 7.
Day 3: unrelated weather report 10.
Contradictory earlier report: person-462816 was once listed as coral; use the latest confirmed fact.
Day 13: unrelated weather report 2.
Contradictory earlier report: person-307410 was once listed as green; use the latest confirmed fact.
Day 0: FACT F01 — person-307410 has base color green.
Day 0: FACT F02 — person-462816 has base color coral.
Day 0: unrelated weather report 1.
Day 31: unrelated weather report 3.
Day 27: unrelated weather report 8.
Day 27: unrelated weather report 6.
Day 13: unrelated weather report 5.
Day 0: FACT F03 — person-442324 has base color amber.
Day 0: FACT F04 — person-329566 has base color coral.
Day 0: FACT F05 — person-307410 has base color indigo.
Day 0: FACT F06 — person-462816 has base color violet.
Day 0: FACT F07 — person-442324 has base color indigo.
Day 0: FACT F08 — person-329566 has base color green.
Day 0: FACT F09 — person-307410 has base color amber.
Day 23: unrelated weather report 4.
Day 10: unrelated weather report 9.
Day 0: FACT F10 — person-462816 has base color blue.
Day 31: FACT F11 — person-307410 has base color coral.
Day 32: FACT F12 — person-462816 has base color indigo.
Day 33: FACT F13 — person-442324 has base color blue.","{'answer': 'blue', 'fact_id': 'F13', 'entity': 'person-442324'}",valid
MEMO-00291-f9eaa3,memory,train,1,What is the most recently confirmed base color of person-579554? Return JSON with answer and fact_id. Ignore drafts and unrelated reports.,"Day 0: FACT F01 — person-183066 has base color coral.
Day 0: FACT F02 — person-579554 has base color green.","{'answer': 'green', 'fact_id': 'F02', 'entity': 'person-579554'}",valid
MEMO-00292-46cdee,memory,train,2,What is the most recently confirmed base color of person-784790? Return JSON with answer and fact_id. Ignore drafts and unrelated reports.,"Day 0: FACT F01 — person-925435 has base color amber.
Day 0: FACT F02 — person-156744 has base color blue.
Day 0: FACT F03 — person-784790 has base color amber.
Day 2: unrelated weather report 1.","{'answer': 'amber', 'fact_id': 'F03', 'entity': 'person-784790'}",valid
MEMO-00293-41c925,memory,train,3,What is the most recently confirmed base color of person-466365? Return JSON with answer and fact_id. Ignore drafts and unrelated reports.,"Contradictory earlier report: person-466365 was once listed as amber; use the latest confirmed fact.
Day 2: unrelated weather report 3.
Day 0: FACT F01 — person-466365 has base color amber.
Day 0: FACT F02 — person-193007 has base color amber.
Day 2: unrelated weather report 1.
Day 0: FACT F03 — person-890099 has base color amber.
Day 0: FACT F04 — person-466365 has base color amber.
Day 0: FACT F05 — person-193007 has base color blue.
Day 3: unrelated weather report 2.
Day 4: FACT F06 — person-466365 has base color indigo.","{'answer': 'indigo', 'fact_id': 'F06', 'entity': 'person-466365'}",valid
MEMO-00294-f2167d,memory,train,4,What is the most recently confirmed base color of person-784121? Return JSON with answer and fact_id. Ignore drafts and unrelated reports.,"A draft says person-784121 might use a different color; drafts are not facts.
Contradictory earlier report: person-784121 was once listed as coral; use the latest confirmed fact.
Day 4: unrelated weather report 1.
Contradictory earlier report: person-327873 was once listed as green; use the latest confirmed fact.
Day 0: FACT F01 — person-327873 has base color green.
Day 0: FACT F02 — person-784121 has base color coral.
Day 0: FACT F03 — person-516463 has base color coral.
Day 0: FACT F04 — person-803100 has base color coral.
Day 0: FACT F05 — person-327873 has base color indigo.
Day 0: FACT F06 — person-784121 has base color amber.
Day 4: unrelated weather report 4.
Day 2: unrelated weather report 2.
Day 0: FACT F07 — person-516463 has base color amber.
Day 6: unrelated weather report 6.
Day 8: unrelated weather report 3.
Day 8: FACT F08 — person-327873 has base color blue.
Day 9: FACT F09 — person-784121 has base color indigo.
Day 1: unrelated weather report 5.","{'answer': 'indigo', 'fact_id': 'F09', 'entity': 'person-784121'}",valid
MEMO-00295-4bf43e,memory,train,5,What is the most recently confirmed base color of person-564373? Return JSON with answer and fact_id. Ignore drafts and unrelated reports.,"Long archive note: unrelated historical detail; unrelated historical detail; unrelated historical detail; unrelated historical detail; unrelated historical detail; unrelated historical detail; unrelated historical detail; unrelated historical detail; unrelated historical detail; unrelated historical detail; unrelated historical detail; unrelated historical detail; unrelated historical detail; unrelated historical detail; unrelated historical detail; unrelated historical detail; unrelated historical detail; unrelated historical detail; 
A draft says person-564373 might use a different color; drafts are not facts.
Day 31: unrelated weather report 9.
Contradictory earlier report: person-564373 was once listed as blue; use the latest confirmed fact.
Day 31: unrelated weather report 1.
Contradictory earlier report: person-568792 was once listed as indigo; use the latest confirmed fact.
Contradictory earlier report: person-601881 was once listed as violet; use the latest confirmed fact.
Day 25: unrelated weather report 2.
Day 0: FACT F01 — person-601881 has base color violet.
Day 21: unrelated weather report 5.
Day 0: FACT F02 — person-568792 has base color indigo.
Day 0: FACT F03 — person-564373 has base color blue.
Day 11: unrelated weather report 10.
Day 0: FACT F04 — person-186705 has base color blue.
Day 16: unrelated weather report 7.
Day 0: FACT F05 — person-601881 has base color violet.
Day 0: FACT F06 — person-568792 has base color violet.
Day 29: unrelated weather report 3.
Day 10: unrelated weather report 8.
Day 0: FACT F07 — person-564373 has base color coral.
Day 0: FACT F08 — person-186705 has base color violet.
Day 0: FACT F09 — person-601881 has base color amber.
Day 0: FACT F10 — person-568792 has base color blue.
Day 17: unrelated weather report 6.
Day 31: FACT F11 — person-601881 has base color green.
Day 32: FACT F12 — person-568792 has base color violet.
Day 33: FACT F13 — person-564373 has base color indigo.
Day 17: unrelated weather report 4.","{'answer': 'indigo', 'fact_id': 'F13', 'entity': 'person-564373'}",valid
MEMO-00296-bb2f76,memory,train,1,What is the most recently confirmed base color of person-136698? Return JSON with answer and fact_id. Ignore drafts and unrelated reports.,"Day 0: FACT F01 — person-251994 has base color coral.
Day 0: FACT F02 — person-136698 has base color amber.","{'answer': 'amber', 'fact_id': 'F02', 'entity': 'person-136698'}",valid
MEMO-00297-e8c0d3,memory,train,2,What is the most recently confirmed base color of person-162732? Return JSON with answer and fact_id. Ignore drafts and unrelated reports.,"Day 0: FACT F01 — person-990405 has base color coral.
Day 0: FACT F02 — person-540916 has base color indigo.
Day 0: FACT F03 — person-162732 has base color violet.
Day 2: unrelated weather report 1.","{'answer': 'violet', 'fact_id': 'F03', 'entity': 'person-162732'}",valid
MEMO-00298-b9dd79,memory,train,3,What is the most recently confirmed base color of person-587980? Return JSON with answer and fact_id. Ignore drafts and unrelated reports.,"Day 4: unrelated weather report 1.
Contradictory earlier report: person-587980 was once listed as coral; use the latest confirmed fact.
Day 0: FACT F01 — person-587980 has base color coral.
Day 2: unrelated weather report 2.
Day 0: FACT F02 — person-922987 has base color indigo.
Day 2: unrelated weather report 3.
Day 0: FACT F03 — person-932433 has base color coral.
Day 0: FACT F04 — person-587980 has base color green.
Day 0: FACT F05 — person-922987 has base color green.
Day 4: FACT F06 — person-587980 has base color amber.","{'answer': 'amber', 'fact_id': 'F06', 'entity': 'person-587980'}",valid
MEMO-00299-38f5e6,memory,train,4,What is the most recently confirmed base color of person-661834? Return JSON with answer and fact_id. Ignore drafts and unrelated reports.,"A draft says person-661834 might use a different color; drafts are not facts.
Contradictory earlier report: person-661834 was once listed as blue; use the latest confirmed fact.
Contradictory earlier report: person-509530 was once listed as green; use the latest confirmed fact.
Day 0: FACT F01 — person-509530 has base color green.
Day 4: unrelated weather report 3.
Day 1: unrelated weather report 1.
Day 0: FACT F02 — person-661834 has base color blue.
Day 0: FACT F03 — person-924526 has base color violet.
Day 0: FACT F04 — person-456463 has base color green.
Day 3: unrelated weather report 2.
Day 0: FACT F05 — person-509530 has base color amber.
Day 1: unrelated weather report 4.
Day 0: FACT F06 — person-661834 has base color indigo.
Day 0: FACT F07 — person-924526 has base color green.
Day 0: unrelated weather report 6.
Day 8: FACT F08 — person-509530 has base color indigo.
Day 9: FACT F09 — person-661834 has base color violet.
Day 8: unrelated weather report 5.","{'answer': 'violet', 'fact_id': 'F09', 'entity': 'person-661834'}",valid
MEMO-00300-c7a833,memory,train,5,What is the most recently confirmed base color of person-177754? Return JSON with answer and fact_id. Ignore drafts and unrelated reports.,"Long archive note: unrelated historical detail; unrelated historical detail; unrelated historical detail; unrelated historical detail; unrelated historical detail; unrelated historical detail; unrelated historical detail; unrelated historical detail; unrelated historical detail; unrelated historical detail; unrelated historical detail; unrelated historical detail; unrelated historical detail; unrelated historical detail; unrelated historical detail; unrelated historical detail; unrelated historical detail; unrelated historical detail; 
A draft says person-177754 might use a different color; drafts are not facts.
Day 12: unrelated weather report 4.
Contradictory earlier report: person-177754 was once listed as coral; use the latest confirmed fact.
Contradictory earlier report: person-530954 was once listed as indigo; use the latest confirmed fact.
Day 0: unrelated weather report 6.
Contradictory earlier report: person-836812 was once listed as green; use the latest confirmed fact.
Day 7: unrelated weather report 7.
Day 0: FACT F01 — person-836812 has base color green.
Day 16: unrelated weather report 5.
Day 16: unrelated weather report 9.
Day 0: FACT F02 — person-530954 has base color indigo.
Day 0: FACT F03 — person-177754 has base color coral.
Day 29: unrelated weather report 10.
Day 31: unrelated weather report 1.
Day 0: FACT F04 — person-193093 has base color coral.
Day 0: FACT F05 — person-836812 has base color indigo.
Day 0: FACT F06 — person-530954 has base color green.
Day 15: unrelated weather report 8.
Day 0: FACT F07 — person-177754 has base color green.
Day 0: FACT F08 — person-193093 has base color blue.
Day 0: FACT F09 — person-836812 has base color blue.
Day 9: unrelated weather report 2.
Day 0: FACT F10 — person-530954 has base color blue.
Day 13: unrelated weather report 3.
Day 31: FACT F11 — person-836812 has base color coral.
Day 32: FACT F12 — person-530954 has base color violet.
Day 33: FACT F13 — person-177754 has base color green.","{'answer': 'green', 'fact_id': 'F13', 'entity': 'person-177754'}",valid
MEMO-00301-1edf93,memory,train,1,What is the most recently confirmed base color of person-211936? Return JSON with answer and fact_id. Ignore drafts and unrelated reports.,"Day 0: FACT F01 — person-713413 has base color green.
Day 0: FACT F02 — person-211936 has base color coral.","{'answer': 'coral', 'fact_id': 'F02', 'entity': 'person-211936'}",valid
MEMO-00302-05daac,memory,train,2,What is the most recently confirmed base color of person-371347? Return JSON with answer and fact_id. Ignore drafts and unrelated reports.,"Day 0: FACT F01 — person-741329 has base color amber.
Day 0: FACT F02 — person-920457 has base color coral.
Day 0: FACT F03 — person-371347 has base color blue.
Day 0: unrelated weather report 1.","{'answer': 'blue', 'fact_id': 'F03', 'entity': 'person-371347'}",valid
MEMO-00303-57bcc2,memory,train,3,What is the most recently confirmed base color of person-140076? Return JSON with answer and fact_id. Ignore drafts and unrelated reports.,"Day 2: unrelated weather report 1.
Contradictory earlier report: person-140076 was once listed as amber; use the latest confirmed fact.
Day 0: FACT F01 — person-140076 has base color amber.
Day 0: FACT F02 — person-198807 has base color blue.
Day 3: unrelated weather report 2.
Day 0: FACT F03 — person-450650 has base color green.
Day 0: FACT F04 — person-140076 has base color blue.
Day 3: unrelated weather report 3.
Day 0: FACT F05 — person-198807 has base color blue.
Day 4: FACT F06 — person-140076 has base color green.","{'answer': 'green', 'fact_id': 'F06', 'entity': 'person-140076'}",valid
MEMO-00304-8a11f8,memory,train,4,What is the most recently confirmed base color of person-242737? Return JSON with answer and fact_id. Ignore drafts and unrelated reports.,"A draft says person-242737 might use a different color; drafts are not facts.
Day 8: unrelated weather report 4.
Contradictory earlier report: person-242737 was once listed as coral; use the latest confirmed fact.
Day 1: unrelated weather report 2.
Contradictory earlier report: person-528469 was once listed as green; use the latest confirmed fact.
Day 0: FACT F01 — person-528469 has base color green.
Day 0: FACT F02 — person-242737 has base color coral.
Day 0: unrelated weather report 3.
Day 0: FACT F03 — person-612193 has base color coral.
Day 5: unrelated weather report 1.
Day 0: FACT F04 — person-409863 has base color indigo.
Day 0: FACT F05 — person-528469 has base color green.
Day 0: FACT F06 — person-242737 has base color coral.
Day 0: FACT F07 — person-612193 has base color violet.
Day 8: FACT F08 — person-528469 has base color amber.
Day 5: unrelated weather report 5.
Day 7: unrelated weather report 6.
Day 9: FACT F09 — person-242737 has base color blue.","{'answer': 'blue', 'fact_id': 'F09', 'entity': 'person-242737'}",valid
MEMO-00305-3154c3,memory,train,5,What is the most recently confirmed base color of person-197262? Return JSON with answer and fact_id. Ignore drafts and unrelated reports.,"Long archive note: unrelated historical detail; unrelated historical detail; unrelated historical detail; unrelated historical detail; unrelated historical detail; unrelated historical detail; unrelated historical detail; unrelated historical detail; unrelated historical detail; unrelated historical detail; unrelated historical detail; unrelated historical detail; unrelated historical detail; unrelated historical detail; unrelated historical detail; unrelated historical detail; unrelated historical detail; unrelated historical detail; 
A draft says person-197262 might use a different color; drafts are not facts.
Contradictory earlier report: person-197262 was once listed as coral; use the latest confirmed fact.
Contradictory earlier report: person-131542 was once listed as coral; use the latest confirmed fact.
Contradictory earlier report: person-382792 was once listed as violet; use the latest confirmed fact.
Day 0: FACT F01 — person-382792 has base color violet.
Day 16: unrelated weather report 10.
Day 0: FACT F02 — person-131542 has base color coral.
Day 0: FACT F03 — person-197262 has base color coral.
Day 1: unrelated weather report 7.
Day 16: unrelated weather report 9.
Day 0: FACT F04 — person-408482 has base color amber.
Day 29: unrelated weather report 3.
Day 1: unrelated weather report 2.
Day 0: FACT F05 — person-382792 has base color coral.
Day 8: unrelated weather report 6.
Day 11: unrelated weather report 8.
Day 0: FACT F06 — person-131542 has base color amber.
Day 4: unrelated weather report 5.
Day 0: FACT F07 — person-197262 has base color coral.
Day 29: unrelated weather report 1.
Day 0: FACT F08 — person-408482 has base color coral.
Day 0: FACT F09 — person-382792 has base color amber.
Day 0: FACT F10 — person-131542 has base color indigo.
Day 31: FACT F11 — person-382792 has base color blue.
Day 22: unrelated weather report 4.
Day 32: FACT F12 — person-131542 has base color indigo.
Day 33: FACT F13 — person-197262 has base color blue.","{'answer': 'blue', 'fact_id': 'F13', 'entity': 'person-197262'}",valid
MEMO-00306-5b8077,memory,train,1,What is the most recently confirmed base color of person-721778? Return JSON with answer and fact_id. Ignore drafts and unrelated reports.,"Day 0: FACT F01 — person-561761 has base color indigo.
Day 0: FACT F02 — person-721778 has base color violet.","{'answer': 'violet', 'fact_id': 'F02', 'entity': 'person-721778'}",valid
MEMO-00307-096e0b,memory,train,2,What is the most recently confirmed base color of person-712125? Return JSON with answer and fact_id. Ignore drafts and unrelated reports.,"Day 2: unrelated weather report 1.
Day 0: FACT F01 — person-674528 has base color indigo.
Day 0: FACT F02 — person-137948 has base color indigo.
Day 0: FACT F03 — person-712125 has base color violet.","{'answer': 'violet', 'fact_id': 'F03', 'entity': 'person-712125'}",valid
MEMO-00308-65b657,memory,train,3,What is the most recently confirmed base color of person-742410? Return JSON with answer and fact_id. Ignore drafts and unrelated reports.,"Contradictory earlier report: person-742410 was once listed as coral; use the latest confirmed fact.
Day 2: unrelated weather report 3.
Day 0: FACT F01 — person-742410 has base color coral.
Day 0: FACT F02 — person-758753 has base color violet.
Day 0: FACT F03 — person-607042 has base color indigo.
Day 0: FACT F04 — person-742410 has base color violet.
Day 0: FACT F05 — person-758753 has base color coral.
Day 4: unrelated weather report 1.
Day 4: FACT F06 — person-742410 has base color violet.
Day 2: unrelated weather report 2.","{'answer': 'violet', 'fact_id': 'F06', 'entity': 'person-742410'}",valid
MEMO-00309-ceb934,memory,train,4,What is the most recently confirmed base color of person-427409? Return JSON with answer and fact_id. Ignore drafts and unrelated reports.,"A draft says person-427409 might use a different color; drafts are not facts.
Contradictory earlier report: person-427409 was once listed as coral; use the latest confirmed fact.
Contradictory earlier report: person-876735 was once listed as green; use the latest confirmed fact.
Day 0: FACT F01 — person-876735 has base color green.
Day 0: FACT F02 — person-427409 has base color coral.
Day 0: FACT F03 — person-285603 has base color blue.
Day 8: unrelated weather report 1.
Day 6: unrelated weather report 3.
Day 0: unrelated weather report 6.
Day 0: unrelated weather report 4.
Day 3: unrelated weather report 5.
Day 0: FACT F04 — person-487611 has base color violet.
Day 0: FACT F05 — person-876735 has base color violet.
Day 0: FACT F06 — person-427409 has base color blue.
Day 0: FACT F07 — person-285603 has base color coral.
Day 8: unrelated weather report 2.
Day 8: FACT F08 — person-876735 has base color coral.
Day 9: FACT F09 — person-427409 has base color amber.","{'answer': 'amber', 'fact_id': 'F09', 'entity': 'person-427409'}",valid
MEMO-00310-e74c3c,memory,train,5,What is the most recently confirmed base color of person-466020? Return JSON with answer and fact_id. Ignore drafts and unrelated reports.,"Long archive note: unrelated historical detail; unrelated historical detail; unrelated historical detail; unrelated historical detail; unrelated historical detail; unrelated historical detail; unrelated historical detail; unrelated historical detail; unrelated historical detail; unrelated historical detail; unrelated historical detail; unrelated historical detail; unrelated historical detail; unrelated historical detail; unrelated historical detail; unrelated historical detail; unrelated historical detail; unrelated historical detail; 
A draft says person-466020 might use a different color; drafts are not facts.
Contradictory earlier report: person-466020 was once listed as indigo; use the latest confirmed fact.
Contradictory earlier report: person-268690 was once listed as indigo; use the latest confirmed fact.
Day 15: unrelated weather report 5.
Contradictory earlier report: person-805958 was once listed as blue; use the latest confirmed fact.
Day 9: unrelated weather report 7.
Day 30: unrelated weather report 10.
Day 0: FACT F01 — person-805958 has base color blue.
Day 0: FACT F02 — person-268690 has base color indigo.
Day 3: unrelated weather report 6.
Day 0: FACT F03 — person-466020 has base color indigo.
Day 1: unrelated weather report 8.
Day 0: FACT F04 — person-830391 has base color indigo.
Day 0: FACT F05 — person-805958 has base color green.
Day 0: FACT F06 — person-268690 has base color coral.
Day 0: FACT F07 — person-466020 has base color coral.
Day 18: unrelated weather report 4.
Day 0: FACT F08 — person-830391 has base color violet.
Day 0: FACT F09 — person-805958 has base color violet.
Day 24: unrelated weather report 1.
Day 25: unrelated weather report 2.
Day 0: FACT F10 — person-268690 has base color violet.
Day 13: unrelated weather report 9.
Day 31: FACT F11 — person-805958 has base color violet.
Day 32: FACT F12 — person-268690 has base color coral.
Day 13: unrelated weather report 3.
Day 33: FACT F13 — person-466020 has base color violet.","{'answer': 'violet', 'fact_id': 'F13', 'entity': 'person-466020'}",valid
MEMO-00311-cb9007,memory,train,1,What is the most recently confirmed base color of person-255395? Return JSON with answer and fact_id. Ignore drafts and unrelated reports.,"Day 0: FACT F01 — person-666779 has base color green.
Day 0: FACT F02 — person-255395 has base color green.","{'answer': 'green', 'fact_id': 'F02', 'entity': 'person-255395'}",valid
MEMO-00312-a46f4f,memory,train,2,What is the most recently confirmed base color of person-633990? Return JSON with answer and fact_id. Ignore drafts and unrelated reports.,"Day 0: FACT F01 — person-902943 has base color indigo.
Day 2: unrelated weather report 1.
Day 0: FACT F02 — person-142745 has base color blue.
Day 0: FACT F03 — person-633990 has base color amber.","{'answer': 'amber', 'fact_id': 'F03', 'entity': 'person-633990'}",valid
MEMO-00313-949997,memory,train,3,What is the most recently confirmed base color of person-824292? Return JSON with answer and fact_id. Ignore drafts and unrelated reports.,"Contradictory earlier report: person-824292 was once listed as coral; use the latest confirmed fact.
Day 0: FACT F01 — person-824292 has base color coral.
Day 1: unrelated weather report 3.
Day 1: unrelated weather report 2.
Day 0: FACT F02 — person-529255 has base color violet.
Day 1: unrelated weather report 1.
Day 0: FACT F03 — person-987433 has base color violet.
Day 0: FACT F04 — person-824292 has base color indigo.
Day 0: FACT F05 — person-529255 has base color amber.
Day 4: FACT F06 — person-824292 has base color indigo.","{'answer': 'indigo', 'fact_id': 'F06', 'entity': 'person-824292'}",valid
MEMO-00314-7ebd17,memory,train,4,What is the most recently confirmed base color of person-987613? Return JSON with answer and fact_id. Ignore drafts and unrelated reports.,"A draft says person-987613 might use a different color; drafts are not facts.
Contradictory earlier report: person-987613 was once listed as coral; use the latest confirmed fact.
Day 1: unrelated weather report 3.
Day 4: unrelated weather report 4.
Contradictory earlier report: person-670622 was once listed as amber; use the latest confirmed fact.
Day 0: unrelated weather report 2.
Day 0: FACT F01 — person-670622 has base color amber.
Day 0: FACT F02 — person-987613 has base color coral.
Day 0: FACT F03 — person-597655 has base color green.
Day 4: unrelated weather report 6.
Day 0: FACT F04 — person-185862 has base color coral.
Day 0: FACT F05 — person-670622 has base color indigo.
Day 0: FACT F06 — person-987613 has base color indigo.
Day 0: FACT F07 — person-597655 has base color indigo.
Day 3: unrelated weather report 1.
Day 8: FACT F08 — person-670622 has base color violet.
Day 5: unrelated weather report 5.
Day 9: FACT F09 — person-987613 has base color amber.","{'answer': 'amber', 'fact_id': 'F09', 'entity': 'person-987613'}",valid
MEMO-00315-2697a0,memory,train,5,What is the most recently confirmed base color of person-166468? Return JSON with answer and fact_id. Ignore drafts and unrelated reports.,"Long archive note: unrelated historical detail; unrelated historical detail; unrelated historical detail; unrelated historical detail; unrelated historical detail; unrelated historical detail; unrelated historical detail; unrelated historical detail; unrelated historical detail; unrelated historical detail; unrelated historical detail; unrelated historical detail; unrelated historical detail; unrelated historical detail; unrelated historical detail; unrelated historical detail; unrelated historical detail; unrelated historical detail; 
A draft says person-166468 might use a different color; drafts are not facts.
Contradictory earlier report: person-166468 was once listed as green; use the latest confirmed fact.
Day 2: unrelated weather report 9.
Day 18: unrelated weather report 7.
Contradictory earlier report: person-791915 was once listed as violet; use the latest confirmed fact.
Contradictory earlier report: person-483512 was once listed as indigo; use the latest confirmed fact.
Day 12: unrelated weather report 1.
Day 2: unrelated weather report 8.
Day 11: unrelated weather report 10.
Day 0: FACT F01 — person-483512 has base color indigo.
Day 0: FACT F02 — person-791915 has base color violet.
Day 0: FACT F03 — person-166468 has base color green.
Day 8: unrelated weather report 4.
Day 0: FACT F04 — person-284930 has base color violet.
Day 0: FACT F05 — person-483512 has base color indigo.
Day 12: unrelated weather report 3.
Day 0: FACT F06 — person-791915 has base color amber.
Day 0: FACT F07 — person-166468 has base color violet.
Day 0: FACT F08 — person-284930 has base color blue.
Day 0: FACT F09 — person-483512 has base color violet.
Day 12: unrelated weather report 2.
Day 0: unrelated weather report 6.
Day 0: FACT F10 — person-791915 has base color blue.
Day 31: FACT F11 — person-483512 has base color coral.
Day 32: FACT F12 — person-791915 has base color coral.
Day 33: FACT F13 — person-166468 has base color coral.
Day 2: unrelated weather report 5.","{'answer': 'coral', 'fact_id': 'F13', 'entity': 'person-166468'}",valid
MEMO-00316-1d913e,memory,train,1,What is the most recently confirmed base color of person-157464? Return JSON with answer and fact_id. Ignore drafts and unrelated reports.,"Day 0: FACT F01 — person-504061 has base color indigo.
Day 0: FACT F02 — person-157464 has base color violet.","{'answer': 'violet', 'fact_id': 'F02', 'entity': 'person-157464'}",valid
MEMO-00317-28fe56,memory,train,2,What is the most recently confirmed base color of person-138328? Return JSON with answer and fact_id. Ignore drafts and unrelated reports.,"Day 1: unrelated weather report 1.
Day 0: FACT F01 — person-553176 has base color blue.
Day 0: FACT F02 — person-397629 has base color coral.
Day 0: FACT F03 — person-138328 has base color coral.","{'answer': 'coral', 'fact_id': 'F03', 'entity': 'person-138328'}",valid
MEMO-00318-c765e8,memory,train,3,What is the most recently confirmed base color of person-896805? Return JSON with answer and fact_id. Ignore drafts and unrelated reports.,"Contradictory earlier report: person-896805 was once listed as blue; use the latest confirmed fact.
Day 0: FACT F01 — person-896805 has base color blue.
Day 0: FACT F02 — person-282267 has base color coral.
Day 0: FACT F03 — person-659065 has base color indigo.
Day 3: unrelated weather report 2.
Day 0: FACT F04 — person-896805 has base color violet.
Day 4: unrelated weather report 3.
Day 3: unrelated weather report 1.
Day 0: FACT F05 — person-282267 has base color violet.
Day 4: FACT F06 — person-896805 has base color violet.","{'answer': 'violet', 'fact_id': 'F06', 'entity': 'person-896805'}",valid
MEMO-00319-113ae5,memory,train,4,What is the most recently confirmed base color of person-119906? Return JSON with answer and fact_id. Ignore drafts and unrelated reports.,"A draft says person-119906 might use a different color; drafts are not facts.
Contradictory earlier report: person-119906 was once listed as indigo; use the latest confirmed fact.
Contradictory earlier report: person-507093 was once listed as indigo; use the latest confirmed fact.
Day 0: FACT F01 — person-507093 has base color indigo.
Day 0: FACT F02 — person-119906 has base color indigo.
Day 3: unrelated weather report 5.
Day 0: FACT F03 — person-563324 has base color amber.
Day 7: unrelated weather report 2.
Day 7: unrelated weather report 1.
Day 1: unrelated weather report 4.
Day 0: FACT F04 — person-509688 has base color indigo.
Day 0: FACT F05 — person-507093 has base color indigo.
Day 0: FACT F06 — person-119906 has base color violet.
Day 0: FACT F07 — person-563324 has base color coral.
Day 8: FACT F08 — person-507093 has base color blue.
Day 1: unrelated weather report 6.
Day 0: unrelated weather report 3.
Day 9: FACT F09 — person-119906 has base color amber.","{'answer': 'amber', 'fact_id': 'F09', 'entity': 'person-119906'}",valid
MEMO-00320-5b0c69,memory,train,5,What is the most recently confirmed base color of person-837375? Return JSON with answer and fact_id. Ignore drafts and unrelated reports.,"Long archive note: unrelated historical detail; unrelated historical detail; unrelated historical detail; unrelated historical detail; unrelated historical detail; unrelated historical detail; unrelated historical detail; unrelated historical detail; unrelated historical detail; unrelated historical detail; unrelated historical detail; unrelated historical detail; unrelated historical detail; unrelated historical detail; unrelated historical detail; unrelated historical detail; unrelated historical detail; unrelated historical detail; 
A draft says person-837375 might use a different color; drafts are not facts.
Day 16: unrelated weather report 1.
Contradictory earlier report: person-837375 was once listed as violet; use the latest confirmed fact.
Contradictory earlier report: person-514659 was once listed as indigo; use the latest confirmed fact.
Contradictory earlier report: person-244132 was once listed as blue; use the latest confirmed fact.
Day 0: FACT F01 — person-244132 has base color blue.
Day 0: FACT F02 — person-514659 has base color indigo.
Day 25: unrelated weather report 8.
Day 17: unrelated weather report 7.
Day 0: FACT F03 — person-837375 has base color violet.
Day 24: unrelated weather report 2.
Day 5: unrelated weather report 5.
Day 0: FACT F04 — person-864139 has base color green.
Day 30: unrelated weather report 10.
Day 0: FACT F05 — person-244132 has base color indigo.
Day 0: FACT F06 — person-514659 has base color coral.
Day 0: unrelated weather report 9.
Day 0: FACT F07 — person-837375 has base color indigo.
Day 0: FACT F08 — person-864139 has base color amber.
Day 0: FACT F09 — person-244132 has base color coral.
Day 0: FACT F10 — person-514659 has base color amber.
Day 28: unrelated weather report 4.
Day 21: unrelated weather report 6.
Day 13: unrelated weather report 3.
Day 31: FACT F11 — person-244132 has base color violet.
Day 32: FACT F12 — person-514659 has base color amber.
Day 33: FACT F13 — person-837375 has base color blue.","{'answer': 'blue', 'fact_id': 'F13', 'entity': 'person-837375'}",valid
MEMO-00321-c6079a,memory,train,1,What is the most recently confirmed base color of person-290225? Return JSON with answer and fact_id. Ignore drafts and unrelated reports.,"Day 0: FACT F01 — person-577578 has base color blue.
Day 0: FACT F02 — person-290225 has base color indigo.","{'answer': 'indigo', 'fact_id': 'F02', 'entity': 'person-290225'}",valid
MEMO-00322-ae6544,memory,train,2,What is the most recently confirmed base color of person-555313? Return JSON with answer and fact_id. Ignore drafts and unrelated reports.,"Day 1: unrelated weather report 1.
Day 0: FACT F01 — person-781690 has base color amber.
Day 0: FACT F02 — person-729138 has base color coral.
Day 0: FACT F03 — person-555313 has base color blue.","{'answer': 'blue', 'fact_id': 'F03', 'entity': 'person-555313'}",valid
MEMO-00323-659c83,memory,train,3,What is the most recently confirmed base color of person-423123? Return JSON with answer and fact_id. Ignore drafts and unrelated reports.,"Contradictory earlier report: person-423123 was once listed as green; use the latest confirmed fact.
Day 2: unrelated weather report 2.
Day 0: FACT F01 — person-423123 has base color green.
Day 0: FACT F02 — person-995664 has base color amber.
Day 0: FACT F03 — person-933925 has base color indigo.
Day 0: FACT F04 — person-423123 has base color amber.
Day 3: unrelated weather report 3.
Day 2: unrelated weather report 1.
Day 0: FACT F05 — person-995664 has base color indigo.
Day 4: FACT F06 — person-423123 has base color violet.","{'answer': 'violet', 'fact_id': 'F06', 'entity': 'person-423123'}",valid
MEMO-00324-3a4862,memory,train,4,What is the most recently confirmed base color of person-967390? Return JSON with answer and fact_id. Ignore drafts and unrelated reports.,"A draft says person-967390 might use a different color; drafts are not facts.
Contradictory earlier report: person-967390 was once listed as violet; use the latest confirmed fact.
Contradictory earlier report: person-291862 was once listed as coral; use the latest confirmed fact.
Day 0: FACT F01 — person-291862 has base color coral.
Day 1: unrelated weather report 1.
Day 7: unrelated weather report 2.
Day 0: FACT F02 — person-967390 has base color violet.
Day 0: FACT F03 — person-967308 has base color coral.
Day 4: unrelated weather report 3.
Day 5: unrelated weather report 5.
Day 0: unrelated weather report 6.
Day 0: FACT F04 — person-380513 has base color blue.
Day 0: FACT F05 — person-291862 has base color coral.
Day 0: FACT F06 — person-967390 has base color blue.
Day 0: unrelated weather report 4.
Day 0: FACT F07 — person-967308 has base color coral.
Day 8: FACT F08 — person-291862 has base color blue.
Day 9: FACT F09 — person-967390 has base color blue.","{'answer': 'blue', 'fact_id': 'F09', 'entity': 'person-967390'}",valid
MEMO-00325-54a687,memory,train,5,What is the most recently confirmed base color of person-741264? Return JSON with answer and fact_id. Ignore drafts and unrelated reports.,"Long archive note: unrelated historical detail; unrelated historical detail; unrelated historical detail; unrelated historical detail; unrelated historical detail; unrelated historical detail; unrelated historical detail; unrelated historical detail; unrelated historical detail; unrelated historical detail; unrelated historical detail; unrelated historical detail; unrelated historical detail; unrelated historical detail; unrelated historical detail; unrelated historical detail; unrelated historical detail; unrelated historical detail; 
A draft says person-741264 might use a different color; drafts are not facts.
Day 25: unrelated weather report 5.
Contradictory earlier report: person-741264 was once listed as violet; use the latest confirmed fact.
Contradictory earlier report: person-808237 was once listed as amber; use the latest confirmed fact.
Contradictory earlier report: person-609390 was once listed as amber; use the latest confirmed fact.
Day 6: unrelated weather report 4.
Day 0: FACT F01 — person-609390 has base color amber.
Day 0: FACT F02 — person-808237 has base color amber.
Day 0: FACT F03 — person-741264 has base color violet.
Day 16: unrelated weather report 7.
Day 0: FACT F04 — person-685864 has base color violet.
Day 0: FACT F05 — person-609390 has base color violet.
Day 0: FACT F06 — person-808237 has base color violet.
Day 0: FACT F07 — person-741264 has base color coral.
Day 19: unrelated weather report 3.
Day 6: unrelated weather report 8.
Day 0: FACT F08 — person-685864 has base color green.
Day 0: FACT F09 — person-609390 has base color violet.
Day 0: FACT F10 — person-808237 has base color violet.
Day 4: unrelated weather report 9.
Day 31: FACT F11 — person-609390 has base color blue.
Day 32: FACT F12 — person-808237 has base color blue.
Day 4: unrelated weather report 6.
Day 30: unrelated weather report 2.
Day 33: FACT F13 — person-741264 has base color indigo.
Day 19: unrelated weather report 10.
Day 23: unrelated weather report 1.","{'answer': 'indigo', 'fact_id': 'F13', 'entity': 'person-741264'}",valid
MEMO-00326-d9c57a,memory,train,1,What is the most recently confirmed base color of person-468363? Return JSON with answer and fact_id. Ignore drafts and unrelated reports.,"Day 0: FACT F01 — person-108260 has base color violet.
Day 0: FACT F02 — person-468363 has base color amber.","{'answer': 'amber', 'fact_id': 'F02', 'entity': 'person-468363'}",valid
MEMO-00327-0eeefd,memory,train,2,What is the most recently confirmed base color of person-701346? Return JSON with answer and fact_id. Ignore drafts and unrelated reports.,"Day 0: unrelated weather report 1.
Day 0: FACT F01 — person-429062 has base color violet.
Day 0: FACT F02 — person-934197 has base color indigo.
Day 0: FACT F03 — person-701346 has base color green.","{'answer': 'green', 'fact_id': 'F03', 'entity': 'person-701346'}",valid
MEMO-00328-2e069d,memory,train,3,What is the most recently confirmed base color of person-451297? Return JSON with answer and fact_id. Ignore drafts and unrelated reports.,"Contradictory earlier report: person-451297 was once listed as coral; use the latest confirmed fact.
Day 0: FACT F01 — person-451297 has base color coral.
Day 4: unrelated weather report 1.
Day 3: unrelated weather report 2.
Day 0: unrelated weather report 3.
Day 0: FACT F02 — person-936168 has base color amber.
Day 0: FACT F03 — person-653510 has base color green.
Day 0: FACT F04 — person-451297 has base color amber.
Day 0: FACT F05 — person-936168 has base color violet.
Day 4: FACT F06 — person-451297 has base color amber.","{'answer': 'amber', 'fact_id': 'F06', 'entity': 'person-451297'}",valid
MEMO-00329-70921e,memory,train,4,What is the most recently confirmed base color of person-484867? Return JSON with answer and fact_id. Ignore drafts and unrelated reports.,"A draft says person-484867 might use a different color; drafts are not facts.
Day 7: unrelated weather report 4.
Contradictory earlier report: person-484867 was once listed as green; use the latest confirmed fact.
Contradictory earlier report: person-765067 was once listed as coral; use the latest confirmed fact.
Day 6: unrelated weather report 2.
Day 0: FACT F01 — person-765067 has base color coral.
Day 0: FACT F02 — person-484867 has base color green.
Day 0: FACT F03 — person-828156 has base color coral.
Day 7: unrelated weather report 6.
Day 0: FACT F04 — person-667217 has base color blue.
Day 0: FACT F05 — person-765067 has base color violet.
Day 0: FACT F06 — person-484867 has base color amber.
Day 0: FACT F07 — person-828156 has base color indigo.
Day 5: unrelated weather report 5.
Day 0: unrelated weather report 3.
Day 8: FACT F08 — person-765067 has base color blue.
Day 0: unrelated weather report 1.
Day 9: FACT F09 — person-484867 has base color indigo.","{'answer': 'indigo', 'fact_id': 'F09', 'entity': 'person-484867'}",valid
MEMO-00330-37b49e,memory,train,5,What is the most recently confirmed base color of person-331722? Return JSON with answer and fact_id. Ignore drafts and unrelated reports.,"Long archive note: unrelated historical detail; unrelated historical detail; unrelated historical detail; unrelated historical detail; unrelated historical detail; unrelated historical detail; unrelated historical detail; unrelated historical detail; unrelated historical detail; unrelated historical detail; unrelated historical detail; unrelated historical detail; unrelated historical detail; unrelated historical detail; unrelated historical detail; unrelated historical detail; unrelated historical detail; unrelated historical detail; 
A draft says person-331722 might use a different color; drafts are not facts.
Day 8: unrelated weather report 6.
Contradictory earlier report: person-331722 was once listed as indigo; use the latest confirmed fact.
Day 1: unrelated weather report 4.
Day 7: unrelated weather report 3.
Contradictory earlier report: person-223581 was once listed as amber; use the latest confirmed fact.
Day 29: unrelated weather report 10.
Day 5: unrelated weather report 8.
Day 16: unrelated weather report 1.
Contradictory earlier report: person-570818 was once listed as green; use the latest confirmed fact.
Day 0: FACT F01 — person-570818 has base color green.
Day 0: FACT F02 — person-223581 has base color amber.
Day 0: FACT F03 — person-331722 has base color indigo.
Day 9: unrelated weather report 7.
Day 0: FACT F04 — person-145865 has base color blue.
Day 13: unrelated weather report 9.
Day 0: FACT F05 — person-570818 has base color amber.
Day 0: FACT F06 — person-223581 has base color amber.
Day 29: unrelated weather report 5.
Day 0: FACT F07 — person-331722 has base color coral.
Day 0: FACT F08 — person-145865 has base color green.
Day 0: FACT F09 — person-570818 has base color amber.
Day 0: FACT F10 — person-223581 has base color coral.
Day 31: FACT F11 — person-570818 has base color violet.
Day 32: FACT F12 — person-223581 has base color coral.
Day 12: unrelated weather report 2.
Day 33: FACT F13 — person-331722 has base color blue.","{'answer': 'blue', 'fact_id': 'F13', 'entity': 'person-331722'}",valid
MEMO-00331-c51170,memory,train,1,What is the most recently confirmed base color of person-513321? Return JSON with answer and fact_id. Ignore drafts and unrelated reports.,"Day 0: FACT F01 — person-505881 has base color blue.
Day 0: FACT F02 — person-513321 has base color violet.","{'answer': 'violet', 'fact_id': 'F02', 'entity': 'person-513321'}",valid
MEMO-00332-1537ec,memory,train,2,What is the most recently confirmed base color of person-967818? Return JSON with answer and fact_id. Ignore drafts and unrelated reports.,"Day 0: FACT F01 — person-987656 has base color indigo.
Day 0: FACT F02 — person-878389 has base color indigo.
Day 1: unrelated weather report 1.
Day 0: FACT F03 — person-967818 has base color blue.","{'answer': 'blue', 'fact_id': 'F03', 'entity': 'person-967818'}",valid
MEMO-00333-c9a381,memory,train,3,What is the most recently confirmed base color of person-198439? Return JSON with answer and fact_id. Ignore drafts and unrelated reports.,"Contradictory earlier report: person-198439 was once listed as green; use the latest confirmed fact.
Day 0: unrelated weather report 3.
Day 1: unrelated weather report 1.
Day 0: unrelated weather report 2.
Day 0: FACT F01 — person-198439 has base color green.
Day 0: FACT F02 — person-398508 has base color violet.
Day 0: FACT F03 — person-178619 has base color green.
Day 0: FACT F04 — person-198439 has base color indigo.
Day 0: FACT F05 — person-398508 has base color indigo.
Day 4: FACT F06 — person-198439 has base color coral.","{'answer': 'coral', 'fact_id': 'F06', 'entity': 'person-198439'}",valid
MEMO-00334-7a6fbf,memory,train,4,What is the most recently confirmed base color of person-223199? Return JSON with answer and fact_id. Ignore drafts and unrelated reports.,"A draft says person-223199 might use a different color; drafts are not facts.
Contradictory earlier report: person-223199 was once listed as violet; use the latest confirmed fact.
Contradictory earlier report: person-225540 was once listed as violet; use the latest confirmed fact.
Day 0: FACT F01 — person-225540 has base color violet.
Day 6: unrelated weather report 1.
Day 3: unrelated weather report 2.
Day 5: unrelated weather report 6.
Day 8: unrelated weather report 5.
Day 2: unrelated weather report 3.
Day 0: FACT F02 — person-223199 has base color violet.
Day 1: unrelated weather report 4.
Day 0: FACT F03 — person-759857 has base color violet.
Day 0: FACT F04 — person-728785 has base color amber.
Day 0: FACT F05 — person-225540 has base color violet.
Day 0: FACT F06 — person-223199 has base color coral.
Day 0: FACT F07 — person-759857 has base color blue.
Day 8: FACT F08 — person-225540 has base color indigo.
Day 9: FACT F09 — person-223199 has base color amber.","{'answer': 'amber', 'fact_id': 'F09', 'entity': 'person-223199'}",valid
MEMO-00335-e86cf2,memory,train,5,What is the most recently confirmed base color of person-904051? Return JSON with answer and fact_id. Ignore drafts and unrelated reports.,"Long archive note: unrelated historical detail; unrelated historical detail; unrelated historical detail; unrelated historical detail; unrelated historical detail; unrelated historical detail; unrelated historical detail; unrelated historical detail; unrelated historical detail; unrelated historical detail; unrelated historical detail; unrelated historical detail; unrelated historical detail; unrelated historical detail; unrelated historical detail; unrelated historical detail; unrelated historical detail; unrelated historical detail; 
A draft says person-904051 might use a different color; drafts are not facts.
Contradictory earlier report: person-904051 was once listed as green; use the latest confirmed fact.
Contradictory earlier report: person-275194 was once listed as indigo; use the latest confirmed fact.
Day 22: unrelated weather report 3.
Contradictory earlier report: person-206434 was once listed as indigo; use the latest confirmed fact.
Day 0: FACT F01 — person-206434 has base color indigo.
Day 0: FACT F02 — person-275194 has base color indigo.
Day 24: unrelated weather report 4.
Day 0: FACT F03 — person-904051 has base color green.
Day 19: unrelated weather report 8.
Day 12: unrelated weather report 9.
Day 12: unrelated weather report 5.
Day 0: FACT F04 — person-628033 has base color green.
Day 0: FACT F05 — person-206434 has base color green.
Day 0: FACT F06 — person-275194 has base color blue.
Day 0: FACT F07 — person-904051 has base color coral.
Day 0: FACT F08 — person-628033 has base color green.
Day 0: FACT F09 — person-206434 has base color green.
Day 0: FACT F10 — person-275194 has base color indigo.
Day 14: unrelated weather report 2.
Day 10: unrelated weather report 7.
Day 31: FACT F11 — person-206434 has base color blue.
Day 3: unrelated weather report 10.
Day 32: FACT F12 — person-275194 has base color violet.
Day 22: unrelated weather report 1.
Day 33: FACT F13 — person-904051 has base color indigo.
Day 21: unrelated weather report 6.","{'answer': 'indigo', 'fact_id': 'F13', 'entity': 'person-904051'}",valid
MEMO-00336-bce4e7,memory,train,1,What is the most recently confirmed base color of person-433346? Return JSON with answer and fact_id. Ignore drafts and unrelated reports.,"Day 0: FACT F01 — person-803031 has base color indigo.
Day 0: FACT F02 — person-433346 has base color amber.","{'answer': 'amber', 'fact_id': 'F02', 'entity': 'person-433346'}",valid
MEMO-00337-013a00,memory,train,2,What is the most recently confirmed base color of person-192629? Return JSON with answer and fact_id. Ignore drafts and unrelated reports.,"Day 2: unrelated weather report 1.
Day 0: FACT F01 — person-614714 has base color amber.
Day 0: FACT F02 — person-448219 has base color indigo.
Day 0: FACT F03 — person-192629 has base color violet.","{'answer': 'violet', 'fact_id': 'F03', 'entity': 'person-192629'}",valid
MEMO-00338-51b771,memory,train,3,What is the most recently confirmed base color of person-300479? Return JSON with answer and fact_id. Ignore drafts and unrelated reports.,"Contradictory earlier report: person-300479 was once listed as blue; use the latest confirmed fact.
Day 0: FACT F01 — person-300479 has base color blue.
Day 0: FACT F02 — person-149404 has base color violet.
Day 0: FACT F03 — person-951475 has base color violet.
Day 0: FACT F04 — person-300479 has base color blue.
Day 0: FACT F05 — person-149404 has base color violet.
Day 3: unrelated weather report 3.
Day 4: FACT F06 — person-300479 has base color violet.
Day 0: unrelated weather report 1.
Day 4: unrelated weather report 2.","{'answer': 'violet', 'fact_id': 'F06', 'entity': 'person-300479'}",valid
MEMO-00339-aeb877,memory,train,4,What is the most recently confirmed base color of person-981040? Return JSON with answer and fact_id. Ignore drafts and unrelated reports.,"A draft says person-981040 might use a different color; drafts are not facts.
Day 6: unrelated weather report 5.
Day 7: unrelated weather report 4.
Contradictory earlier report: person-981040 was once listed as amber; use the latest confirmed fact.
Contradictory earlier report: person-694031 was once listed as coral; use the latest confirmed fact.
Day 0: FACT F01 — person-694031 has base color coral.
Day 3: unrelated weather report 2.
Day 0: FACT F02 — person-981040 has base color amber.
Day 0: FACT F03 — person-854202 has base color amber.
Day 0: FACT F04 — person-471789 has base color amber.
Day 0: FACT F05 — person-694031 has base color coral.
Day 0: FACT F06 — person-981040 has base color violet.
Day 0: FACT F07 — person-854202 has base color indigo.
Day 8: FACT F08 — person-694031 has base color blue.
Day 4: unrelated weather report 3.
Day 9: FACT F09 — person-981040 has base color blue.
Day 0: unrelated weather report 1.
Day 6: unrelated weather report 6.","{'answer': 'blue', 'fact_id': 'F09', 'entity': 'person-981040'}",valid
MEMO-00340-ee5074,memory,train,5,What is the most recently confirmed base color of person-256390? Return JSON with answer and fact_id. Ignore drafts and unrelated reports.,"Long archive note: unrelated historical detail; unrelated historical detail; unrelated historical detail; unrelated historical detail; unrelated historical detail; unrelated historical detail; unrelated historical detail; unrelated historical detail; unrelated historical detail; unrelated historical detail; unrelated historical detail; unrelated historical detail; unrelated historical detail; unrelated historical detail; unrelated historical detail; unrelated historical detail; unrelated historical detail; unrelated historical detail; 
A draft says person-256390 might use a different color; drafts are not facts.
Contradictory earlier report: person-256390 was once listed as indigo; use the latest confirmed fact.
Contradictory earlier report: person-935485 was once listed as green; use the latest confirmed fact.
Contradictory earlier report: person-410474 was once listed as indigo; use the latest confirmed fact.
Day 0: FACT F01 — person-410474 has base color indigo.
Day 0: FACT F02 — person-935485 has base color green.
Day 0: FACT F03 — person-256390 has base color indigo.
Day 18: unrelated weather report 5.
Day 0: FACT F04 — person-699662 has base color indigo.
Day 15: unrelated weather report 6.
Day 12: unrelated weather report 8.
Day 12: unrelated weather report 2.
Day 0: FACT F05 — person-410474 has base color violet.
Day 0: FACT F06 — person-935485 has base color coral.
Day 27: unrelated weather report 4.
Day 0: FACT F07 — person-256390 has base color indigo.
Day 0: FACT F08 — person-699662 has base color indigo.
Day 0: FACT F09 — person-410474 has base color blue.
Day 0: FACT F10 — person-935485 has base color indigo.
Day 31: FACT F11 — person-410474 has base color green.
Day 32: FACT F12 — person-935485 has base color amber.
Day 11: unrelated weather report 1.
Day 11: unrelated weather report 10.
Day 25: unrelated weather report 3.
Day 33: FACT F13 — person-256390 has base color violet.
Day 0: unrelated weather report 9.
Day 5: unrelated weather report 7.","{'answer': 'violet', 'fact_id': 'F13', 'entity': 'person-256390'}",valid
MEMO-00341-f50dd1,memory,train,1,What is the most recently confirmed base color of person-403002? Return JSON with answer and fact_id. Ignore drafts and unrelated reports.,"Day 0: FACT F01 — person-889244 has base color green.
Day 0: FACT F02 — person-403002 has base color blue.","{'answer': 'blue', 'fact_id': 'F02', 'entity': 'person-403002'}",valid
MEMO-00342-9038e1,memory,train,2,What is the most recently confirmed base color of person-381638? Return JSON with answer and fact_id. Ignore drafts and unrelated reports.,"Day 0: FACT F01 — person-134033 has base color indigo.
Day 0: FACT F02 — person-812661 has base color blue.
Day 0: unrelated weather report 1.
Day 0: FACT F03 — person-381638 has base color indigo.","{'answer': 'indigo', 'fact_id': 'F03', 'entity': 'person-381638'}",valid
MEMO-00343-4f902e,memory,train,3,What is the most recently confirmed base color of person-482908? Return JSON with answer and fact_id. Ignore drafts and unrelated reports.,"Contradictory earlier report: person-482908 was once listed as blue; use the latest confirmed fact.
Day 0: FACT F01 — person-482908 has base color blue.
Day 3: unrelated weather report 2.
Day 0: FACT F02 — person-575878 has base color coral.
Day 0: FACT F03 — person-141546 has base color violet.
Day 2: unrelated weather report 3.
Day 0: FACT F04 — person-482908 has base color violet.
Day 0: FACT F05 — person-575878 has base color green.
Day 4: FACT F06 — person-482908 has base color indigo.
Day 1: unrelated weather report 1.","{'answer': 'indigo', 'fact_id': 'F06', 'entity': 'person-482908'}",valid
MEMO-00344-00eec7,memory,train,4,What is the most recently confirmed base color of person-229667? Return JSON with answer and fact_id. Ignore drafts and unrelated reports.,"A draft says person-229667 might use a different color; drafts are not facts.
Contradictory earlier report: person-229667 was once listed as blue; use the latest confirmed fact.
Contradictory earlier report: person-505552 was once listed as green; use the latest confirmed fact.
Day 0: FACT F01 — person-505552 has base color green.
Day 0: FACT F02 — person-229667 has base color blue.
Day 0: FACT F03 — person-604211 has base color green.
Day 0: FACT F04 — person-654648 has base color coral.
Day 0: FACT F05 — person-505552 has base color amber.
Day 0: FACT F06 — person-229667 has base color violet.
Day 0: FACT F07 — person-604211 has base color coral.
Day 6: unrelated weather report 5.
Day 2: unrelated weather report 2.
Day 4: unrelated weather report 4.
Day 8: FACT F08 — person-505552 has base color blue.
Day 0: unrelated weather report 1.
Day 6: unrelated weather report 3.
Day 5: unrelated weather report 6.
Day 9: FACT F09 — person-229667 has base color amber.","{'answer': 'amber', 'fact_id': 'F09', 'entity': 'person-229667'}",valid
MEMO-00345-b82c31,memory,train,5,What is the most recently confirmed base color of person-494931? Return JSON with answer and fact_id. Ignore drafts and unrelated reports.,"Long archive note: unrelated historical detail; unrelated historical detail; unrelated historical detail; unrelated historical detail; unrelated historical detail; unrelated historical detail; unrelated historical detail; unrelated historical detail; unrelated historical detail; unrelated historical detail; unrelated historical detail; unrelated historical detail; unrelated historical detail; unrelated historical detail; unrelated historical detail; unrelated historical detail; unrelated historical detail; unrelated historical detail; 
A draft says person-494931 might use a different color; drafts are not facts.
Day 18: unrelated weather report 7.
Day 11: unrelated weather report 1.
Contradictory earlier report: person-494931 was once listed as coral; use the latest confirmed fact.
Day 25: unrelated weather report 10.
Contradictory earlier report: person-664375 was once listed as green; use the latest confirmed fact.
Contradictory earlier report: person-658494 was once listed as amber; use the latest confirmed fact.
Day 6: unrelated weather report 3.
Day 11: unrelated weather report 6.
Day 0: FACT F01 — person-658494 has base color amber.
Day 0: FACT F02 — person-664375 has base color green.
Day 0: FACT F03 — person-494931 has base color coral.
Day 0: FACT F04 — person-749139 has base color amber.
Day 0: FACT F05 — person-658494 has base color indigo.
Day 11: unrelated weather report 4.
Day 14: unrelated weather report 8.
Day 0: FACT F06 — person-664375 has base color indigo.
Day 0: FACT F07 — person-494931 has base color violet.
Day 0: FACT F08 — person-749139 has base color amber.
Day 0: FACT F09 — person-658494 has base color amber.
Day 0: FACT F10 — person-664375 has base color indigo.
Day 7: unrelated weather report 2.
Day 31: FACT F11 — person-658494 has base color coral.
Day 15: unrelated weather report 9.
Day 32: FACT F12 — person-664375 has base color coral.
Day 9: unrelated weather report 5.
Day 33: FACT F13 — person-494931 has base color green.","{'answer': 'green', 'fact_id': 'F13', 'entity': 'person-494931'}",valid
MEMO-00346-0cf43a,memory,train,1,What is the most recently confirmed base color of person-797703? Return JSON with answer and fact_id. Ignore drafts and unrelated reports.,"Day 0: FACT F01 — person-655259 has base color amber.
Day 0: FACT F02 — person-797703 has base color coral.","{'answer': 'coral', 'fact_id': 'F02', 'entity': 'person-797703'}",valid
MEMO-00347-cf2bc7,memory,train,2,What is the most recently confirmed base color of person-318383? Return JSON with answer and fact_id. Ignore drafts and unrelated reports.,"Day 0: FACT F01 — person-288547 has base color indigo.
Day 1: unrelated weather report 1.
Day 0: FACT F02 — person-329882 has base color indigo.
Day 0: FACT F03 — person-318383 has base color coral.","{'answer': 'coral', 'fact_id': 'F03', 'entity': 'person-318383'}",valid
MEMO-00348-164986,memory,train,3,What is the most recently confirmed base color of person-848034? Return JSON with answer and fact_id. Ignore drafts and unrelated reports.,"Day 4: unrelated weather report 2.
Contradictory earlier report: person-848034 was once listed as blue; use the latest confirmed fact.
Day 0: FACT F01 — person-848034 has base color blue.
Day 0: FACT F02 — person-434529 has base color green.
Day 0: FACT F03 — person-168785 has base color indigo.
Day 0: FACT F04 — person-848034 has base color green.
Day 3: unrelated weather report 1.
Day 0: FACT F05 — person-434529 has base color coral.
Day 4: FACT F06 — person-848034 has base color coral.
Day 1: unrelated weather report 3.","{'answer': 'coral', 'fact_id': 'F06', 'entity': 'person-848034'}",valid
MEMO-00349-c04762,memory,train,4,What is the most recently confirmed base color of person-290773? Return JSON with answer and fact_id. Ignore drafts and unrelated reports.,"A draft says person-290773 might use a different color; drafts are not facts.
Contradictory earlier report: person-290773 was once listed as blue; use the latest confirmed fact.
Day 2: unrelated weather report 4.
Contradictory earlier report: person-801579 was once listed as blue; use the latest confirmed fact.
Day 0: FACT F01 — person-801579 has base color blue.
Day 7: unrelated weather report 3.
Day 0: FACT F02 — person-290773 has base color blue.
Day 0: FACT F03 — person-106842 has base color coral.
Day 0: FACT F04 — person-479945 has base color violet.
Day 3: unrelated weather report 2.
Day 0: FACT F05 — person-801579 has base color green.
Day 0: FACT F06 — person-290773 has base color amber.
Day 0: FACT F07 — person-106842 has base color blue.
Day 8: FACT F08 — person-801579 has base color violet.
Day 7: unrelated weather report 6.
Day 7: unrelated weather report 1.
Day 9: FACT F09 — person-290773 has base color amber.
Day 5: unrelated weather report 5.","{'answer': 'amber', 'fact_id': 'F09', 'entity': 'person-290773'}",valid
MEMO-00350-58ec94,memory,train,5,What is the most recently confirmed base color of person-317665? Return JSON with answer and fact_id. Ignore drafts and unrelated reports.,"Long archive note: unrelated historical detail; unrelated historical detail; unrelated historical detail; unrelated historical detail; unrelated historical detail; unrelated historical detail; unrelated historical detail; unrelated historical detail; unrelated historical detail; unrelated historical detail; unrelated historical detail; unrelated historical detail; unrelated historical detail; unrelated historical detail; unrelated historical detail; unrelated historical detail; unrelated historical detail; unrelated historical detail; 
A draft says person-317665 might use a different color; drafts are not facts.
Contradictory earlier report: person-317665 was once listed as coral; use the latest confirmed fact.
Contradictory earlier report: person-165406 was once listed as coral; use the latest confirmed fact.
Day 4: unrelated weather report 4.
Day 24: unrelated weather report 3.
Day 10: unrelated weather report 10.
Contradictory earlier report: person-950891 was once listed as green; use the latest confirmed fact.
Day 0: FACT F01 — person-950891 has base color green.
Day 0: FACT F02 — person-165406 has base color coral.
Day 0: FACT F03 — person-317665 has base color coral.
Day 0: FACT F04 — person-413839 has base color amber.
Day 0: unrelated weather report 8.
Day 21: unrelated weather report 5.
Day 11: unrelated weather report 1.
Day 26: unrelated weather report 2.
Day 0: FACT F05 — person-950891 has base color blue.
Day 0: FACT F06 — person-165406 has base color blue.
Day 0: FACT F07 — person-317665 has base color indigo.
Day 0: FACT F08 — person-413839 has base color indigo.
Day 2: unrelated weather report 6.
Day 0: FACT F09 — person-950891 has base color indigo.
Day 0: FACT F10 — person-165406 has base color blue.
Day 31: FACT F11 — person-950891 has base color indigo.
Day 3: unrelated weather report 7.
Day 30: unrelated weather report 9.
Day 32: FACT F12 — person-165406 has base color green.
Day 33: FACT F13 — person-317665 has base color indigo.","{'answer': 'indigo', 'fact_id': 'F13', 'entity': 'person-317665'}",valid
MEMO-00351-d96397,memory,validation,1,What is the most recently confirmed base color of person-333785? Return JSON with answer and fact_id. Ignore drafts and unrelated reports.,"Day 0: FACT F01 — person-437031 has base color indigo.
Day 0: FACT F02 — person-333785 has base color blue.","{'answer': 'blue', 'fact_id': 'F02', 'entity': 'person-333785'}",valid
MEMO-00352-65c784,memory,validation,2,What is the most recently confirmed base color of person-355053? Return JSON with answer and fact_id. Ignore drafts and unrelated reports.,"Day 0: FACT F01 — person-582462 has base color blue.
Day 1: unrelated weather report 1.
Day 0: FACT F02 — person-680239 has base color blue.
Day 0: FACT F03 — person-355053 has base color indigo.","{'answer': 'indigo', 'fact_id': 'F03', 'entity': 'person-355053'}",valid
MEMO-00353-9a469e,memory,validation,3,What is the most recently confirmed base color of person-425176? Return JSON with answer and fact_id. Ignore drafts and unrelated reports.,"Contradictory earlier report: person-425176 was once listed as indigo; use the latest confirmed fact.
Day 0: FACT F01 — person-425176 has base color indigo.
Day 1: unrelated weather report 2.
Day 0: FACT F02 — person-967714 has base color indigo.
Day 4: unrelated weather report 3.
Day 0: FACT F03 — person-436644 has base color indigo.
Day 0: FACT F04 — person-425176 has base color violet.
Day 0: FACT F05 — person-967714 has base color coral.
Day 4: FACT F06 — person-425176 has base color green.
Day 3: unrelated weather report 1.","{'answer': 'green', 'fact_id': 'F06', 'entity': 'person-425176'}",valid
MEMO-00354-d6c38c,memory,validation,4,What is the most recently confirmed base color of person-793296? Return JSON with answer and fact_id. Ignore drafts and unrelated reports.,"A draft says person-793296 might use a different color; drafts are not facts.
Contradictory earlier report: person-793296 was once listed as amber; use the latest confirmed fact.
Contradictory earlier report: person-140030 was once listed as amber; use the latest confirmed fact.
Day 0: FACT F01 — person-140030 has base color amber.
Day 0: FACT F02 — person-793296 has base color amber.
Day 0: unrelated weather report 5.
Day 3: unrelated weather report 3.
Day 0: FACT F03 — person-191877 has base color blue.
Day 0: FACT F04 — person-837953 has base color coral.
Day 0: FACT F05 — person-140030 has base color violet.
Day 5: unrelated weather report 6.
Day 0: FACT F06 — person-793296 has base color coral.
Day 0: unrelated weather report 2.
Day 0: FACT F07 — person-191877 has base color amber.
Day 8: FACT F08 — person-140030 has base color green.
Day 3: unrelated weather report 4.
Day 9: FACT F09 — person-793296 has base color green.
Day 4: unrelated weather report 1.","{'answer': 'green', 'fact_id': 'F09', 'entity': 'person-793296'}",valid
MEMO-00355-bf925b,memory,validation,5,What is the most recently confirmed base color of person-948079? Return JSON with answer and fact_id. Ignore drafts and unrelated reports.,"Long archive note: unrelated historical detail; unrelated historical detail; unrelated historical detail; unrelated historical detail; unrelated historical detail; unrelated historical detail; unrelated historical detail; unrelated historical detail; unrelated historical detail; unrelated historical detail; unrelated historical detail; unrelated historical detail; unrelated historical detail; unrelated historical detail; unrelated historical detail; unrelated historical detail; unrelated historical detail; unrelated historical detail; 
A draft says person-948079 might use a different color; drafts are not facts.
Contradictory earlier report: person-948079 was once listed as coral; use the latest confirmed fact.
Day 24: unrelated weather report 9.
Day 1: unrelated weather report 4.
Day 19: unrelated weather report 1.
Day 9: unrelated weather report 2.
Day 25: unrelated weather report 7.
Contradictory earlier report: person-226857 was once listed as blue; use the latest confirmed fact.
Contradictory earlier report: person-177713 was once listed as coral; use the latest confirmed fact.
Day 0: FACT F01 — person-177713 has base color coral.
Day 0: FACT F02 — person-226857 has base color blue.
Day 0: FACT F03 — person-948079 has base color coral.
Day 2: unrelated weather report 5.
Day 22: unrelated weather report 6.
Day 0: FACT F04 — person-474136 has base color indigo.
Day 0: unrelated weather report 8.
Day 20: unrelated weather report 3.
Day 0: FACT F05 — person-177713 has base color violet.
Day 0: FACT F06 — person-226857 has base color coral.
Day 0: FACT F07 — person-948079 has base color blue.
Day 0: FACT F08 — person-474136 has base color blue.
Day 0: FACT F09 — person-177713 has base color violet.
Day 0: FACT F10 — person-226857 has base color coral.
Day 31: FACT F11 — person-177713 has base color green.
Day 32: FACT F12 — person-226857 has base color coral.
Day 33: FACT F13 — person-948079 has base color green.
Day 25: unrelated weather report 10.","{'answer': 'green', 'fact_id': 'F13', 'entity': 'person-948079'}",valid
MEMO-00356-a8819f,memory,validation,1,What is the most recently confirmed base color of person-805935? Return JSON with answer and fact_id. Ignore drafts and unrelated reports.,"Day 0: FACT F01 — person-506019 has base color amber.
Day 0: FACT F02 — person-805935 has base color blue.","{'answer': 'blue', 'fact_id': 'F02', 'entity': 'person-805935'}",valid
MEMO-00357-1a3970,memory,validation,2,What is the most recently confirmed base color of person-840934? Return JSON with answer and fact_id. Ignore drafts and unrelated reports.,"Day 1: unrelated weather report 1.
Day 0: FACT F01 — person-120003 has base color coral.
Day 0: FACT F02 — person-664872 has base color green.
Day 0: FACT F03 — person-840934 has base color amber.","{'answer': 'amber', 'fact_id': 'F03', 'entity': 'person-840934'}",valid
MEMO-00358-77180a,memory,validation,3,What is the most recently confirmed base color of person-517693? Return JSON with answer and fact_id. Ignore drafts and unrelated reports.,"Day 2: unrelated weather report 1.
Day 0: unrelated weather report 2.
Day 0: unrelated weather report 3.
Contradictory earlier report: person-517693 was once listed as indigo; use the latest confirmed fact.
Day 0: FACT F01 — person-517693 has base color indigo.
Day 0: FACT F02 — person-741393 has base color blue.
Day 0: FACT F03 — person-716791 has base color violet.
Day 0: FACT F04 — person-517693 has base color violet.
Day 0: FACT F05 — person-741393 has base color indigo.
Day 4: FACT F06 — person-517693 has base color green.","{'answer': 'green', 'fact_id': 'F06', 'entity': 'person-517693'}",valid
MEMO-00359-79ef04,memory,validation,4,What is the most recently confirmed base color of person-861273? Return JSON with answer and fact_id. Ignore drafts and unrelated reports.,"A draft says person-861273 might use a different color; drafts are not facts.
Contradictory earlier report: person-861273 was once listed as amber; use the latest confirmed fact.
Day 0: unrelated weather report 4.
Contradictory earlier report: person-449498 was once listed as violet; use the latest confirmed fact.
Day 0: FACT F01 — person-449498 has base color violet.
Day 0: FACT F02 — person-861273 has base color amber.
Day 0: unrelated weather report 6.
Day 0: FACT F03 — person-703984 has base color coral.
Day 0: FACT F04 — person-468653 has base color violet.
Day 7: unrelated weather report 3.
Day 0: FACT F05 — person-449498 has base color coral.
Day 4: unrelated weather report 1.
Day 6: unrelated weather report 2.
Day 3: unrelated weather report 5.
Day 0: FACT F06 — person-861273 has base color amber.
Day 0: FACT F07 — person-703984 has base color green.
Day 8: FACT F08 — person-449498 has base color coral.
Day 9: FACT F09 — person-861273 has base color blue.","{'answer': 'blue', 'fact_id': 'F09', 'entity': 'person-861273'}",valid
MEMO-00360-a60352,memory,validation,5,What is the most recently confirmed base color of person-835677? Return JSON with answer and fact_id. Ignore drafts and unrelated reports.,"Long archive note: unrelated historical detail; unrelated historical detail; unrelated historical detail; unrelated historical detail; unrelated historical detail; unrelated historical detail; unrelated historical detail; unrelated historical detail; unrelated historical detail; unrelated historical detail; unrelated historical detail; unrelated historical detail; unrelated historical detail; unrelated historical detail; unrelated historical detail; unrelated historical detail; unrelated historical detail; unrelated historical detail; 
A draft says person-835677 might use a different color; drafts are not facts.
Day 7: unrelated weather report 10.
Contradictory earlier report: person-835677 was once listed as indigo; use the latest confirmed fact.
Contradictory earlier report: person-208521 was once listed as coral; use the latest confirmed fact.
Contradictory earlier report: person-958094 was once listed as amber; use the latest confirmed fact.
Day 0: FACT F01 — person-958094 has base color amber.
Day 0: FACT F02 — person-208521 has base color coral.
Day 0: FACT F03 — person-835677 has base color indigo.
Day 0: FACT F04 — person-338315 has base color blue.
Day 0: FACT F05 — person-958094 has base color indigo.
Day 30: unrelated weather report 8.
Day 0: FACT F06 — person-208521 has base color amber.
Day 0: FACT F07 — person-835677 has base color blue.
Day 20: unrelated weather report 6.
Day 26: unrelated weather report 9.
Day 0: FACT F08 — person-338315 has base color blue.
Day 0: FACT F09 — person-958094 has base color blue.
Day 23: unrelated weather report 1.
Day 0: FACT F10 — person-208521 has base color coral.
Day 18: unrelated weather report 5.
Day 31: FACT F11 — person-958094 has base color indigo.
Day 1: unrelated weather report 2.
Day 32: FACT F12 — person-208521 has base color indigo.
Day 8: unrelated weather report 7.
Day 22: unrelated weather report 4.
Day 33: FACT F13 — person-835677 has base color violet.
Day 14: unrelated weather report 3.","{'answer': 'violet', 'fact_id': 'F13', 'entity': 'person-835677'}",valid
MEMO-00361-c1087f,memory,validation,1,What is the most recently confirmed base color of person-926050? Return JSON with answer and fact_id. Ignore drafts and unrelated reports.,"Day 0: FACT F01 — person-303784 has base color coral.
Day 0: FACT F02 — person-926050 has base color coral.","{'answer': 'coral', 'fact_id': 'F02', 'entity': 'person-926050'}",valid
MEMO-00362-7e3970,memory,validation,2,What is the most recently confirmed base color of person-356526? Return JSON with answer and fact_id. Ignore drafts and unrelated reports.,"Day 0: FACT F01 — person-814735 has base color violet.
Day 0: FACT F02 — person-195150 has base color green.
Day 1: unrelated weather report 1.
Day 0: FACT F03 — person-356526 has base color blue.","{'answer': 'blue', 'fact_id': 'F03', 'entity': 'person-356526'}",valid
MEMO-00363-703d45,memory,validation,3,What is the most recently confirmed base color of person-347764? Return JSON with answer and fact_id. Ignore drafts and unrelated reports.,"Day 0: unrelated weather report 1.
Day 4: unrelated weather report 3.
Contradictory earlier report: person-347764 was once listed as amber; use the latest confirmed fact.
Day 0: FACT F01 — person-347764 has base color amber.
Day 0: FACT F02 — person-249196 has base color blue.
Day 0: FACT F03 — person-956010 has base color blue.
Day 0: FACT F04 — person-347764 has base color indigo.
Day 0: FACT F05 — person-249196 has base color amber.
Day 2: unrelated weather report 2.
Day 4: FACT F06 — person-347764 has base color violet.","{'answer': 'violet', 'fact_id': 'F06', 'entity': 'person-347764'}",valid
MEMO-00364-eb5c5d,memory,validation,4,What is the most recently confirmed base color of person-785567? Return JSON with answer and fact_id. Ignore drafts and unrelated reports.,"A draft says person-785567 might use a different color; drafts are not facts.
Contradictory earlier report: person-785567 was once listed as violet; use the latest confirmed fact.
Contradictory earlier report: person-863132 was once listed as violet; use the latest confirmed fact.
Day 0: FACT F01 — person-863132 has base color violet.
Day 6: unrelated weather report 2.
Day 2: unrelated weather report 6.
Day 6: unrelated weather report 1.
Day 6: unrelated weather report 4.
Day 0: FACT F02 — person-785567 has base color violet.
Day 0: FACT F03 — person-410682 has base color blue.
Day 0: FACT F04 — person-841808 has base color indigo.
Day 0: FACT F05 — person-863132 has base color indigo.
Day 0: FACT F06 — person-785567 has base color green.
Day 0: FACT F07 — person-410682 has base color blue.
Day 8: FACT F08 — person-863132 has base color indigo.
Day 9: FACT F09 — person-785567 has base color green.
Day 4: unrelated weather report 5.
Day 8: unrelated weather report 3.","{'answer': 'green', 'fact_id': 'F09', 'entity': 'person-785567'}",valid
MEMO-00365-b68af7,memory,validation,5,What is the most recently confirmed base color of person-320505? Return JSON with answer and fact_id. Ignore drafts and unrelated reports.,"Long archive note: unrelated historical detail; unrelated historical detail; unrelated historical detail; unrelated historical detail; unrelated historical detail; unrelated historical detail; unrelated historical detail; unrelated historical detail; unrelated historical detail; unrelated historical detail; unrelated historical detail; unrelated historical detail; unrelated historical detail; unrelated historical detail; unrelated historical detail; unrelated historical detail; unrelated historical detail; unrelated historical detail; 
A draft says person-320505 might use a different color; drafts are not facts.
Day 7: unrelated weather report 10.
Day 30: unrelated weather report 9.
Contradictory earlier report: person-320505 was once listed as amber; use the latest confirmed fact.
Contradictory earlier report: person-575571 was once listed as indigo; use the latest confirmed fact.
Contradictory earlier report: person-784310 was once listed as blue; use the latest confirmed fact.
Day 0: FACT F01 — person-784310 has base color blue.
Day 26: unrelated weather report 2.
Day 0: FACT F02 — person-575571 has base color indigo.
Day 0: FACT F03 — person-320505 has base color amber.
Day 0: FACT F04 — person-267855 has base color violet.
Day 0: FACT F05 — person-784310 has base color coral.
Day 0: FACT F06 — person-575571 has base color coral.
Day 0: FACT F07 — person-320505 has base color amber.
Day 0: FACT F08 — person-267855 has base color amber.
Day 11: unrelated weather report 7.
Day 0: FACT F09 — person-784310 has base color violet.
Day 0: FACT F10 — person-575571 has base color green.
Day 26: unrelated weather report 1.
Day 31: FACT F11 — person-784310 has base color coral.
Day 32: FACT F12 — person-575571 has base color blue.
Day 5: unrelated weather report 5.
Day 18: unrelated weather report 6.
Day 18: unrelated weather report 4.
Day 28: unrelated weather report 3.
Day 33: FACT F13 — person-320505 has base color coral.
Day 24: unrelated weather report 8.","{'answer': 'coral', 'fact_id': 'F13', 'entity': 'person-320505'}",valid
MEMO-00366-d23645,memory,validation,1,What is the most recently confirmed base color of person-437567? Return JSON with answer and fact_id. Ignore drafts and unrelated reports.,"Day 0: FACT F01 — person-252096 has base color green.
Day 0: FACT F02 — person-437567 has base color green.","{'answer': 'green', 'fact_id': 'F02', 'entity': 'person-437567'}",valid
MEMO-00367-9fa1f5,memory,validation,2,What is the most recently confirmed base color of person-160523? Return JSON with answer and fact_id. Ignore drafts and unrelated reports.,"Day 0: FACT F01 — person-293514 has base color blue.
Day 0: FACT F02 — person-361435 has base color violet.
Day 2: unrelated weather report 1.
Day 0: FACT F03 — person-160523 has base color green.","{'answer': 'green', 'fact_id': 'F03', 'entity': 'person-160523'}",valid
MEMO-00368-57fbd0,memory,validation,3,What is the most recently confirmed base color of person-467624? Return JSON with answer and fact_id. Ignore drafts and unrelated reports.,"Contradictory earlier report: person-467624 was once listed as green; use the latest confirmed fact.
Day 3: unrelated weather report 3.
Day 0: FACT F01 — person-467624 has base color green.
Day 0: FACT F02 — person-816199 has base color amber.
Day 1: unrelated weather report 2.
Day 1: unrelated weather report 1.
Day 0: FACT F03 — person-111258 has base color indigo.
Day 0: FACT F04 — person-467624 has base color violet.
Day 0: FACT F05 — person-816199 has base color violet.
Day 4: FACT F06 — person-467624 has base color amber.","{'answer': 'amber', 'fact_id': 'F06', 'entity': 'person-467624'}",valid
MEMO-00369-83e8ee,memory,validation,4,What is the most recently confirmed base color of person-342083? Return JSON with answer and fact_id. Ignore drafts and unrelated reports.,"A draft says person-342083 might use a different color; drafts are not facts.
Day 8: unrelated weather report 1.
Day 8: unrelated weather report 4.
Day 4: unrelated weather report 2.
Contradictory earlier report: person-342083 was once listed as blue; use the latest confirmed fact.
Contradictory earlier report: person-190192 was once listed as coral; use the latest confirmed fact.
Day 0: FACT F01 — person-190192 has base color coral.
Day 0: FACT F02 — person-342083 has base color blue.
Day 0: FACT F03 — person-126793 has base color coral.
Day 8: unrelated weather report 6.
Day 0: FACT F04 — person-632909 has base color amber.
Day 0: FACT F05 — person-190192 has base color amber.
Day 5: unrelated weather report 5.
Day 0: FACT F06 — person-342083 has base color amber.
Day 0: FACT F07 — person-126793 has base color indigo.
Day 8: unrelated weather report 3.
Day 8: FACT F08 — person-190192 has base color blue.
Day 9: FACT F09 — person-342083 has base color coral.","{'answer': 'coral', 'fact_id': 'F09', 'entity': 'person-342083'}",valid
MEMO-00370-f25ff2,memory,validation,5,What is the most recently confirmed base color of person-564099? Return JSON with answer and fact_id. Ignore drafts and unrelated reports.,"Long archive note: unrelated historical detail; unrelated historical detail; unrelated historical detail; unrelated historical detail; unrelated historical detail; unrelated historical detail; unrelated historical detail; unrelated historical detail; unrelated historical detail; unrelated historical detail; unrelated historical detail; unrelated historical detail; unrelated historical detail; unrelated historical detail; unrelated historical detail; unrelated historical detail; unrelated historical detail; unrelated historical detail; 
A draft says person-564099 might use a different color; drafts are not facts.
Day 8: unrelated weather report 1.
Contradictory earlier report: person-564099 was once listed as coral; use the latest confirmed fact.
Contradictory earlier report: person-325602 was once listed as blue; use the latest confirmed fact.
Contradictory earlier report: person-981733 was once listed as coral; use the latest confirmed fact.
Day 0: FACT F01 — person-981733 has base color coral.
Day 31: unrelated weather report 9.
Day 9: unrelated weather report 4.
Day 0: FACT F02 — person-325602 has base color blue.
Day 18: unrelated weather report 10.
Day 0: FACT F03 — person-564099 has base color coral.
Day 0: FACT F04 — person-172826 has base color violet.
Day 31: unrelated weather report 8.
Day 0: FACT F05 — person-981733 has base color violet.
Day 0: FACT F06 — person-325602 has base color coral.
Day 0: FACT F07 — person-564099 has base color blue.
Day 0: FACT F08 — person-172826 has base color violet.
Day 3: unrelated weather report 7.
Day 0: FACT F09 — person-981733 has base color green.
Day 0: FACT F10 — person-325602 has base color indigo.
Day 4: unrelated weather report 3.
Day 31: FACT F11 — person-981733 has base color blue.
Day 32: FACT F12 — person-325602 has base color indigo.
Day 33: FACT F13 — person-564099 has base color violet.
Day 25: unrelated weather report 2.
Day 6: unrelated weather report 6.
Day 20: unrelated weather report 5.","{'answer': 'violet', 'fact_id': 'F13', 'entity': 'person-564099'}",valid
MEMO-00371-0f7775,memory,validation,1,What is the most recently confirmed base color of person-527748? Return JSON with answer and fact_id. Ignore drafts and unrelated reports.,"Day 0: FACT F01 — person-547367 has base color violet.
Day 0: FACT F02 — person-527748 has base color indigo.","{'answer': 'indigo', 'fact_id': 'F02', 'entity': 'person-527748'}",valid
MEMO-00372-bdd4b4,memory,validation,2,What is the most recently confirmed base color of person-882589? Return JSON with answer and fact_id. Ignore drafts and unrelated reports.,"Day 0: FACT F01 — person-485181 has base color indigo.
Day 0: FACT F02 — person-444963 has base color amber.
Day 0: FACT F03 — person-882589 has base color green.
Day 0: unrelated weather report 1.","{'answer': 'green', 'fact_id': 'F03', 'entity': 'person-882589'}",valid
MEMO-00373-77f77c,memory,validation,3,What is the most recently confirmed base color of person-156921? Return JSON with answer and fact_id. Ignore drafts and unrelated reports.,"Day 0: unrelated weather report 3.
Contradictory earlier report: person-156921 was once listed as violet; use the latest confirmed fact.
Day 0: FACT F01 — person-156921 has base color violet.
Day 0: FACT F02 — person-997244 has base color green.
Day 0: FACT F03 — person-680733 has base color blue.
Day 0: unrelated weather report 1.
Day 0: FACT F04 — person-156921 has base color indigo.
Day 4: unrelated weather report 2.
Day 0: FACT F05 — person-997244 has base color coral.
Day 4: FACT F06 — person-156921 has base color indigo.","{'answer': 'indigo', 'fact_id': 'F06', 'entity': 'person-156921'}",valid
MEMO-00374-cf14b0,memory,validation,4,What is the most recently confirmed base color of person-335525? Return JSON with answer and fact_id. Ignore drafts and unrelated reports.,"A draft says person-335525 might use a different color; drafts are not facts.
Day 3: unrelated weather report 2.
Contradictory earlier report: person-335525 was once listed as indigo; use the latest confirmed fact.
Contradictory earlier report: person-495135 was once listed as coral; use the latest confirmed fact.
Day 0: FACT F01 — person-495135 has base color coral.
Day 0: FACT F02 — person-335525 has base color indigo.
Day 0: FACT F03 — person-734590 has base color violet.
Day 8: unrelated weather report 5.
Day 0: unrelated weather report 3.
Day 0: FACT F04 — person-862272 has base color blue.
Day 8: unrelated weather report 4.
Day 2: unrelated weather report 1.
Day 0: FACT F05 — person-495135 has base color green.
Day 0: FACT F06 — person-335525 has base color coral.
Day 0: FACT F07 — person-734590 has base color coral.
Day 4: unrelated weather report 6.
Day 8: FACT F08 — person-495135 has base color blue.
Day 9: FACT F09 — person-335525 has base color coral.","{'answer': 'coral', 'fact_id': 'F09', 'entity': 'person-335525'}",valid
MEMO-00375-a31abc,memory,validation,5,What is the most recently confirmed base color of person-245076? Return JSON with answer and fact_id. Ignore drafts and unrelated reports.,"Long archive note: unrelated historical detail; unrelated historical detail; unrelated historical detail; unrelated historical detail; unrelated historical detail; unrelated historical detail; unrelated historical detail; unrelated historical detail; unrelated historical detail; unrelated historical detail; unrelated historical detail; unrelated historical detail; unrelated historical detail; unrelated historical detail; unrelated historical detail; unrelated historical detail; unrelated historical detail; unrelated historical detail; 
A draft says person-245076 might use a different color; drafts are not facts.
Day 17: unrelated weather report 8.
Day 12: unrelated weather report 4.
Contradictory earlier report: person-245076 was once listed as amber; use the latest confirmed fact.
Contradictory earlier report: person-297323 was once listed as indigo; use the latest confirmed fact.
Day 2: unrelated weather report 5.
Day 10: unrelated weather report 2.
Day 3: unrelated weather report 1.
Day 19: unrelated weather report 6.
Day 1: unrelated weather report 3.
Contradictory earlier report: person-819899 was once listed as blue; use the latest confirmed fact.
Day 0: FACT F01 — person-819899 has base color blue.
Day 0: FACT F02 — person-297323 has base color indigo.
Day 0: FACT F03 — person-245076 has base color amber.
Day 0: FACT F04 — person-615290 has base color indigo.
Day 0: FACT F05 — person-819899 has base color blue.
Day 0: FACT F06 — person-297323 has base color coral.
Day 0: FACT F07 — person-245076 has base color blue.
Day 22: unrelated weather report 10.
Day 0: FACT F08 — person-615290 has base color amber.
Day 0: FACT F09 — person-819899 has base color blue.
Day 0: FACT F10 — person-297323 has base color green.
Day 31: FACT F11 — person-819899 has base color violet.
Day 8: unrelated weather report 9.
Day 18: unrelated weather report 7.
Day 32: FACT F12 — person-297323 has base color violet.
Day 33: FACT F13 — person-245076 has base color indigo.","{'answer': 'indigo', 'fact_id': 'F13', 'entity': 'person-245076'}",valid
MEMO-00376-7f1102,memory,validation,1,What is the most recently confirmed base color of person-942759? Return JSON with answer and fact_id. Ignore drafts and unrelated reports.,"Day 0: FACT F01 — person-613114 has base color amber.
Day 0: FACT F02 — person-942759 has base color green.","{'answer': 'green', 'fact_id': 'F02', 'entity': 'person-942759'}",valid
MEMO-00377-7acf68,memory,validation,2,What is the most recently confirmed base color of person-475371? Return JSON with answer and fact_id. Ignore drafts and unrelated reports.,"Day 0: unrelated weather report 1.
Day 0: FACT F01 — person-749394 has base color indigo.
Day 0: FACT F02 — person-629479 has base color indigo.
Day 0: FACT F03 — person-475371 has base color indigo.","{'answer': 'indigo', 'fact_id': 'F03', 'entity': 'person-475371'}",valid
MEMO-00378-7ece43,memory,validation,3,What is the most recently confirmed base color of person-938844? Return JSON with answer and fact_id. Ignore drafts and unrelated reports.,"Day 2: unrelated weather report 2.
Contradictory earlier report: person-938844 was once listed as green; use the latest confirmed fact.
Day 0: FACT F01 — person-938844 has base color green.
Day 0: FACT F02 — person-307636 has base color green.
Day 0: FACT F03 — person-350218 has base color amber.
Day 0: FACT F04 — person-938844 has base color coral.
Day 0: FACT F05 — person-307636 has base color blue.
Day 3: unrelated weather report 3.
Day 4: FACT F06 — person-938844 has base color amber.
Day 2: unrelated weather report 1.","{'answer': 'amber', 'fact_id': 'F06', 'entity': 'person-938844'}",valid
MEMO-00379-9743bb,memory,validation,4,What is the most recently confirmed base color of person-724319? Return JSON with answer and fact_id. Ignore drafts and unrelated reports.,"A draft says person-724319 might use a different color; drafts are not facts.
Contradictory earlier report: person-724319 was once listed as green; use the latest confirmed fact.
Contradictory earlier report: person-183629 was once listed as coral; use the latest confirmed fact.
Day 0: FACT F01 — person-183629 has base color coral.
Day 0: FACT F02 — person-724319 has base color green.
Day 8: unrelated weather report 5.
Day 4: unrelated weather report 4.
Day 5: unrelated weather report 1.
Day 0: FACT F03 — person-409917 has base color green.
Day 0: FACT F04 — person-804728 has base color coral.
Day 5: unrelated weather report 3.
Day 0: FACT F05 — person-183629 has base color coral.
Day 0: FACT F06 — person-724319 has base color blue.
Day 0: FACT F07 — person-409917 has base color green.
Day 2: unrelated weather report 2.
Day 8: FACT F08 — person-183629 has base color green.
Day 9: FACT F09 — person-724319 has base color indigo.
Day 4: unrelated weather report 6.","{'answer': 'indigo', 'fact_id': 'F09', 'entity': 'person-724319'}",valid
MEMO-00380-b35e27,memory,validation,5,What is the most recently confirmed base color of person-312356? Return JSON with answer and fact_id. Ignore drafts and unrelated reports.,"Long archive note: unrelated historical detail; unrelated historical detail; unrelated historical detail; unrelated historical detail; unrelated historical detail; unrelated historical detail; unrelated historical detail; unrelated historical detail; unrelated historical detail; unrelated historical detail; unrelated historical detail; unrelated historical detail; unrelated historical detail; unrelated historical detail; unrelated historical detail; unrelated historical detail; unrelated historical detail; unrelated historical detail; 
A draft says person-312356 might use a different color; drafts are not facts.
Contradictory earlier report: person-312356 was once listed as violet; use the latest confirmed fact.
Day 15: unrelated weather report 2.
Day 11: unrelated weather report 7.
Contradictory earlier report: person-496076 was once listed as blue; use the latest confirmed fact.
Day 30: unrelated weather report 3.
Contradictory earlier report: person-448691 was once listed as blue; use the latest confirmed fact.
Day 0: FACT F01 — person-448691 has base color blue.
Day 0: FACT F02 — person-496076 has base color blue.
Day 16: unrelated weather report 1.
Day 0: FACT F03 — person-312356 has base color violet.
Day 20: unrelated weather report 8.
Day 0: FACT F04 — person-290064 has base color violet.
Day 0: FACT F05 — person-448691 has base color amber.
Day 0: FACT F06 — person-496076 has base color blue.
Day 21: unrelated weather report 9.
Day 0: FACT F07 — person-312356 has base color blue.
Day 0: FACT F08 — person-290064 has base color indigo.
Day 14: unrelated weather report 5.
Day 21: unrelated weather report 6.
Day 0: FACT F09 — person-448691 has base color blue.
Day 0: FACT F10 — person-496076 has base color indigo.
Day 31: FACT F11 — person-448691 has base color amber.
Day 6: unrelated weather report 4.
Day 32: FACT F12 — person-496076 has base color violet.
Day 22: unrelated weather report 10.
Day 33: FACT F13 — person-312356 has base color amber.","{'answer': 'amber', 'fact_id': 'F13', 'entity': 'person-312356'}",valid
MEMO-00381-39c337,memory,validation,1,What is the most recently confirmed base color of person-172699? Return JSON with answer and fact_id. Ignore drafts and unrelated reports.,"Day 0: FACT F01 — person-334323 has base color amber.
Day 0: FACT F02 — person-172699 has base color amber.","{'answer': 'amber', 'fact_id': 'F02', 'entity': 'person-172699'}",valid
MEMO-00382-f5101c,memory,validation,2,What is the most recently confirmed base color of person-349771? Return JSON with answer and fact_id. Ignore drafts and unrelated reports.,"Day 0: unrelated weather report 1.
Day 0: FACT F01 — person-731823 has base color amber.
Day 0: FACT F02 — person-829996 has base color violet.
Day 0: FACT F03 — person-349771 has base color amber.","{'answer': 'amber', 'fact_id': 'F03', 'entity': 'person-349771'}",valid
MEMO-00383-7a43b6,memory,validation,3,What is the most recently confirmed base color of person-446416? Return JSON with answer and fact_id. Ignore drafts and unrelated reports.,"Contradictory earlier report: person-446416 was once listed as green; use the latest confirmed fact.
Day 0: FACT F01 — person-446416 has base color green.
Day 0: FACT F02 — person-157571 has base color amber.
Day 1: unrelated weather report 3.
Day 0: FACT F03 — person-342357 has base color green.
Day 0: FACT F04 — person-446416 has base color green.
Day 0: FACT F05 — person-157571 has base color amber.
Day 4: FACT F06 — person-446416 has base color violet.
Day 3: unrelated weather report 1.
Day 0: unrelated weather report 2.","{'answer': 'violet', 'fact_id': 'F06', 'entity': 'person-446416'}",valid
MEMO-00384-a32b90,memory,validation,4,What is the most recently confirmed base color of person-897049? Return JSON with answer and fact_id. Ignore drafts and unrelated reports.,"A draft says person-897049 might use a different color; drafts are not facts.
Day 1: unrelated weather report 4.
Contradictory earlier report: person-897049 was once listed as indigo; use the latest confirmed fact.
Contradictory earlier report: person-106401 was once listed as violet; use the latest confirmed fact.
Day 0: FACT F01 — person-106401 has base color violet.
Day 8: unrelated weather report 5.
Day 0: unrelated weather report 1.
Day 0: FACT F02 — person-897049 has base color indigo.
Day 0: FACT F03 — person-800679 has base color coral.
Day 0: FACT F04 — person-732461 has base color green.
Day 6: unrelated weather report 3.
Day 3: unrelated weather report 6.
Day 0: FACT F05 — person-106401 has base color amber.
Day 0: FACT F06 — person-897049 has base color blue.
Day 7: unrelated weather report 2.
Day 0: FACT F07 — person-800679 has base color blue.
Day 8: FACT F08 — person-106401 has base color indigo.
Day 9: FACT F09 — person-897049 has base color coral.","{'answer': 'coral', 'fact_id': 'F09', 'entity': 'person-897049'}",valid
MEMO-00385-ea71b2,memory,validation,5,What is the most recently confirmed base color of person-106475? Return JSON with answer and fact_id. Ignore drafts and unrelated reports.,"Long archive note: unrelated historical detail; unrelated historical detail; unrelated historical detail; unrelated historical detail; unrelated historical detail; unrelated historical detail; unrelated historical detail; unrelated historical detail; unrelated historical detail; unrelated historical detail; unrelated historical detail; unrelated historical detail; unrelated historical detail; unrelated historical detail; unrelated historical detail; unrelated historical detail; unrelated historical detail; unrelated historical detail; 
A draft says person-106475 might use a different color; drafts are not facts.
Contradictory earlier report: person-106475 was once listed as violet; use the latest confirmed fact.
Contradictory earlier report: person-114637 was once listed as coral; use the latest confirmed fact.
Day 0: unrelated weather report 3.
Day 10: unrelated weather report 1.
Day 4: unrelated weather report 9.
Contradictory earlier report: person-810329 was once listed as amber; use the latest confirmed fact.
Day 0: FACT F01 — person-810329 has base color amber.
Day 7: unrelated weather report 8.
Day 0: FACT F02 — person-114637 has base color coral.
Day 0: FACT F03 — person-106475 has base color violet.
Day 0: FACT F04 — person-445717 has base color green.
Day 0: FACT F05 — person-810329 has base color violet.
Day 0: FACT F06 — person-114637 has base color green.
Day 14: unrelated weather report 5.
Day 0: FACT F07 — person-106475 has base color amber.
Day 0: FACT F08 — person-445717 has base color coral.
Day 8: unrelated weather report 2.
Day 1: unrelated weather report 10.
Day 10: unrelated weather report 7.
Day 20: unrelated weather report 6.
Day 0: FACT F09 — person-810329 has base color coral.
Day 25: unrelated weather report 4.
Day 0: FACT F10 — person-114637 has base color blue.
Day 31: FACT F11 — person-810329 has base color violet.
Day 32: FACT F12 — person-114637 has base color amber.
Day 33: FACT F13 — person-106475 has base color amber.","{'answer': 'amber', 'fact_id': 'F13', 'entity': 'person-106475'}",valid
MEMO-00386-4b133a,memory,validation,1,What is the most recently confirmed base color of person-701561? Return JSON with answer and fact_id. Ignore drafts and unrelated reports.,"Day 0: FACT F01 — person-602153 has base color violet.
Day 0: FACT F02 — person-701561 has base color violet.","{'answer': 'violet', 'fact_id': 'F02', 'entity': 'person-701561'}",valid
MEMO-00387-5d1882,memory,validation,2,What is the most recently confirmed base color of person-647586? Return JSON with answer and fact_id. Ignore drafts and unrelated reports.,"Day 0: FACT F01 — person-208980 has base color blue.
Day 0: unrelated weather report 1.
Day 0: FACT F02 — person-608709 has base color green.
Day 0: FACT F03 — person-647586 has base color violet.","{'answer': 'violet', 'fact_id': 'F03', 'entity': 'person-647586'}",valid
MEMO-00388-b9e318,memory,validation,3,What is the most recently confirmed base color of person-873737? Return JSON with answer and fact_id. Ignore drafts and unrelated reports.,"Contradictory earlier report: person-873737 was once listed as coral; use the latest confirmed fact.
Day 0: FACT F01 — person-873737 has base color coral.
Day 0: unrelated weather report 3.
Day 0: FACT F02 — person-271068 has base color indigo.
Day 0: unrelated weather report 2.
Day 2: unrelated weather report 1.
Day 0: FACT F03 — person-888118 has base color indigo.
Day 0: FACT F04 — person-873737 has base color amber.
Day 0: FACT F05 — person-271068 has base color indigo.
Day 4: FACT F06 — person-873737 has base color violet.","{'answer': 'violet', 'fact_id': 'F06', 'entity': 'person-873737'}",valid
MEMO-00389-a72e37,memory,validation,4,What is the most recently confirmed base color of person-641352? Return JSON with answer and fact_id. Ignore drafts and unrelated reports.,"A draft says person-641352 might use a different color; drafts are not facts.
Contradictory earlier report: person-641352 was once listed as green; use the latest confirmed fact.
Day 2: unrelated weather report 6.
Day 3: unrelated weather report 2.
Contradictory earlier report: person-663467 was once listed as blue; use the latest confirmed fact.
Day 0: FACT F01 — person-663467 has base color blue.
Day 8: unrelated weather report 5.
Day 0: FACT F02 — person-641352 has base color green.
Day 0: FACT F03 — person-731720 has base color green.
Day 6: unrelated weather report 3.
Day 0: FACT F04 — person-662771 has base color coral.
Day 0: FACT F05 — person-663467 has base color amber.
Day 0: FACT F06 — person-641352 has base color indigo.
Day 3: unrelated weather report 4.
Day 0: FACT F07 — person-731720 has base color violet.
Day 8: FACT F08 — person-663467 has base color violet.
Day 1: unrelated weather report 1.
Day 9: FACT F09 — person-641352 has base color blue.","{'answer': 'blue', 'fact_id': 'F09', 'entity': 'person-641352'}",valid
MEMO-00390-3f053d,memory,validation,5,What is the most recently confirmed base color of person-153408? Return JSON with answer and fact_id. Ignore drafts and unrelated reports.,"Long archive note: unrelated historical detail; unrelated historical detail; unrelated historical detail; unrelated historical detail; unrelated historical detail; unrelated historical detail; unrelated historical detail; unrelated historical detail; unrelated historical detail; unrelated historical detail; unrelated historical detail; unrelated historical detail; unrelated historical detail; unrelated historical detail; unrelated historical detail; unrelated historical detail; unrelated historical detail; unrelated historical detail; 
A draft says person-153408 might use a different color; drafts are not facts.
Day 13: unrelated weather report 10.
Contradictory earlier report: person-153408 was once listed as green; use the latest confirmed fact.
Day 30: unrelated weather report 9.
Day 30: unrelated weather report 1.
Contradictory earlier report: person-696992 was once listed as green; use the latest confirmed fact.
Day 31: unrelated weather report 3.
Contradictory earlier report: person-423641 was once listed as amber; use the latest confirmed fact.
Day 28: unrelated weather report 4.
Day 0: FACT F01 — person-423641 has base color amber.
Day 0: FACT F02 — person-696992 has base color green.
Day 0: FACT F03 — person-153408 has base color green.
Day 0: FACT F04 — person-248191 has base color coral.
Day 13: unrelated weather report 2.
Day 14: unrelated weather report 8.
Day 28: unrelated weather report 7.
Day 0: FACT F05 — person-423641 has base color violet.
Day 0: FACT F06 — person-696992 has base color indigo.
Day 0: FACT F07 — person-153408 has base color violet.
Day 0: FACT F08 — person-248191 has base color blue.
Day 0: FACT F09 — person-423641 has base color violet.
Day 0: FACT F10 — person-696992 has base color blue.
Day 4: unrelated weather report 6.
Day 31: FACT F11 — person-423641 has base color indigo.
Day 32: FACT F12 — person-696992 has base color amber.
Day 33: FACT F13 — person-153408 has base color violet.
Day 28: unrelated weather report 5.","{'answer': 'violet', 'fact_id': 'F13', 'entity': 'person-153408'}",valid
MEMO-00391-870275,memory,validation,1,What is the most recently confirmed base color of person-535153? Return JSON with answer and fact_id. Ignore drafts and unrelated reports.,"Day 0: FACT F01 — person-253176 has base color amber.
Day 0: FACT F02 — person-535153 has base color amber.","{'answer': 'amber', 'fact_id': 'F02', 'entity': 'person-535153'}",valid
MEMO-00392-be4474,memory,validation,2,What is the most recently confirmed base color of person-747132? Return JSON with answer and fact_id. Ignore drafts and unrelated reports.,"Day 0: FACT F01 — person-258192 has base color blue.
Day 0: FACT F02 — person-954404 has base color amber.
Day 0: FACT F03 — person-747132 has base color green.
Day 0: unrelated weather report 1.","{'answer': 'green', 'fact_id': 'F03', 'entity': 'person-747132'}",valid
MEMO-00393-1bf61d,memory,validation,3,What is the most recently confirmed base color of person-623908? Return JSON with answer and fact_id. Ignore drafts and unrelated reports.,"Contradictory earlier report: person-623908 was once listed as green; use the latest confirmed fact.
Day 0: FACT F01 — person-623908 has base color green.
Day 0: FACT F02 — person-783339 has base color indigo.
Day 0: FACT F03 — person-254785 has base color blue.
Day 0: FACT F04 — person-623908 has base color green.
Day 4: unrelated weather report 1.
Day 1: unrelated weather report 3.
Day 4: unrelated weather report 2.
Day 0: FACT F05 — person-783339 has base color violet.
Day 4: FACT F06 — person-623908 has base color coral.","{'answer': 'coral', 'fact_id': 'F06', 'entity': 'person-623908'}",valid
MEMO-00394-1e2b74,memory,validation,4,What is the most recently confirmed base color of person-250611? Return JSON with answer and fact_id. Ignore drafts and unrelated reports.,"A draft says person-250611 might use a different color; drafts are not facts.
Contradictory earlier report: person-250611 was once listed as coral; use the latest confirmed fact.
Contradictory earlier report: person-989420 was once listed as indigo; use the latest confirmed fact.
Day 0: FACT F01 — person-989420 has base color indigo.
Day 3: unrelated weather report 5.
Day 0: FACT F02 — person-250611 has base color coral.
Day 2: unrelated weather report 1.
Day 0: FACT F03 — person-897313 has base color amber.
Day 0: FACT F04 — person-428322 has base color green.
Day 2: unrelated weather report 6.
Day 0: FACT F05 — person-989420 has base color amber.
Day 0: FACT F06 — person-250611 has base color coral.
Day 0: FACT F07 — person-897313 has base color amber.
Day 8: FACT F08 — person-989420 has base color amber.
Day 4: unrelated weather report 3.
Day 9: FACT F09 — person-250611 has base color violet.
Day 1: unrelated weather report 4.
Day 8: unrelated weather report 2.","{'answer': 'violet', 'fact_id': 'F09', 'entity': 'person-250611'}",valid
MEMO-00395-383d1f,memory,validation,5,What is the most recently confirmed base color of person-130815? Return JSON with answer and fact_id. Ignore drafts and unrelated reports.,"Long archive note: unrelated historical detail; unrelated historical detail; unrelated historical detail; unrelated historical detail; unrelated historical detail; unrelated historical detail; unrelated historical detail; unrelated historical detail; unrelated historical detail; unrelated historical detail; unrelated historical detail; unrelated historical detail; unrelated historical detail; unrelated historical detail; unrelated historical detail; unrelated historical detail; unrelated historical detail; unrelated historical detail; 
A draft says person-130815 might use a different color; drafts are not facts.
Day 6: unrelated weather report 9.
Day 23: unrelated weather report 3.
Contradictory earlier report: person-130815 was once listed as amber; use the latest confirmed fact.
Day 20: unrelated weather report 8.
Contradictory earlier report: person-711294 was once listed as blue; use the latest confirmed fact.
Day 25: unrelated weather report 1.
Contradictory earlier report: person-606153 was once listed as violet; use the latest confirmed fact.
Day 0: FACT F01 — person-606153 has base color violet.
Day 24: unrelated weather report 5.
Day 0: FACT F02 — person-711294 has base color blue.
Day 4: unrelated weather report 7.
Day 0: FACT F03 — person-130815 has base color amber.
Day 0: FACT F04 — person-601557 has base color green.
Day 8: unrelated weather report 2.
Day 15: unrelated weather report 6.
Day 0: FACT F05 — person-606153 has base color blue.
Day 11: unrelated weather report 4.
Day 0: FACT F06 — person-711294 has base color green.
Day 0: FACT F07 — person-130815 has base color green.
Day 0: FACT F08 — person-601557 has base color coral.
Day 0: FACT F09 — person-606153 has base color coral.
Day 21: unrelated weather report 10.
Day 0: FACT F10 — person-711294 has base color blue.
Day 31: FACT F11 — person-606153 has base color amber.
Day 32: FACT F12 — person-711294 has base color violet.
Day 33: FACT F13 — person-130815 has base color blue.","{'answer': 'blue', 'fact_id': 'F13', 'entity': 'person-130815'}",valid
MEMO-00396-7cfd84,memory,validation,1,What is the most recently confirmed base color of person-309669? Return JSON with answer and fact_id. Ignore drafts and unrelated reports.,"Day 0: FACT F01 — person-257205 has base color green.
Day 0: FACT F02 — person-309669 has base color amber.","{'answer': 'amber', 'fact_id': 'F02', 'entity': 'person-309669'}",valid
MEMO-00397-246d0c,memory,validation,2,What is the most recently confirmed base color of person-590938? Return JSON with answer and fact_id. Ignore drafts and unrelated reports.,"Day 2: unrelated weather report 1.
Day 0: FACT F01 — person-947501 has base color indigo.
Day 0: FACT F02 — person-676923 has base color indigo.
Day 0: FACT F03 — person-590938 has base color coral.","{'answer': 'coral', 'fact_id': 'F03', 'entity': 'person-590938'}",valid
MEMO-00398-db9a14,memory,validation,3,What is the most recently confirmed base color of person-142927? Return JSON with answer and fact_id. Ignore drafts and unrelated reports.,"Contradictory earlier report: person-142927 was once listed as amber; use the latest confirmed fact.
Day 0: FACT F01 — person-142927 has base color amber.
Day 2: unrelated weather report 1.
Day 0: FACT F02 — person-944869 has base color blue.
Day 4: unrelated weather report 3.
Day 0: FACT F03 — person-920515 has base color violet.
Day 2: unrelated weather report 2.
Day 0: FACT F04 — person-142927 has base color indigo.
Day 0: FACT F05 — person-944869 has base color violet.
Day 4: FACT F06 — person-142927 has base color blue.","{'answer': 'blue', 'fact_id': 'F06', 'entity': 'person-142927'}",valid
MEMO-00399-b4aaf2,memory,validation,4,What is the most recently confirmed base color of person-443357? Return JSON with answer and fact_id. Ignore drafts and unrelated reports.,"A draft says person-443357 might use a different color; drafts are not facts.
Day 8: unrelated weather report 4.
Contradictory earlier report: person-443357 was once listed as green; use the latest confirmed fact.
Day 8: unrelated weather report 6.
Contradictory earlier report: person-838201 was once listed as amber; use the latest confirmed fact.
Day 5: unrelated weather report 3.
Day 0: FACT F01 — person-838201 has base color amber.
Day 2: unrelated weather report 1.
Day 0: FACT F02 — person-443357 has base color green.
Day 0: FACT F03 — person-367574 has base color violet.
Day 0: FACT F04 — person-546506 has base color violet.
Day 3: unrelated weather report 2.
Day 0: FACT F05 — person-838201 has base color violet.
Day 0: FACT F06 — person-443357 has base color amber.
Day 7: unrelated weather report 5.
Day 0: FACT F07 — person-367574 has base color indigo.
Day 8: FACT F08 — person-838201 has base color blue.
Day 9: FACT F09 — person-443357 has base color amber.","{'answer': 'amber', 'fact_id': 'F09', 'entity': 'person-443357'}",valid
MEMO-00400-0dec6c,memory,validation,5,What is the most recently confirmed base color of person-475193? Return JSON with answer and fact_id. Ignore drafts and unrelated reports.,"Long archive note: unrelated historical detail; unrelated historical detail; unrelated historical detail; unrelated historical detail; unrelated historical detail; unrelated historical detail; unrelated historical detail; unrelated historical detail; unrelated historical detail; unrelated historical detail; unrelated historical detail; unrelated historical detail; unrelated historical detail; unrelated historical detail; unrelated historical detail; unrelated historical detail; unrelated historical detail; unrelated historical detail; 
A draft says person-475193 might use a different color; drafts are not facts.
Contradictory earlier report: person-475193 was once listed as amber; use the latest confirmed fact.
Contradictory earlier report: person-412231 was once listed as green; use the latest confirmed fact.
Day 24: unrelated weather report 1.
Day 11: unrelated weather report 2.
Contradictory earlier report: person-539498 was once listed as blue; use the latest confirmed fact.
Day 0: FACT F01 — person-539498 has base color blue.
Day 18: unrelated weather report 6.
Day 27: unrelated weather report 8.
Day 0: FACT F02 — person-412231 has base color green.
Day 0: FACT F03 — person-475193 has base color amber.
Day 4: unrelated weather report 3.
Day 0: FACT F04 — person-452007 has base color coral.
Day 0: FACT F05 — person-539498 has base color blue.
Day 0: unrelated weather report 7.
Day 0: FACT F06 — person-412231 has base color amber.
Day 18: unrelated weather report 9.
Day 0: FACT F07 — person-475193 has base color violet.
Day 24: unrelated weather report 10.
Day 27: unrelated weather report 5.
Day 0: FACT F08 — person-452007 has base color violet.
Day 0: FACT F09 — person-539498 has base color indigo.
Day 0: FACT F10 — person-412231 has base color amber.
Day 31: FACT F11 — person-539498 has base color indigo.
Day 32: FACT F12 — person-412231 has base color blue.
Day 23: unrelated weather report 4.
Day 33: FACT F13 — person-475193 has base color green.","{'answer': 'green', 'fact_id': 'F13', 'entity': 'person-475193'}",valid
MEMO-00401-c04f10,memory,validation,1,What is the most recently confirmed base color of person-344574? Return JSON with answer and fact_id. Ignore drafts and unrelated reports.,"Day 0: FACT F01 — person-863015 has base color violet.
Day 0: FACT F02 — person-344574 has base color amber.","{'answer': 'amber', 'fact_id': 'F02', 'entity': 'person-344574'}",valid
MEMO-00402-1dd7c6,memory,validation,2,What is the most recently confirmed base color of person-538633? Return JSON with answer and fact_id. Ignore drafts and unrelated reports.,"Day 0: FACT F01 — person-829826 has base color indigo.
Day 0: unrelated weather report 1.
Day 0: FACT F02 — person-489520 has base color blue.
Day 0: FACT F03 — person-538633 has base color amber.","{'answer': 'amber', 'fact_id': 'F03', 'entity': 'person-538633'}",valid
MEMO-00403-bc6cd5,memory,validation,3,What is the most recently confirmed base color of person-366494? Return JSON with answer and fact_id. Ignore drafts and unrelated reports.,"Day 0: unrelated weather report 2.
Contradictory earlier report: person-366494 was once listed as green; use the latest confirmed fact.
Day 0: FACT F01 — person-366494 has base color green.
Day 0: FACT F02 — person-302771 has base color green.
Day 0: FACT F03 — person-747370 has base color coral.
Day 0: FACT F04 — person-366494 has base color green.
Day 0: FACT F05 — person-302771 has base color amber.
Day 4: unrelated weather report 3.
Day 2: unrelated weather report 1.
Day 4: FACT F06 — person-366494 has base color violet.","{'answer': 'violet', 'fact_id': 'F06', 'entity': 'person-366494'}",valid
MEMO-00404-215d03,memory,validation,4,What is the most recently confirmed base color of person-962534? Return JSON with answer and fact_id. Ignore drafts and unrelated reports.,"A draft says person-962534 might use a different color; drafts are not facts.
Contradictory earlier report: person-962534 was once listed as amber; use the latest confirmed fact.
Contradictory earlier report: person-822590 was once listed as blue; use the latest confirmed fact.
Day 0: FACT F01 — person-822590 has base color blue.
Day 3: unrelated weather report 6.
Day 0: FACT F02 — person-962534 has base color amber.
Day 0: FACT F03 — person-825200 has base color indigo.
Day 0: FACT F04 — person-464763 has base color blue.
Day 2: unrelated weather report 2.
Day 4: unrelated weather report 5.
Day 7: unrelated weather report 3.
Day 0: FACT F05 — person-822590 has base color blue.
Day 0: FACT F06 — person-962534 has base color indigo.
Day 7: unrelated weather report 4.
Day 0: FACT F07 — person-825200 has base color violet.
Day 8: FACT F08 — person-822590 has base color coral.
Day 7: unrelated weather report 1.
Day 9: FACT F09 — person-962534 has base color green.","{'answer': 'green', 'fact_id': 'F09', 'entity': 'person-962534'}",valid
MEMO-00405-bb3faf,memory,validation,5,What is the most recently confirmed base color of person-404228? Return JSON with answer and fact_id. Ignore drafts and unrelated reports.,"Long archive note: unrelated historical detail; unrelated historical detail; unrelated historical detail; unrelated historical detail; unrelated historical detail; unrelated historical detail; unrelated historical detail; unrelated historical detail; unrelated historical detail; unrelated historical detail; unrelated historical detail; unrelated historical detail; unrelated historical detail; unrelated historical detail; unrelated historical detail; unrelated historical detail; unrelated historical detail; unrelated historical detail; 
A draft says person-404228 might use a different color; drafts are not facts.
Contradictory earlier report: person-404228 was once listed as coral; use the latest confirmed fact.
Contradictory earlier report: person-752083 was once listed as violet; use the latest confirmed fact.
Day 21: unrelated weather report 9.
Contradictory earlier report: person-331957 was once listed as green; use the latest confirmed fact.
Day 0: FACT F01 — person-331957 has base color green.
Day 0: FACT F02 — person-752083 has base color violet.
Day 16: unrelated weather report 10.
Day 0: FACT F03 — person-404228 has base color coral.
Day 0: FACT F04 — person-382821 has base color amber.
Day 7: unrelated weather report 8.
Day 22: unrelated weather report 2.
Day 0: FACT F05 — person-331957 has base color coral.
Day 0: FACT F06 — person-752083 has base color indigo.
Day 11: unrelated weather report 7.
Day 0: FACT F07 — person-404228 has base color amber.
Day 21: unrelated weather report 1.
Day 0: FACT F08 — person-382821 has base color indigo.
Day 9: unrelated weather report 3.
Day 0: FACT F09 — person-331957 has base color amber.
Day 0: FACT F10 — person-752083 has base color blue.
Day 15: unrelated weather report 5.
Day 31: FACT F11 — person-331957 has base color coral.
Day 1: unrelated weather report 6.
Day 24: unrelated weather report 4.
Day 32: FACT F12 — person-752083 has base color blue.
Day 33: FACT F13 — person-404228 has base color violet.","{'answer': 'violet', 'fact_id': 'F13', 'entity': 'person-404228'}",valid
MEMO-00406-49f131,memory,validation,1,What is the most recently confirmed base color of person-215386? Return JSON with answer and fact_id. Ignore drafts and unrelated reports.,"Day 0: FACT F01 — person-550384 has base color blue.
Day 0: FACT F02 — person-215386 has base color green.","{'answer': 'green', 'fact_id': 'F02', 'entity': 'person-215386'}",valid
MEMO-00407-bc0047,memory,validation,2,What is the most recently confirmed base color of person-876369? Return JSON with answer and fact_id. Ignore drafts and unrelated reports.,"Day 2: unrelated weather report 1.
Day 0: FACT F01 — person-732035 has base color indigo.
Day 0: FACT F02 — person-712657 has base color amber.
Day 0: FACT F03 — person-876369 has base color green.","{'answer': 'green', 'fact_id': 'F03', 'entity': 'person-876369'}",valid
MEMO-00408-e0dd64,memory,validation,3,What is the most recently confirmed base color of person-175120? Return JSON with answer and fact_id. Ignore drafts and unrelated reports.,"Contradictory earlier report: person-175120 was once listed as blue; use the latest confirmed fact.
Day 0: FACT F01 — person-175120 has base color blue.
Day 0: FACT F02 — person-161678 has base color indigo.
Day 1: unrelated weather report 1.
Day 0: FACT F03 — person-660644 has base color coral.
Day 0: FACT F04 — person-175120 has base color coral.
Day 0: FACT F05 — person-161678 has base color coral.
Day 4: FACT F06 — person-175120 has base color green.
Day 4: unrelated weather report 2.
Day 2: unrelated weather report 3.","{'answer': 'green', 'fact_id': 'F06', 'entity': 'person-175120'}",valid
MEMO-00409-2155fb,memory,validation,4,What is the most recently confirmed base color of person-237100? Return JSON with answer and fact_id. Ignore drafts and unrelated reports.,"A draft says person-237100 might use a different color; drafts are not facts.
Contradictory earlier report: person-237100 was once listed as coral; use the latest confirmed fact.
Contradictory earlier report: person-757911 was once listed as indigo; use the latest confirmed fact.
Day 7: unrelated weather report 5.
Day 0: FACT F01 — person-757911 has base color indigo.
Day 0: FACT F02 — person-237100 has base color coral.
Day 6: unrelated weather report 6.
Day 5: unrelated weather report 3.
Day 0: FACT F03 — person-816417 has base color blue.
Day 0: unrelated weather report 4.
Day 0: FACT F04 — person-215408 has base color indigo.
Day 0: FACT F05 — person-757911 has base color amber.
Day 0: FACT F06 — person-237100 has base color indigo.
Day 5: unrelated weather report 1.
Day 0: FACT F07 — person-816417 has base color green.
Day 8: FACT F08 — person-757911 has base color green.
Day 7: unrelated weather report 2.
Day 9: FACT F09 — person-237100 has base color amber.","{'answer': 'amber', 'fact_id': 'F09', 'entity': 'person-237100'}",valid
MEMO-00410-c97419,memory,validation,5,What is the most recently confirmed base color of person-622827? Return JSON with answer and fact_id. Ignore drafts and unrelated reports.,"Long archive note: unrelated historical detail; unrelated historical detail; unrelated historical detail; unrelated historical detail; unrelated historical detail; unrelated historical detail; unrelated historical detail; unrelated historical detail; unrelated historical detail; unrelated historical detail; unrelated historical detail; unrelated historical detail; unrelated historical detail; unrelated historical detail; unrelated historical detail; unrelated historical detail; unrelated historical detail; unrelated historical detail; 
A draft says person-622827 might use a different color; drafts are not facts.
Contradictory earlier report: person-622827 was once listed as coral; use the latest confirmed fact.
Day 20: unrelated weather report 7.
Day 24: unrelated weather report 5.
Contradictory earlier report: person-891508 was once listed as indigo; use the latest confirmed fact.
Contradictory earlier report: person-400224 was once listed as violet; use the latest confirmed fact.
Day 15: unrelated weather report 2.
Day 0: FACT F01 — person-400224 has base color violet.
Day 0: FACT F02 — person-891508 has base color indigo.
Day 21: unrelated weather report 8.
Day 0: FACT F03 — person-622827 has base color coral.
Day 16: unrelated weather report 3.
Day 15: unrelated weather report 6.
Day 0: FACT F04 — person-560613 has base color indigo.
Day 0: FACT F05 — person-400224 has base color violet.
Day 0: FACT F06 — person-891508 has base color blue.
Day 0: FACT F07 — person-622827 has base color blue.
Day 29: unrelated weather report 9.
Day 30: unrelated weather report 1.
Day 0: FACT F08 — person-560613 has base color indigo.
Day 24: unrelated weather report 10.
Day 0: FACT F09 — person-400224 has base color indigo.
Day 0: FACT F10 — person-891508 has base color green.
Day 31: FACT F11 — person-400224 has base color blue.
Day 32: FACT F12 — person-891508 has base color violet.
Day 29: unrelated weather report 4.
Day 33: FACT F13 — person-622827 has base color green.","{'answer': 'green', 'fact_id': 'F13', 'entity': 'person-622827'}",valid
MEMO-00411-ec651d,memory,validation,1,What is the most recently confirmed base color of person-859748? Return JSON with answer and fact_id. Ignore drafts and unrelated reports.,"Day 0: FACT F01 — person-430949 has base color indigo.
Day 0: FACT F02 — person-859748 has base color blue.","{'answer': 'blue', 'fact_id': 'F02', 'entity': 'person-859748'}",valid
MEMO-00412-7f87ad,memory,validation,2,What is the most recently confirmed base color of person-472364? Return JSON with answer and fact_id. Ignore drafts and unrelated reports.,"Day 0: FACT F01 — person-366583 has base color blue.
Day 0: FACT F02 — person-255279 has base color coral.
Day 0: FACT F03 — person-472364 has base color green.
Day 1: unrelated weather report 1.","{'answer': 'green', 'fact_id': 'F03', 'entity': 'person-472364'}",valid
MEMO-00413-c6737f,memory,validation,3,What is the most recently confirmed base color of person-932314? Return JSON with answer and fact_id. Ignore drafts and unrelated reports.,"Contradictory earlier report: person-932314 was once listed as coral; use the latest confirmed fact.
Day 0: FACT F01 — person-932314 has base color coral.
Day 0: FACT F02 — person-396955 has base color coral.
Day 3: unrelated weather report 2.
Day 0: FACT F03 — person-531394 has base color violet.
Day 0: FACT F04 — person-932314 has base color blue.
Day 0: FACT F05 — person-396955 has base color blue.
Day 2: unrelated weather report 3.
Day 0: unrelated weather report 1.
Day 4: FACT F06 — person-932314 has base color indigo.","{'answer': 'indigo', 'fact_id': 'F06', 'entity': 'person-932314'}",valid
MEMO-00414-81da64,memory,validation,4,What is the most recently confirmed base color of person-636821? Return JSON with answer and fact_id. Ignore drafts and unrelated reports.,"A draft says person-636821 might use a different color; drafts are not facts.
Contradictory earlier report: person-636821 was once listed as coral; use the latest confirmed fact.
Contradictory earlier report: person-779559 was once listed as green; use the latest confirmed fact.
Day 0: FACT F01 — person-779559 has base color green.
Day 4: unrelated weather report 6.
Day 0: FACT F02 — person-636821 has base color coral.
Day 0: FACT F03 — person-411731 has base color amber.
Day 7: unrelated weather report 3.
Day 1: unrelated weather report 2.
Day 0: FACT F04 — person-119640 has base color coral.
Day 0: FACT F05 — person-779559 has base color blue.
Day 0: FACT F06 — person-636821 has base color green.
Day 5: unrelated weather report 1.
Day 0: FACT F07 — person-411731 has base color amber.
Day 8: FACT F08 — person-779559 has base color indigo.
Day 0: unrelated weather report 5.
Day 7: unrelated weather report 4.
Day 9: FACT F09 — person-636821 has base color violet.","{'answer': 'violet', 'fact_id': 'F09', 'entity': 'person-636821'}",valid
MEMO-00415-caf5fe,memory,validation,5,What is the most recently confirmed base color of person-812401? Return JSON with answer and fact_id. Ignore drafts and unrelated reports.,"Long archive note: unrelated historical detail; unrelated historical detail; unrelated historical detail; unrelated historical detail; unrelated historical detail; unrelated historical detail; unrelated historical detail; unrelated historical detail; unrelated historical detail; unrelated historical detail; unrelated historical detail; unrelated historical detail; unrelated historical detail; unrelated historical detail; unrelated historical detail; unrelated historical detail; unrelated historical detail; unrelated historical detail; 
A draft says person-812401 might use a different color; drafts are not facts.
Contradictory earlier report: person-812401 was once listed as indigo; use the latest confirmed fact.
Contradictory earlier report: person-844331 was once listed as blue; use the latest confirmed fact.
Contradictory earlier report: person-528992 was once listed as coral; use the latest confirmed fact.
Day 0: FACT F01 — person-528992 has base color coral.
Day 0: FACT F02 — person-844331 has base color blue.
Day 0: FACT F03 — person-812401 has base color indigo.
Day 0: FACT F04 — person-434116 has base color coral.
Day 0: FACT F05 — person-528992 has base color coral.
Day 21: unrelated weather report 6.
Day 0: FACT F06 — person-844331 has base color violet.
Day 12: unrelated weather report 5.
Day 24: unrelated weather report 7.
Day 4: unrelated weather report 10.
Day 25: unrelated weather report 2.
Day 0: unrelated weather report 8.
Day 0: FACT F07 — person-812401 has base color green.
Day 0: FACT F08 — person-434116 has base color amber.
Day 28: unrelated weather report 4.
Day 0: FACT F09 — person-528992 has base color green.
Day 13: unrelated weather report 3.
Day 0: FACT F10 — person-844331 has base color amber.
Day 31: FACT F11 — person-528992 has base color indigo.
Day 0: unrelated weather report 1.
Day 9: unrelated weather report 9.
Day 32: FACT F12 — person-844331 has base color amber.
Day 33: FACT F13 — person-812401 has base color coral.","{'answer': 'coral', 'fact_id': 'F13', 'entity': 'person-812401'}",valid
MEMO-00416-dd4e29,memory,validation,1,What is the most recently confirmed base color of person-614624? Return JSON with answer and fact_id. Ignore drafts and unrelated reports.,"Day 0: FACT F01 — person-196132 has base color amber.
Day 0: FACT F02 — person-614624 has base color coral.","{'answer': 'coral', 'fact_id': 'F02', 'entity': 'person-614624'}",valid
MEMO-00417-8a9c0b,memory,validation,2,What is the most recently confirmed base color of person-979880? Return JSON with answer and fact_id. Ignore drafts and unrelated reports.,"Day 0: FACT F01 — person-268663 has base color green.
Day 0: FACT F02 — person-363445 has base color amber.
Day 0: FACT F03 — person-979880 has base color green.
Day 0: unrelated weather report 1.","{'answer': 'green', 'fact_id': 'F03', 'entity': 'person-979880'}",valid
MEMO-00418-4dd4d1,memory,validation,3,What is the most recently confirmed base color of person-935380? Return JSON with answer and fact_id. Ignore drafts and unrelated reports.,"Contradictory earlier report: person-935380 was once listed as blue; use the latest confirmed fact.
Day 0: FACT F01 — person-935380 has base color blue.
Day 0: FACT F02 — person-224238 has base color blue.
Day 4: unrelated weather report 2.
Day 0: FACT F03 — person-180994 has base color indigo.
Day 0: FACT F04 — person-935380 has base color blue.
Day 0: unrelated weather report 1.
Day 4: unrelated weather report 3.
Day 0: FACT F05 — person-224238 has base color violet.
Day 4: FACT F06 — person-935380 has base color indigo.","{'answer': 'indigo', 'fact_id': 'F06', 'entity': 'person-935380'}",valid
MEMO-00419-48199e,memory,validation,4,What is the most recently confirmed base color of person-412017? Return JSON with answer and fact_id. Ignore drafts and unrelated reports.,"A draft says person-412017 might use a different color; drafts are not facts.
Contradictory earlier report: person-412017 was once listed as coral; use the latest confirmed fact.
Contradictory earlier report: person-883590 was once listed as blue; use the latest confirmed fact.
Day 0: FACT F01 — person-883590 has base color blue.
Day 0: FACT F02 — person-412017 has base color coral.
Day 0: FACT F03 — person-883814 has base color blue.
Day 3: unrelated weather report 3.
Day 3: unrelated weather report 6.
Day 0: FACT F04 — person-499792 has base color amber.
Day 0: FACT F05 — person-883590 has base color violet.
Day 1: unrelated weather report 1.
Day 8: unrelated weather report 2.
Day 0: FACT F06 — person-412017 has base color coral.
Day 0: FACT F07 — person-883814 has base color amber.
Day 3: unrelated weather report 5.
Day 8: unrelated weather report 4.
Day 8: FACT F08 — person-883590 has base color indigo.
Day 9: FACT F09 — person-412017 has base color blue.","{'answer': 'blue', 'fact_id': 'F09', 'entity': 'person-412017'}",valid
MEMO-00420-e86ce8,memory,validation,5,What is the most recently confirmed base color of person-978746? Return JSON with answer and fact_id. Ignore drafts and unrelated reports.,"Long archive note: unrelated historical detail; unrelated historical detail; unrelated historical detail; unrelated historical detail; unrelated historical detail; unrelated historical detail; unrelated historical detail; unrelated historical detail; unrelated historical detail; unrelated historical detail; unrelated historical detail; unrelated historical detail; unrelated historical detail; unrelated historical detail; unrelated historical detail; unrelated historical detail; unrelated historical detail; unrelated historical detail; 
A draft says person-978746 might use a different color; drafts are not facts.
Contradictory earlier report: person-978746 was once listed as indigo; use the latest confirmed fact.
Day 12: unrelated weather report 3.
Day 26: unrelated weather report 1.
Day 23: unrelated weather report 10.
Contradictory earlier report: person-290253 was once listed as indigo; use the latest confirmed fact.
Contradictory earlier report: person-717379 was once listed as violet; use the latest confirmed fact.
Day 0: FACT F01 — person-717379 has base color violet.
Day 0: FACT F02 — person-290253 has base color indigo.
Day 0: FACT F03 — person-978746 has base color indigo.
Day 30: unrelated weather report 6.
Day 0: FACT F04 — person-725808 has base color indigo.
Day 0: FACT F05 — person-717379 has base color violet.
Day 0: FACT F06 — person-290253 has base color violet.
Day 17: unrelated weather report 5.
Day 0: FACT F07 — person-978746 has base color amber.
Day 0: FACT F08 — person-725808 has base color violet.
Day 0: FACT F09 — person-717379 has base color coral.
Day 0: FACT F10 — person-290253 has base color violet.
Day 14: unrelated weather report 4.
Day 7: unrelated weather report 7.
Day 3: unrelated weather report 8.
Day 31: FACT F11 — person-717379 has base color indigo.
Day 32: FACT F12 — person-290253 has base color violet.
Day 22: unrelated weather report 9.
Day 33: FACT F13 — person-978746 has base color green.
Day 13: unrelated weather report 2.","{'answer': 'green', 'fact_id': 'F13', 'entity': 'person-978746'}",valid
MEMO-00421-2cb408,memory,validation,1,What is the most recently confirmed base color of person-794133? Return JSON with answer and fact_id. Ignore drafts and unrelated reports.,"Day 0: FACT F01 — person-368389 has base color indigo.
Day 0: FACT F02 — person-794133 has base color indigo.","{'answer': 'indigo', 'fact_id': 'F02', 'entity': 'person-794133'}",valid
MEMO-00422-3bbdc9,memory,validation,2,What is the most recently confirmed base color of person-720922? Return JSON with answer and fact_id. Ignore drafts and unrelated reports.,"Day 0: FACT F01 — person-433646 has base color blue.
Day 1: unrelated weather report 1.
Day 0: FACT F02 — person-287881 has base color blue.
Day 0: FACT F03 — person-720922 has base color green.","{'answer': 'green', 'fact_id': 'F03', 'entity': 'person-720922'}",valid
MEMO-00423-83c420,memory,validation,3,What is the most recently confirmed base color of person-917319? Return JSON with answer and fact_id. Ignore drafts and unrelated reports.,"Contradictory earlier report: person-917319 was once listed as green; use the latest confirmed fact.
Day 0: FACT F01 — person-917319 has base color green.
Day 0: FACT F02 — person-819252 has base color blue.
Day 0: FACT F03 — person-183890 has base color coral.
Day 0: unrelated weather report 2.
Day 1: unrelated weather report 1.
Day 4: unrelated weather report 3.
Day 0: FACT F04 — person-917319 has base color violet.
Day 0: FACT F05 — person-819252 has base color indigo.
Day 4: FACT F06 — person-917319 has base color amber.","{'answer': 'amber', 'fact_id': 'F06', 'entity': 'person-917319'}",valid
MEMO-00424-c14ff0,memory,validation,4,What is the most recently confirmed base color of person-960140? Return JSON with answer and fact_id. Ignore drafts and unrelated reports.,"A draft says person-960140 might use a different color; drafts are not facts.
Contradictory earlier report: person-960140 was once listed as coral; use the latest confirmed fact.
Day 4: unrelated weather report 3.
Day 8: unrelated weather report 4.
Contradictory earlier report: person-814813 was once listed as amber; use the latest confirmed fact.
Day 0: FACT F01 — person-814813 has base color amber.
Day 0: FACT F02 — person-960140 has base color coral.
Day 0: FACT F03 — person-358755 has base color amber.
Day 1: unrelated weather report 5.
Day 0: FACT F04 — person-823980 has base color violet.
Day 0: FACT F05 — person-814813 has base color indigo.
Day 0: FACT F06 — person-960140 has base color green.
Day 0: FACT F07 — person-358755 has base color blue.
Day 8: FACT F08 — person-814813 has base color violet.
Day 6: unrelated weather report 2.
Day 8: unrelated weather report 1.
Day 8: unrelated weather report 6.
Day 9: FACT F09 — person-960140 has base color indigo.","{'answer': 'indigo', 'fact_id': 'F09', 'entity': 'person-960140'}",valid
MEMO-00425-4deb0d,memory,validation,5,What is the most recently confirmed base color of person-925959? Return JSON with answer and fact_id. Ignore drafts and unrelated reports.,"Long archive note: unrelated historical detail; unrelated historical detail; unrelated historical detail; unrelated historical detail; unrelated historical detail; unrelated historical detail; unrelated historical detail; unrelated historical detail; unrelated historical detail; unrelated historical detail; unrelated historical detail; unrelated historical detail; unrelated historical detail; unrelated historical detail; unrelated historical detail; unrelated historical detail; unrelated historical detail; unrelated historical detail; 
A draft says person-925959 might use a different color; drafts are not facts.
Contradictory earlier report: person-925959 was once listed as coral; use the latest confirmed fact.
Contradictory earlier report: person-257072 was once listed as coral; use the latest confirmed fact.
Day 22: unrelated weather report 9.
Day 26: unrelated weather report 1.
Day 30: unrelated weather report 10.
Contradictory earlier report: person-377022 was once listed as coral; use the latest confirmed fact.
Day 18: unrelated weather report 8.
Day 20: unrelated weather report 6.
Day 0: FACT F01 — person-377022 has base color coral.
Day 0: FACT F02 — person-257072 has base color coral.
Day 0: FACT F03 — person-925959 has base color coral.
Day 0: FACT F04 — person-704173 has base color amber.
Day 3: unrelated weather report 2.
Day 0: FACT F05 — person-377022 has base color blue.
Day 0: FACT F06 — person-257072 has base color amber.
Day 24: unrelated weather report 4.
Day 4: unrelated weather report 7.
Day 0: FACT F07 — person-925959 has base color blue.
Day 0: FACT F08 — person-704173 has base color coral.
Day 0: FACT F09 — person-377022 has base color green.
Day 10: unrelated weather report 3.
Day 0: FACT F10 — person-257072 has base color amber.
Day 31: FACT F11 — person-377022 has base color amber.
Day 32: FACT F12 — person-257072 has base color violet.
Day 33: FACT F13 — person-925959 has base color amber.
Day 15: unrelated weather report 5.","{'answer': 'amber', 'fact_id': 'F13', 'entity': 'person-925959'}",valid
MEMO-00426-c52fac,memory,test,1,What is the most recently confirmed base color of person-389720? Return JSON with answer and fact_id. Ignore drafts and unrelated reports.,"Day 0: FACT F01 — person-421821 has base color violet.
Day 0: FACT F02 — person-389720 has base color coral.","{'answer': 'coral', 'fact_id': 'F02', 'entity': 'person-389720'}",valid
MEMO-00427-c3d25e,memory,test,2,What is the most recently confirmed base color of person-342375? Return JSON with answer and fact_id. Ignore drafts and unrelated reports.,"Day 0: FACT F01 — person-152151 has base color indigo.
Day 0: FACT F02 — person-965502 has base color amber.
Day 0: unrelated weather report 1.
Day 0: FACT F03 — person-342375 has base color coral.","{'answer': 'coral', 'fact_id': 'F03', 'entity': 'person-342375'}",valid
MEMO-00428-3a621f,memory,test,3,What is the most recently confirmed base color of person-333543? Return JSON with answer and fact_id. Ignore drafts and unrelated reports.,"Contradictory earlier report: person-333543 was once listed as blue; use the latest confirmed fact.
Day 2: unrelated weather report 3.
Day 0: FACT F01 — person-333543 has base color blue.
Day 3: unrelated weather report 2.
Day 0: FACT F02 — person-893616 has base color blue.
Day 0: FACT F03 — person-388901 has base color coral.
Day 3: unrelated weather report 1.
Day 0: FACT F04 — person-333543 has base color violet.
Day 0: FACT F05 — person-893616 has base color violet.
Day 4: FACT F06 — person-333543 has base color amber.","{'answer': 'amber', 'fact_id': 'F06', 'entity': 'person-333543'}",valid
MEMO-00429-6b6e14,memory,test,4,What is the most recently confirmed base color of person-986259? Return JSON with answer and fact_id. Ignore drafts and unrelated reports.,"A draft says person-986259 might use a different color; drafts are not facts.
Contradictory earlier report: person-986259 was once listed as violet; use the latest confirmed fact.
Contradictory earlier report: person-839138 was once listed as amber; use the latest confirmed fact.
Day 0: FACT F01 — person-839138 has base color amber.
Day 0: FACT F02 — person-986259 has base color violet.
Day 6: unrelated weather report 5.
Day 8: unrelated weather report 2.
Day 0: FACT F03 — person-776526 has base color indigo.
Day 0: unrelated weather report 6.
Day 0: FACT F04 — person-586815 has base color violet.
Day 0: FACT F05 — person-839138 has base color violet.
Day 0: FACT F06 — person-986259 has base color violet.
Day 0: FACT F07 — person-776526 has base color green.
Day 7: unrelated weather report 3.
Day 3: unrelated weather report 4.
Day 8: FACT F08 — person-839138 has base color indigo.
Day 5: unrelated weather report 1.
Day 9: FACT F09 — person-986259 has base color indigo.","{'answer': 'indigo', 'fact_id': 'F09', 'entity': 'person-986259'}",valid
MEMO-00430-daac9e,memory,test,5,What is the most recently confirmed base color of person-212757? Return JSON with answer and fact_id. Ignore drafts and unrelated reports.,"Long archive note: unrelated historical detail; unrelated historical detail; unrelated historical detail; unrelated historical detail; unrelated historical detail; unrelated historical detail; unrelated historical detail; unrelated historical detail; unrelated historical detail; unrelated historical detail; unrelated historical detail; unrelated historical detail; unrelated historical detail; unrelated historical detail; unrelated historical detail; unrelated historical detail; unrelated historical detail; unrelated historical detail; 
A draft says person-212757 might use a different color; drafts are not facts.
Contradictory earlier report: person-212757 was once listed as violet; use the latest confirmed fact.
Contradictory earlier report: person-147533 was once listed as amber; use the latest confirmed fact.
Contradictory earlier report: person-581261 was once listed as green; use the latest confirmed fact.
Day 0: FACT F01 — person-581261 has base color green.
Day 19: unrelated weather report 8.
Day 0: FACT F02 — person-147533 has base color amber.
Day 27: unrelated weather report 2.
Day 0: FACT F03 — person-212757 has base color violet.
Day 10: unrelated weather report 3.
Day 0: FACT F04 — person-693197 has base color coral.
Day 24: unrelated weather report 1.
Day 0: FACT F05 — person-581261 has base color coral.
Day 14: unrelated weather report 5.
Day 10: unrelated weather report 6.
Day 0: FACT F06 — person-147533 has base color violet.
Day 22: unrelated weather report 4.
Day 0: FACT F07 — person-212757 has base color amber.
Day 0: FACT F08 — person-693197 has base color blue.
Day 0: FACT F09 — person-581261 has base color indigo.
Day 28: unrelated weather report 9.
Day 27: unrelated weather report 10.
Day 26: unrelated weather report 7.
Day 0: FACT F10 — person-147533 has base color blue.
Day 31: FACT F11 — person-581261 has base color coral.
Day 32: FACT F12 — person-147533 has base color blue.
Day 33: FACT F13 — person-212757 has base color coral.","{'answer': 'coral', 'fact_id': 'F13', 'entity': 'person-212757'}",valid
MEMO-00431-8dea2c,memory,test,1,What is the most recently confirmed base color of person-530857? Return JSON with answer and fact_id. Ignore drafts and unrelated reports.,"Day 0: FACT F01 — person-422870 has base color indigo.
Day 0: FACT F02 — person-530857 has base color green.","{'answer': 'green', 'fact_id': 'F02', 'entity': 'person-530857'}",valid
MEMO-00432-437c28,memory,test,2,What is the most recently confirmed base color of person-379820? Return JSON with answer and fact_id. Ignore drafts and unrelated reports.,"Day 1: unrelated weather report 1.
Day 0: FACT F01 — person-768259 has base color green.
Day 0: FACT F02 — person-890692 has base color coral.
Day 0: FACT F03 — person-379820 has base color blue.","{'answer': 'blue', 'fact_id': 'F03', 'entity': 'person-379820'}",valid
MEMO-00433-bd107b,memory,test,3,What is the most recently confirmed base color of person-731027? Return JSON with answer and fact_id. Ignore drafts and unrelated reports.,"Contradictory earlier report: person-731027 was once listed as coral; use the latest confirmed fact.
Day 0: FACT F01 — person-731027 has base color coral.
Day 2: unrelated weather report 3.
Day 0: FACT F02 — person-867740 has base color green.
Day 2: unrelated weather report 2.
Day 0: FACT F03 — person-792215 has base color coral.
Day 0: FACT F04 — person-731027 has base color green.
Day 0: FACT F05 — person-867740 has base color violet.
Day 2: unrelated weather report 1.
Day 4: FACT F06 — person-731027 has base color blue.","{'answer': 'blue', 'fact_id': 'F06', 'entity': 'person-731027'}",valid
MEMO-00434-a909fb,memory,test,4,What is the most recently confirmed base color of person-361079? Return JSON with answer and fact_id. Ignore drafts and unrelated reports.,"A draft says person-361079 might use a different color; drafts are not facts.
Contradictory earlier report: person-361079 was once listed as amber; use the latest confirmed fact.
Contradictory earlier report: person-845880 was once listed as amber; use the latest confirmed fact.
Day 0: FACT F01 — person-845880 has base color amber.
Day 0: FACT F02 — person-361079 has base color amber.
Day 0: unrelated weather report 6.
Day 7: unrelated weather report 2.
Day 0: FACT F03 — person-257856 has base color coral.
Day 0: FACT F04 — person-112597 has base color blue.
Day 0: FACT F05 — person-845880 has base color coral.
Day 6: unrelated weather report 5.
Day 1: unrelated weather report 4.
Day 8: unrelated weather report 1.
Day 3: unrelated weather report 3.
Day 0: FACT F06 — person-361079 has base color violet.
Day 0: FACT F07 — person-257856 has base color amber.
Day 8: FACT F08 — person-845880 has base color coral.
Day 9: FACT F09 — person-361079 has base color green.","{'answer': 'green', 'fact_id': 'F09', 'entity': 'person-361079'}",valid
MEMO-00435-64cf2b,memory,test,5,What is the most recently confirmed base color of person-283327? Return JSON with answer and fact_id. Ignore drafts and unrelated reports.,"Long archive note: unrelated historical detail; unrelated historical detail; unrelated historical detail; unrelated historical detail; unrelated historical detail; unrelated historical detail; unrelated historical detail; unrelated historical detail; unrelated historical detail; unrelated historical detail; unrelated historical detail; unrelated historical detail; unrelated historical detail; unrelated historical detail; unrelated historical detail; unrelated historical detail; unrelated historical detail; unrelated historical detail; 
A draft says person-283327 might use a different color; drafts are not facts.
Contradictory earlier report: person-283327 was once listed as amber; use the latest confirmed fact.
Contradictory earlier report: person-476551 was once listed as blue; use the latest confirmed fact.
Day 10: unrelated weather report 9.
Contradictory earlier report: person-947615 was once listed as green; use the latest confirmed fact.
Day 9: unrelated weather report 2.
Day 10: unrelated weather report 6.
Day 11: unrelated weather report 8.
Day 0: FACT F01 — person-947615 has base color green.
Day 0: FACT F02 — person-476551 has base color blue.
Day 0: FACT F03 — person-283327 has base color amber.
Day 24: unrelated weather report 10.
Day 0: FACT F04 — person-358296 has base color amber.
Day 0: FACT F05 — person-947615 has base color green.
Day 21: unrelated weather report 4.
Day 0: FACT F06 — person-476551 has base color violet.
Day 0: FACT F07 — person-283327 has base color amber.
Day 23: unrelated weather report 5.
Day 0: FACT F08 — person-358296 has base color coral.
Day 0: unrelated weather report 3.
Day 0: FACT F09 — person-947615 has base color green.
Day 20: unrelated weather report 7.
Day 0: FACT F10 — person-476551 has base color violet.
Day 3: unrelated weather report 1.
Day 31: FACT F11 — person-947615 has base color coral.
Day 32: FACT F12 — person-476551 has base color green.
Day 33: FACT F13 — person-283327 has base color green.","{'answer': 'green', 'fact_id': 'F13', 'entity': 'person-283327'}",valid
MEMO-00436-8bc570,memory,test,1,What is the most recently confirmed base color of person-665433? Return JSON with answer and fact_id. Ignore drafts and unrelated reports.,"Day 0: FACT F01 — person-574755 has base color amber.
Day 0: FACT F02 — person-665433 has base color amber.","{'answer': 'amber', 'fact_id': 'F02', 'entity': 'person-665433'}",valid
MEMO-00437-077496,memory,test,2,What is the most recently confirmed base color of person-422280? Return JSON with answer and fact_id. Ignore drafts and unrelated reports.,"Day 0: FACT F01 — person-603696 has base color blue.
Day 0: FACT F02 — person-409648 has base color indigo.
Day 0: FACT F03 — person-422280 has base color violet.
Day 0: unrelated weather report 1.","{'answer': 'violet', 'fact_id': 'F03', 'entity': 'person-422280'}",valid
MEMO-00438-4d121c,memory,test,3,What is the most recently confirmed base color of person-938360? Return JSON with answer and fact_id. Ignore drafts and unrelated reports.,"Contradictory earlier report: person-938360 was once listed as violet; use the latest confirmed fact.
Day 3: unrelated weather report 1.
Day 0: FACT F01 — person-938360 has base color violet.
Day 0: FACT F02 — person-879724 has base color violet.
Day 0: FACT F03 — person-151237 has base color indigo.
Day 3: unrelated weather report 3.
Day 0: FACT F04 — person-938360 has base color amber.
Day 0: FACT F05 — person-879724 has base color green.
Day 1: unrelated weather report 2.
Day 4: FACT F06 — person-938360 has base color amber.","{'answer': 'amber', 'fact_id': 'F06', 'entity': 'person-938360'}",valid
MEMO-00439-e09b95,memory,test,4,What is the most recently confirmed base color of person-768197? Return JSON with answer and fact_id. Ignore drafts and unrelated reports.,"A draft says person-768197 might use a different color; drafts are not facts.
Contradictory earlier report: person-768197 was once listed as amber; use the latest confirmed fact.
Day 3: unrelated weather report 5.
Contradictory earlier report: person-593333 was once listed as coral; use the latest confirmed fact.
Day 3: unrelated weather report 4.
Day 0: FACT F01 — person-593333 has base color coral.
Day 0: unrelated weather report 2.
Day 6: unrelated weather report 6.
Day 0: FACT F02 — person-768197 has base color amber.
Day 2: unrelated weather report 3.
Day 0: FACT F03 — person-234728 has base color green.
Day 7: unrelated weather report 1.
Day 0: FACT F04 — person-385512 has base color green.
Day 0: FACT F05 — person-593333 has base color blue.
Day 0: FACT F06 — person-768197 has base color blue.
Day 0: FACT F07 — person-234728 has base color blue.
Day 8: FACT F08 — person-593333 has base color amber.
Day 9: FACT F09 — person-768197 has base color violet.","{'answer': 'violet', 'fact_id': 'F09', 'entity': 'person-768197'}",valid
MEMO-00440-dee9da,memory,test,5,What is the most recently confirmed base color of person-594943? Return JSON with answer and fact_id. Ignore drafts and unrelated reports.,"Long archive note: unrelated historical detail; unrelated historical detail; unrelated historical detail; unrelated historical detail; unrelated historical detail; unrelated historical detail; unrelated historical detail; unrelated historical detail; unrelated historical detail; unrelated historical detail; unrelated historical detail; unrelated historical detail; unrelated historical detail; unrelated historical detail; unrelated historical detail; unrelated historical detail; unrelated historical detail; unrelated historical detail; 
A draft says person-594943 might use a different color; drafts are not facts.
Contradictory earlier report: person-594943 was once listed as indigo; use the latest confirmed fact.
Day 22: unrelated weather report 5.
Contradictory earlier report: person-884825 was once listed as violet; use the latest confirmed fact.
Contradictory earlier report: person-859801 was once listed as indigo; use the latest confirmed fact.
Day 0: FACT F01 — person-859801 has base color indigo.
Day 0: FACT F02 — person-884825 has base color violet.
Day 0: FACT F03 — person-594943 has base color indigo.
Day 6: unrelated weather report 6.
Day 21: unrelated weather report 2.
Day 8: unrelated weather report 7.
Day 5: unrelated weather report 10.
Day 15: unrelated weather report 3.
Day 19: unrelated weather report 9.
Day 0: FACT F04 — person-724578 has base color blue.
Day 0: FACT F05 — person-859801 has base color indigo.
Day 0: FACT F06 — person-884825 has base color violet.
Day 0: FACT F07 — person-594943 has base color indigo.
Day 0: FACT F08 — person-724578 has base color green.
Day 0: FACT F09 — person-859801 has base color blue.
Day 0: unrelated weather report 1.
Day 0: FACT F10 — person-884825 has base color blue.
Day 28: unrelated weather report 4.
Day 24: unrelated weather report 8.
Day 31: FACT F11 — person-859801 has base color blue.
Day 32: FACT F12 — person-884825 has base color blue.
Day 33: FACT F13 — person-594943 has base color coral.","{'answer': 'coral', 'fact_id': 'F13', 'entity': 'person-594943'}",valid
MEMO-00441-a95af4,memory,test,1,What is the most recently confirmed base color of person-730604? Return JSON with answer and fact_id. Ignore drafts and unrelated reports.,"Day 0: FACT F01 — person-918572 has base color indigo.
Day 0: FACT F02 — person-730604 has base color amber.","{'answer': 'amber', 'fact_id': 'F02', 'entity': 'person-730604'}",valid
MEMO-00442-b84467,memory,test,2,What is the most recently confirmed base color of person-255587? Return JSON with answer and fact_id. Ignore drafts and unrelated reports.,"Day 0: FACT F01 — person-102698 has base color coral.
Day 0: FACT F02 — person-394993 has base color indigo.
Day 2: unrelated weather report 1.
Day 0: FACT F03 — person-255587 has base color coral.","{'answer': 'coral', 'fact_id': 'F03', 'entity': 'person-255587'}",valid
MEMO-00443-cf7a48,memory,test,3,What is the most recently confirmed base color of person-805654? Return JSON with answer and fact_id. Ignore drafts and unrelated reports.,"Contradictory earlier report: person-805654 was once listed as green; use the latest confirmed fact.
Day 0: FACT F01 — person-805654 has base color green.
Day 0: FACT F02 — person-908063 has base color blue.
Day 1: unrelated weather report 3.
Day 0: unrelated weather report 1.
Day 0: FACT F03 — person-751371 has base color coral.
Day 0: unrelated weather report 2.
Day 0: FACT F04 — person-805654 has base color violet.
Day 0: FACT F05 — person-908063 has base color blue.
Day 4: FACT F06 — person-805654 has base color indigo.","{'answer': 'indigo', 'fact_id': 'F06', 'entity': 'person-805654'}",valid
MEMO-00444-3210d2,memory,test,4,What is the most recently confirmed base color of person-830607? Return JSON with answer and fact_id. Ignore drafts and unrelated reports.,"A draft says person-830607 might use a different color; drafts are not facts.
Contradictory earlier report: person-830607 was once listed as blue; use the latest confirmed fact.
Contradictory earlier report: person-540550 was once listed as coral; use the latest confirmed fact.
Day 0: FACT F01 — person-540550 has base color coral.
Day 8: unrelated weather report 5.
Day 6: unrelated weather report 4.
Day 3: unrelated weather report 2.
Day 8: unrelated weather report 3.
Day 0: FACT F02 — person-830607 has base color blue.
Day 0: FACT F03 — person-161360 has base color coral.
Day 0: FACT F04 — person-842319 has base color amber.
Day 0: FACT F05 — person-540550 has base color coral.
Day 3: unrelated weather report 6.
Day 0: FACT F06 — person-830607 has base color coral.
Day 7: unrelated weather report 1.
Day 0: FACT F07 — person-161360 has base color coral.
Day 8: FACT F08 — person-540550 has base color violet.
Day 9: FACT F09 — person-830607 has base color coral.","{'answer': 'coral', 'fact_id': 'F09', 'entity': 'person-830607'}",valid
MEMO-00445-cff83d,memory,test,5,What is the most recently confirmed base color of person-584623? Return JSON with answer and fact_id. Ignore drafts and unrelated reports.,"Long archive note: unrelated historical detail; unrelated historical detail; unrelated historical detail; unrelated historical detail; unrelated historical detail; unrelated historical detail; unrelated historical detail; unrelated historical detail; unrelated historical detail; unrelated historical detail; unrelated historical detail; unrelated historical detail; unrelated historical detail; unrelated historical detail; unrelated historical detail; unrelated historical detail; unrelated historical detail; unrelated historical detail; 
A draft says person-584623 might use a different color; drafts are not facts.
Contradictory earlier report: person-584623 was once listed as violet; use the latest confirmed fact.
Day 2: unrelated weather report 4.
Contradictory earlier report: person-778399 was once listed as coral; use the latest confirmed fact.
Contradictory earlier report: person-931894 was once listed as violet; use the latest confirmed fact.
Day 7: unrelated weather report 6.
Day 0: FACT F01 — person-931894 has base color violet.
Day 17: unrelated weather report 8.
Day 0: FACT F02 — person-778399 has base color coral.
Day 24: unrelated weather report 3.
Day 24: unrelated weather report 2.
Day 0: FACT F03 — person-584623 has base color violet.
Day 0: FACT F04 — person-762396 has base color coral.
Day 0: FACT F05 — person-931894 has base color violet.
Day 8: unrelated weather report 5.
Day 0: FACT F06 — person-778399 has base color indigo.
Day 0: FACT F07 — person-584623 has base color amber.
Day 0: FACT F08 — person-762396 has base color amber.
Day 0: FACT F09 — person-931894 has base color amber.
Day 0: FACT F10 — person-778399 has base color coral.
Day 26: unrelated weather report 10.
Day 31: FACT F11 — person-931894 has base color green.
Day 5: unrelated weather report 9.
Day 5: unrelated weather report 7.
Day 32: FACT F12 — person-778399 has base color indigo.
Day 33: FACT F13 — person-584623 has base color green.
Day 1: unrelated weather report 1.","{'answer': 'green', 'fact_id': 'F13', 'entity': 'person-584623'}",valid
MEMO-00446-94e506,memory,test,1,What is the most recently confirmed base color of person-858713? Return JSON with answer and fact_id. Ignore drafts and unrelated reports.,"Day 0: FACT F01 — person-709407 has base color blue.
Day 0: FACT F02 — person-858713 has base color violet.","{'answer': 'violet', 'fact_id': 'F02', 'entity': 'person-858713'}",valid
MEMO-00447-27060b,memory,test,2,What is the most recently confirmed base color of person-663394? Return JSON with answer and fact_id. Ignore drafts and unrelated reports.,"Day 0: FACT F01 — person-216056 has base color violet.
Day 0: FACT F02 — person-203216 has base color green.
Day 0: FACT F03 — person-663394 has base color blue.
Day 1: unrelated weather report 1.","{'answer': 'blue', 'fact_id': 'F03', 'entity': 'person-663394'}",valid
MEMO-00448-457f15,memory,test,3,What is the most recently confirmed base color of person-485915? Return JSON with answer and fact_id. Ignore drafts and unrelated reports.,"Day 1: unrelated weather report 3.
Day 0: unrelated weather report 1.
Day 2: unrelated weather report 2.
Contradictory earlier report: person-485915 was once listed as coral; use the latest confirmed fact.
Day 0: FACT F01 — person-485915 has base color coral.
Day 0: FACT F02 — person-339489 has base color indigo.
Day 0: FACT F03 — person-260036 has base color green.
Day 0: FACT F04 — person-485915 has base color green.
Day 0: FACT F05 — person-339489 has base color indigo.
Day 4: FACT F06 — person-485915 has base color indigo.","{'answer': 'indigo', 'fact_id': 'F06', 'entity': 'person-485915'}",valid
MEMO-00449-e1f89f,memory,test,4,What is the most recently confirmed base color of person-699584? Return JSON with answer and fact_id. Ignore drafts and unrelated reports.,"A draft says person-699584 might use a different color; drafts are not facts.
Day 4: unrelated weather report 1.
Day 2: unrelated weather report 4.
Contradictory earlier report: person-699584 was once listed as coral; use the latest confirmed fact.
Contradictory earlier report: person-769855 was once listed as green; use the latest confirmed fact.
Day 0: FACT F01 — person-769855 has base color green.
Day 0: FACT F02 — person-699584 has base color coral.
Day 0: FACT F03 — person-491605 has base color amber.
Day 0: FACT F04 — person-554431 has base color blue.
Day 3: unrelated weather report 6.
Day 4: unrelated weather report 5.
Day 0: FACT F05 — person-769855 has base color green.
Day 0: FACT F06 — person-699584 has base color green.
Day 0: FACT F07 — person-491605 has base color violet.
Day 1: unrelated weather report 2.
Day 8: FACT F08 — person-769855 has base color coral.
Day 3: unrelated weather report 3.
Day 9: FACT F09 — person-699584 has base color violet.","{'answer': 'violet', 'fact_id': 'F09', 'entity': 'person-699584'}",valid
MEMO-00450-6483a8,memory,test,5,What is the most recently confirmed base color of person-889420? Return JSON with answer and fact_id. Ignore drafts and unrelated reports.,"Long archive note: unrelated historical detail; unrelated historical detail; unrelated historical detail; unrelated historical detail; unrelated historical detail; unrelated historical detail; unrelated historical detail; unrelated historical detail; unrelated historical detail; unrelated historical detail; unrelated historical detail; unrelated historical detail; unrelated historical detail; unrelated historical detail; unrelated historical detail; unrelated historical detail; unrelated historical detail; unrelated historical detail; 
A draft says person-889420 might use a different color; drafts are not facts.
Day 0: unrelated weather report 5.
Day 10: unrelated weather report 9.
Contradictory earlier report: person-889420 was once listed as blue; use the latest confirmed fact.
Day 20: unrelated weather report 1.
Contradictory earlier report: person-668261 was once listed as indigo; use the latest confirmed fact.
Day 5: unrelated weather report 3.
Contradictory earlier report: person-713350 was once listed as coral; use the latest confirmed fact.
Day 0: FACT F01 — person-713350 has base color coral.
Day 27: unrelated weather report 2.
Day 0: FACT F02 — person-668261 has base color indigo.
Day 0: FACT F03 — person-889420 has base color blue.
Day 0: FACT F04 — person-725001 has base color coral.
Day 22: unrelated weather report 8.
Day 0: FACT F05 — person-713350 has base color green.
Day 5: unrelated weather report 4.
Day 3: unrelated weather report 10.
Day 0: FACT F06 — person-668261 has base color blue.
Day 0: FACT F07 — person-889420 has base color coral.
Day 0: FACT F08 — person-725001 has base color amber.
Day 0: FACT F09 — person-713350 has base color amber.
Day 0: FACT F10 — person-668261 has base color amber.
Day 31: FACT F11 — person-713350 has base color blue.
Day 27: unrelated weather report 7.
Day 14: unrelated weather report 6.
Day 32: FACT F12 — person-668261 has base color blue.
Day 33: FACT F13 — person-889420 has base color green.","{'answer': 'green', 'fact_id': 'F13', 'entity': 'person-889420'}",valid
MEMO-00451-410ae7,memory,test,1,What is the most recently confirmed base color of person-595804? Return JSON with answer and fact_id. Ignore drafts and unrelated reports.,"Day 0: FACT F01 — person-724399 has base color green.
Day 0: FACT F02 — person-595804 has base color amber.","{'answer': 'amber', 'fact_id': 'F02', 'entity': 'person-595804'}",valid
MEMO-00452-664df0,memory,test,2,What is the most recently confirmed base color of person-159390? Return JSON with answer and fact_id. Ignore drafts and unrelated reports.,"Day 0: FACT F01 — person-601640 has base color violet.
Day 0: FACT F02 — person-431260 has base color indigo.
Day 0: FACT F03 — person-159390 has base color blue.
Day 2: unrelated weather report 1.","{'answer': 'blue', 'fact_id': 'F03', 'entity': 'person-159390'}",valid
MEMO-00453-78310e,memory,test,3,What is the most recently confirmed base color of person-696735? Return JSON with answer and fact_id. Ignore drafts and unrelated reports.,"Contradictory earlier report: person-696735 was once listed as indigo; use the latest confirmed fact.
Day 0: FACT F01 — person-696735 has base color indigo.
Day 0: FACT F02 — person-369444 has base color green.
Day 0: unrelated weather report 2.
Day 0: FACT F03 — person-783921 has base color coral.
Day 2: unrelated weather report 3.
Day 0: FACT F04 — person-696735 has base color coral.
Day 0: FACT F05 — person-369444 has base color blue.
Day 3: unrelated weather report 1.
Day 4: FACT F06 — person-696735 has base color violet.","{'answer': 'violet', 'fact_id': 'F06', 'entity': 'person-696735'}",valid
MEMO-00454-17f0b5,memory,test,4,What is the most recently confirmed base color of person-940299? Return JSON with answer and fact_id. Ignore drafts and unrelated reports.,"A draft says person-940299 might use a different color; drafts are not facts.
Contradictory earlier report: person-940299 was once listed as violet; use the latest confirmed fact.
Day 7: unrelated weather report 3.
Contradictory earlier report: person-366973 was once listed as coral; use the latest confirmed fact.
Day 8: unrelated weather report 5.
Day 0: FACT F01 — person-366973 has base color coral.
Day 0: FACT F02 — person-940299 has base color violet.
Day 0: FACT F03 — person-279132 has base color coral.
Day 0: FACT F04 — person-610926 has base color amber.
Day 8: unrelated weather report 4.
Day 0: FACT F05 — person-366973 has base color coral.
Day 0: FACT F06 — person-940299 has base color indigo.
Day 0: FACT F07 — person-279132 has base color violet.
Day 5: unrelated weather report 6.
Day 0: unrelated weather report 1.
Day 6: unrelated weather report 2.
Day 8: FACT F08 — person-366973 has base color green.
Day 9: FACT F09 — person-940299 has base color amber.","{'answer': 'amber', 'fact_id': 'F09', 'entity': 'person-940299'}",valid
MEMO-00455-ef064c,memory,test,5,What is the most recently confirmed base color of person-749517? Return JSON with answer and fact_id. Ignore drafts and unrelated reports.,"Long archive note: unrelated historical detail; unrelated historical detail; unrelated historical detail; unrelated historical detail; unrelated historical detail; unrelated historical detail; unrelated historical detail; unrelated historical detail; unrelated historical detail; unrelated historical detail; unrelated historical detail; unrelated historical detail; unrelated historical detail; unrelated historical detail; unrelated historical detail; unrelated historical detail; unrelated historical detail; unrelated historical detail; 
A draft says person-749517 might use a different color; drafts are not facts.
Contradictory earlier report: person-749517 was once listed as green; use the latest confirmed fact.
Contradictory earlier report: person-255732 was once listed as blue; use the latest confirmed fact.
Contradictory earlier report: person-798708 was once listed as blue; use the latest confirmed fact.
Day 0: FACT F01 — person-798708 has base color blue.
Day 0: FACT F02 — person-255732 has base color blue.
Day 22: unrelated weather report 6.
Day 6: unrelated weather report 7.
Day 0: FACT F03 — person-749517 has base color green.
Day 22: unrelated weather report 5.
Day 8: unrelated weather report 8.
Day 0: FACT F04 — person-527140 has base color violet.
Day 0: FACT F05 — person-798708 has base color violet.
Day 22: unrelated weather report 3.
Day 0: FACT F06 — person-255732 has base color blue.
Day 0: FACT F07 — person-749517 has base color green.
Day 0: FACT F08 — person-527140 has base color violet.
Day 0: FACT F09 — person-798708 has base color violet.
Day 1: unrelated weather report 2.
Day 0: FACT F10 — person-255732 has base color green.
Day 13: unrelated weather report 10.
Day 24: unrelated weather report 4.
Day 31: FACT F11 — person-798708 has base color amber.
Day 11: unrelated weather report 1.
Day 28: unrelated weather report 9.
Day 32: FACT F12 — person-255732 has base color coral.
Day 33: FACT F13 — person-749517 has base color amber.","{'answer': 'amber', 'fact_id': 'F13', 'entity': 'person-749517'}",valid
MEMO-00456-bc5b94,memory,test,1,What is the most recently confirmed base color of person-465538? Return JSON with answer and fact_id. Ignore drafts and unrelated reports.,"Day 0: FACT F01 — person-197637 has base color blue.
Day 0: FACT F02 — person-465538 has base color violet.","{'answer': 'violet', 'fact_id': 'F02', 'entity': 'person-465538'}",valid
MEMO-00457-7c3e62,memory,test,2,What is the most recently confirmed base color of person-364746? Return JSON with answer and fact_id. Ignore drafts and unrelated reports.,"Day 0: unrelated weather report 1.
Day 0: FACT F01 — person-498627 has base color coral.
Day 0: FACT F02 — person-284231 has base color blue.
Day 0: FACT F03 — person-364746 has base color violet.","{'answer': 'violet', 'fact_id': 'F03', 'entity': 'person-364746'}",valid
MEMO-00458-7de1e4,memory,test,3,What is the most recently confirmed base color of person-609429? Return JSON with answer and fact_id. Ignore drafts and unrelated reports.,"Day 2: unrelated weather report 2.
Contradictory earlier report: person-609429 was once listed as amber; use the latest confirmed fact.
Day 2: unrelated weather report 3.
Day 0: FACT F01 — person-609429 has base color amber.
Day 0: FACT F02 — person-446387 has base color indigo.
Day 0: FACT F03 — person-497190 has base color coral.
Day 0: FACT F04 — person-609429 has base color indigo.
Day 0: FACT F05 — person-446387 has base color amber.
Day 3: unrelated weather report 1.
Day 4: FACT F06 — person-609429 has base color blue.","{'answer': 'blue', 'fact_id': 'F06', 'entity': 'person-609429'}",valid
MEMO-00459-61568f,memory,test,4,What is the most recently confirmed base color of person-868228? Return JSON with answer and fact_id. Ignore drafts and unrelated reports.,"A draft says person-868228 might use a different color; drafts are not facts.
Contradictory earlier report: person-868228 was once listed as amber; use the latest confirmed fact.
Day 3: unrelated weather report 1.
Contradictory earlier report: person-439641 was once listed as coral; use the latest confirmed fact.
Day 7: unrelated weather report 2.
Day 1: unrelated weather report 4.
Day 0: FACT F01 — person-439641 has base color coral.
Day 0: FACT F02 — person-868228 has base color amber.
Day 0: FACT F03 — person-791477 has base color coral.
Day 0: FACT F04 — person-165918 has base color indigo.
Day 0: FACT F05 — person-439641 has base color green.
Day 0: FACT F06 — person-868228 has base color coral.
Day 7: unrelated weather report 3.
Day 5: unrelated weather report 5.
Day 0: FACT F07 — person-791477 has base color coral.
Day 8: FACT F08 — person-439641 has base color green.
Day 9: FACT F09 — person-868228 has base color violet.
Day 7: unrelated weather report 6.","{'answer': 'violet', 'fact_id': 'F09', 'entity': 'person-868228'}",valid
MEMO-00460-b6086a,memory,test,5,What is the most recently confirmed base color of person-472729? Return JSON with answer and fact_id. Ignore drafts and unrelated reports.,"Long archive note: unrelated historical detail; unrelated historical detail; unrelated historical detail; unrelated historical detail; unrelated historical detail; unrelated historical detail; unrelated historical detail; unrelated historical detail; unrelated historical detail; unrelated historical detail; unrelated historical detail; unrelated historical detail; unrelated historical detail; unrelated historical detail; unrelated historical detail; unrelated historical detail; unrelated historical detail; unrelated historical detail; 
A draft says person-472729 might use a different color; drafts are not facts.
Contradictory earlier report: person-472729 was once listed as amber; use the latest confirmed fact.
Day 7: unrelated weather report 3.
Day 1: unrelated weather report 5.
Contradictory earlier report: person-541772 was once listed as green; use the latest confirmed fact.
Day 1: unrelated weather report 6.
Contradictory earlier report: person-916163 was once listed as indigo; use the latest confirmed fact.
Day 0: FACT F01 — person-916163 has base color indigo.
Day 22: unrelated weather report 8.
Day 0: FACT F02 — person-541772 has base color green.
Day 0: FACT F03 — person-472729 has base color amber.
Day 0: FACT F04 — person-756508 has base color blue.
Day 5: unrelated weather report 7.
Day 24: unrelated weather report 9.
Day 0: FACT F05 — person-916163 has base color indigo.
Day 0: FACT F06 — person-541772 has base color coral.
Day 0: FACT F07 — person-472729 has base color blue.
Day 7: unrelated weather report 10.
Day 2: unrelated weather report 4.
Day 31: unrelated weather report 1.
Day 0: FACT F08 — person-756508 has base color green.
Day 0: FACT F09 — person-916163 has base color indigo.
Day 0: FACT F10 — person-541772 has base color green.
Day 31: FACT F11 — person-916163 has base color coral.
Day 32: FACT F12 — person-541772 has base color coral.
Day 12: unrelated weather report 2.
Day 33: FACT F13 — person-472729 has base color blue.","{'answer': 'blue', 'fact_id': 'F13', 'entity': 'person-472729'}",valid
MEMO-00461-165cc4,memory,test,1,What is the most recently confirmed base color of person-849355? Return JSON with answer and fact_id. Ignore drafts and unrelated reports.,"Day 0: FACT F01 — person-742013 has base color blue.
Day 0: FACT F02 — person-849355 has base color green.","{'answer': 'green', 'fact_id': 'F02', 'entity': 'person-849355'}",valid
MEMO-00462-211a83,memory,test,2,What is the most recently confirmed base color of person-948680? Return JSON with answer and fact_id. Ignore drafts and unrelated reports.,"Day 1: unrelated weather report 1.
Day 0: FACT F01 — person-768149 has base color indigo.
Day 0: FACT F02 — person-791511 has base color coral.
Day 0: FACT F03 — person-948680 has base color coral.","{'answer': 'coral', 'fact_id': 'F03', 'entity': 'person-948680'}",valid
MEMO-00463-03ffc4,memory,test,3,What is the most recently confirmed base color of person-193219? Return JSON with answer and fact_id. Ignore drafts and unrelated reports.,"Contradictory earlier report: person-193219 was once listed as blue; use the latest confirmed fact.
Day 2: unrelated weather report 2.
Day 0: FACT F01 — person-193219 has base color blue.
Day 0: FACT F02 — person-559976 has base color violet.
Day 4: unrelated weather report 1.
Day 0: FACT F03 — person-253773 has base color green.
Day 4: unrelated weather report 3.
Day 0: FACT F04 — person-193219 has base color amber.
Day 0: FACT F05 — person-559976 has base color green.
Day 4: FACT F06 — person-193219 has base color amber.","{'answer': 'amber', 'fact_id': 'F06', 'entity': 'person-193219'}",valid
MEMO-00464-5bb2ba,memory,test,4,What is the most recently confirmed base color of person-146029? Return JSON with answer and fact_id. Ignore drafts and unrelated reports.,"A draft says person-146029 might use a different color; drafts are not facts.
Day 4: unrelated weather report 1.
Day 7: unrelated weather report 3.
Contradictory earlier report: person-146029 was once listed as blue; use the latest confirmed fact.
Day 2: unrelated weather report 5.
Contradictory earlier report: person-288988 was once listed as indigo; use the latest confirmed fact.
Day 0: FACT F01 — person-288988 has base color indigo.
Day 2: unrelated weather report 4.
Day 4: unrelated weather report 2.
Day 0: FACT F02 — person-146029 has base color blue.
Day 0: FACT F03 — person-658211 has base color green.
Day 7: unrelated weather report 6.
Day 0: FACT F04 — person-184879 has base color blue.
Day 0: FACT F05 — person-288988 has base color amber.
Day 0: FACT F06 — person-146029 has base color indigo.
Day 0: FACT F07 — person-658211 has base color green.
Day 8: FACT F08 — person-288988 has base color violet.
Day 9: FACT F09 — person-146029 has base color green.","{'answer': 'green', 'fact_id': 'F09', 'entity': 'person-146029'}",valid
MEMO-00465-b9d064,memory,test,5,What is the most recently confirmed base color of person-560020? Return JSON with answer and fact_id. Ignore drafts and unrelated reports.,"Long archive note: unrelated historical detail; unrelated historical detail; unrelated historical detail; unrelated historical detail; unrelated historical detail; unrelated historical detail; unrelated historical detail; unrelated historical detail; unrelated historical detail; unrelated historical detail; unrelated historical detail; unrelated historical detail; unrelated historical detail; unrelated historical detail; unrelated historical detail; unrelated historical detail; unrelated historical detail; unrelated historical detail; 
A draft says person-560020 might use a different color; drafts are not facts.
Day 11: unrelated weather report 6.
Day 28: unrelated weather report 2.
Contradictory earlier report: person-560020 was once listed as violet; use the latest confirmed fact.
Contradictory earlier report: person-558924 was once listed as violet; use the latest confirmed fact.
Day 6: unrelated weather report 9.
Contradictory earlier report: person-984748 was once listed as violet; use the latest confirmed fact.
Day 28: unrelated weather report 8.
Day 0: FACT F01 — person-984748 has base color violet.
Day 0: FACT F02 — person-558924 has base color violet.
Day 28: unrelated weather report 4.
Day 0: FACT F03 — person-560020 has base color violet.
Day 0: FACT F04 — person-917757 has base color blue.
Day 0: FACT F05 — person-984748 has base color green.
Day 0: FACT F06 — person-558924 has base color violet.
Day 10: unrelated weather report 7.
Day 0: FACT F07 — person-560020 has base color violet.
Day 0: FACT F08 — person-917757 has base color violet.
Day 0: FACT F09 — person-984748 has base color violet.
Day 0: FACT F10 — person-558924 has base color indigo.
Day 31: FACT F11 — person-984748 has base color green.
Day 7: unrelated weather report 3.
Day 32: FACT F12 — person-558924 has base color coral.
Day 23: unrelated weather report 10.
Day 5: unrelated weather report 1.
Day 33: FACT F13 — person-560020 has base color amber.
Day 15: unrelated weather report 5.","{'answer': 'amber', 'fact_id': 'F13', 'entity': 'person-560020'}",valid
MEMO-00466-b31f5a,memory,test,1,What is the most recently confirmed base color of person-556432? Return JSON with answer and fact_id. Ignore drafts and unrelated reports.,"Day 0: FACT F01 — person-619408 has base color coral.
Day 0: FACT F02 — person-556432 has base color violet.","{'answer': 'violet', 'fact_id': 'F02', 'entity': 'person-556432'}",valid
MEMO-00467-ad8c41,memory,test,2,What is the most recently confirmed base color of person-255437? Return JSON with answer and fact_id. Ignore drafts and unrelated reports.,"Day 0: FACT F01 — person-505725 has base color blue.
Day 0: FACT F02 — person-160384 has base color amber.
Day 2: unrelated weather report 1.
Day 0: FACT F03 — person-255437 has base color coral.","{'answer': 'coral', 'fact_id': 'F03', 'entity': 'person-255437'}",valid
MEMO-00468-4421ee,memory,test,3,What is the most recently confirmed base color of person-285362? Return JSON with answer and fact_id. Ignore drafts and unrelated reports.,"Day 2: unrelated weather report 2.
Contradictory earlier report: person-285362 was once listed as green; use the latest confirmed fact.
Day 0: FACT F01 — person-285362 has base color green.
Day 0: FACT F02 — person-633202 has base color amber.
Day 0: FACT F03 — person-416174 has base color coral.
Day 3: unrelated weather report 1.
Day 0: FACT F04 — person-285362 has base color blue.
Day 0: FACT F05 — person-633202 has base color green.
Day 2: unrelated weather report 3.
Day 4: FACT F06 — person-285362 has base color violet.","{'answer': 'violet', 'fact_id': 'F06', 'entity': 'person-285362'}",valid
MEMO-00469-d14e3c,memory,test,4,What is the most recently confirmed base color of person-159961? Return JSON with answer and fact_id. Ignore drafts and unrelated reports.,"A draft says person-159961 might use a different color; drafts are not facts.
Contradictory earlier report: person-159961 was once listed as green; use the latest confirmed fact.
Contradictory earlier report: person-410125 was once listed as green; use the latest confirmed fact.
Day 3: unrelated weather report 3.
Day 0: FACT F01 — person-410125 has base color green.
Day 7: unrelated weather report 4.
Day 0: FACT F02 — person-159961 has base color green.
Day 5: unrelated weather report 6.
Day 0: FACT F03 — person-818237 has base color indigo.
Day 4: unrelated weather report 2.
Day 0: FACT F04 — person-136750 has base color coral.
Day 7: unrelated weather report 1.
Day 0: FACT F05 — person-410125 has base color amber.
Day 0: FACT F06 — person-159961 has base color blue.
Day 6: unrelated weather report 5.
Day 0: FACT F07 — person-818237 has base color blue.
Day 8: FACT F08 — person-410125 has base color violet.
Day 9: FACT F09 — person-159961 has base color coral.","{'answer': 'coral', 'fact_id': 'F09', 'entity': 'person-159961'}",valid
MEMO-00470-59b327,memory,test,5,What is the most recently confirmed base color of person-873076? Return JSON with answer and fact_id. Ignore drafts and unrelated reports.,"Long archive note: unrelated historical detail; unrelated historical detail; unrelated historical detail; unrelated historical detail; unrelated historical detail; unrelated historical detail; unrelated historical detail; unrelated historical detail; unrelated historical detail; unrelated historical detail; unrelated historical detail; unrelated historical detail; unrelated historical detail; unrelated historical detail; unrelated historical detail; unrelated historical detail; unrelated historical detail; unrelated historical detail; 
A draft says person-873076 might use a different color; drafts are not facts.
Contradictory earlier report: person-873076 was once listed as violet; use the latest confirmed fact.
Day 9: unrelated weather report 8.
Day 7: unrelated weather report 4.
Contradictory earlier report: person-542363 was once listed as blue; use the latest confirmed fact.
Contradictory earlier report: person-789024 was once listed as indigo; use the latest confirmed fact.
Day 28: unrelated weather report 7.
Day 21: unrelated weather report 1.
Day 22: unrelated weather report 10.
Day 0: FACT F01 — person-789024 has base color indigo.
Day 0: FACT F02 — person-542363 has base color blue.
Day 6: unrelated weather report 9.
Day 1: unrelated weather report 6.
Day 0: FACT F03 — person-873076 has base color violet.
Day 0: FACT F04 — person-505769 has base color amber.
Day 0: FACT F05 — person-789024 has base color green.
Day 0: FACT F06 — person-542363 has base color amber.
Day 0: FACT F07 — person-873076 has base color green.
Day 0: FACT F08 — person-505769 has base color blue.
Day 21: unrelated weather report 2.
Day 0: FACT F09 — person-789024 has base color violet.
Day 6: unrelated weather report 3.
Day 0: FACT F10 — person-542363 has base color indigo.
Day 31: FACT F11 — person-789024 has base color violet.
Day 32: FACT F12 — person-542363 has base color indigo.
Day 33: FACT F13 — person-873076 has base color coral.
Day 11: unrelated weather report 5.","{'answer': 'coral', 'fact_id': 'F13', 'entity': 'person-873076'}",valid
MEMO-00471-d3793e,memory,test,1,What is the most recently confirmed base color of person-515598? Return JSON with answer and fact_id. Ignore drafts and unrelated reports.,"Day 0: FACT F01 — person-984186 has base color amber.
Day 0: FACT F02 — person-515598 has base color indigo.","{'answer': 'indigo', 'fact_id': 'F02', 'entity': 'person-515598'}",valid
MEMO-00472-2bd89d,memory,test,2,What is the most recently confirmed base color of person-954521? Return JSON with answer and fact_id. Ignore drafts and unrelated reports.,"Day 2: unrelated weather report 1.
Day 0: FACT F01 — person-706389 has base color indigo.
Day 0: FACT F02 — person-207221 has base color indigo.
Day 0: FACT F03 — person-954521 has base color indigo.","{'answer': 'indigo', 'fact_id': 'F03', 'entity': 'person-954521'}",valid
MEMO-00473-057476,memory,test,3,What is the most recently confirmed base color of person-120399? Return JSON with answer and fact_id. Ignore drafts and unrelated reports.,"Contradictory earlier report: person-120399 was once listed as indigo; use the latest confirmed fact.
Day 0: FACT F01 — person-120399 has base color indigo.
Day 0: FACT F02 — person-128776 has base color green.
Day 0: FACT F03 — person-820458 has base color indigo.
Day 0: FACT F04 — person-120399 has base color blue.
Day 0: FACT F05 — person-128776 has base color coral.
Day 0: unrelated weather report 2.
Day 2: unrelated weather report 3.
Day 4: unrelated weather report 1.
Day 4: FACT F06 — person-120399 has base color coral.","{'answer': 'coral', 'fact_id': 'F06', 'entity': 'person-120399'}",valid
MEMO-00474-691b86,memory,test,4,What is the most recently confirmed base color of person-462438? Return JSON with answer and fact_id. Ignore drafts and unrelated reports.,"A draft says person-462438 might use a different color; drafts are not facts.
Contradictory earlier report: person-462438 was once listed as coral; use the latest confirmed fact.
Contradictory earlier report: person-134042 was once listed as indigo; use the latest confirmed fact.
Day 4: unrelated weather report 3.
Day 5: unrelated weather report 4.
Day 0: unrelated weather report 5.
Day 6: unrelated weather report 1.
Day 6: unrelated weather report 2.
Day 5: unrelated weather report 6.
Day 0: FACT F01 — person-134042 has base color indigo.
Day 0: FACT F02 — person-462438 has base color coral.
Day 0: FACT F03 — person-426340 has base color violet.
Day 0: FACT F04 — person-616125 has base color green.
Day 0: FACT F05 — person-134042 has base color violet.
Day 0: FACT F06 — person-462438 has base color blue.
Day 0: FACT F07 — person-426340 has base color green.
Day 8: FACT F08 — person-134042 has base color amber.
Day 9: FACT F09 — person-462438 has base color blue.","{'answer': 'blue', 'fact_id': 'F09', 'entity': 'person-462438'}",valid
MEMO-00475-358f23,memory,test,5,What is the most recently confirmed base color of person-520587? Return JSON with answer and fact_id. Ignore drafts and unrelated reports.,"Long archive note: unrelated historical detail; unrelated historical detail; unrelated historical detail; unrelated historical detail; unrelated historical detail; unrelated historical detail; unrelated historical detail; unrelated historical detail; unrelated historical detail; unrelated historical detail; unrelated historical detail; unrelated historical detail; unrelated historical detail; unrelated historical detail; unrelated historical detail; unrelated historical detail; unrelated historical detail; unrelated historical detail; 
A draft says person-520587 might use a different color; drafts are not facts.
Contradictory earlier report: person-520587 was once listed as amber; use the latest confirmed fact.
Contradictory earlier report: person-806239 was once listed as indigo; use the latest confirmed fact.
Day 22: unrelated weather report 1.
Day 25: unrelated weather report 6.
Day 16: unrelated weather report 4.
Day 25: unrelated weather report 9.
Day 15: unrelated weather report 2.
Contradictory earlier report: person-321007 was once listed as violet; use the latest confirmed fact.
Day 0: FACT F01 — person-321007 has base color violet.
Day 0: FACT F02 — person-806239 has base color indigo.
Day 0: FACT F03 — person-520587 has base color amber.
Day 22: unrelated weather report 3.
Day 1: unrelated weather report 5.
Day 0: FACT F04 — person-536736 has base color coral.
Day 26: unrelated weather report 8.
Day 0: FACT F05 — person-321007 has base color green.
Day 0: FACT F06 — person-806239 has base color violet.
Day 0: FACT F07 — person-520587 has base color violet.
Day 0: FACT F08 — person-536736 has base color amber.
Day 0: FACT F09 — person-321007 has base color green.
Day 0: FACT F10 — person-806239 has base color green.
Day 14: unrelated weather report 7.
Day 31: FACT F11 — person-321007 has base color coral.
Day 27: unrelated weather report 10.
Day 32: FACT F12 — person-806239 has base color amber.
Day 33: FACT F13 — person-520587 has base color green.","{'answer': 'green', 'fact_id': 'F13', 'entity': 'person-520587'}",valid
MEMO-00476-2ea798,memory,challenge,1,What is the most recently confirmed base color of person-707626? Return JSON with answer and fact_id. Ignore drafts and unrelated reports.,"Day 0: FACT F01 — person-295034 has base color amber.
Day 0: FACT F02 — person-707626 has base color violet.","{'answer': 'violet', 'fact_id': 'F02', 'entity': 'person-707626'}",valid
MEMO-00477-cd1745,memory,challenge,2,What is the most recently confirmed base color of person-384047? Return JSON with answer and fact_id. Ignore drafts and unrelated reports.,"Day 0: FACT F01 — person-676984 has base color blue.
Day 0: FACT F02 — person-899988 has base color amber.
Day 0: FACT F03 — person-384047 has base color amber.
Day 1: unrelated weather report 1.","{'answer': 'amber', 'fact_id': 'F03', 'entity': 'person-384047'}",valid
MEMO-00478-186721,memory,challenge,3,What is the most recently confirmed base color of person-999984? Return JSON with answer and fact_id. Ignore drafts and unrelated reports.,"Contradictory earlier report: person-999984 was once listed as blue; use the latest confirmed fact.
Day 3: unrelated weather report 2.
Day 0: FACT F01 — person-999984 has base color blue.
Day 0: FACT F02 — person-767482 has base color blue.
Day 1: unrelated weather report 3.
Day 0: FACT F03 — person-306147 has base color green.
Day 1: unrelated weather report 1.
Day 0: FACT F04 — person-999984 has base color blue.
Day 0: FACT F05 — person-767482 has base color violet.
Day 4: FACT F06 — person-999984 has base color amber.","{'answer': 'amber', 'fact_id': 'F06', 'entity': 'person-999984'}",valid
MEMO-00479-80bcd1,memory,challenge,4,What is the most recently confirmed base color of person-380308? Return JSON with answer and fact_id. Ignore drafts and unrelated reports.,"A draft says person-380308 might use a different color; drafts are not facts.
Contradictory earlier report: person-380308 was once listed as blue; use the latest confirmed fact.
Contradictory earlier report: person-956561 was once listed as coral; use the latest confirmed fact.
Day 0: FACT F01 — person-956561 has base color coral.
Day 0: FACT F02 — person-380308 has base color blue.
Day 0: FACT F03 — person-205159 has base color green.
Day 0: FACT F04 — person-625609 has base color coral.
Day 0: FACT F05 — person-956561 has base color amber.
Day 1: unrelated weather report 5.
Day 3: unrelated weather report 2.
Day 0: FACT F06 — person-380308 has base color blue.
Day 0: FACT F07 — person-205159 has base color indigo.
Day 8: FACT F08 — person-956561 has base color violet.
Day 2: unrelated weather report 6.
Day 1: unrelated weather report 3.
Day 1: unrelated weather report 4.
Day 9: FACT F09 — person-380308 has base color coral.
Day 6: unrelated weather report 1.","{'answer': 'coral', 'fact_id': 'F09', 'entity': 'person-380308'}",valid
MEMO-00480-4222f2,memory,challenge,5,What is the most recently confirmed base color of person-406588? Return JSON with answer and fact_id. Ignore drafts and unrelated reports.,"Long archive note: unrelated historical detail; unrelated historical detail; unrelated historical detail; unrelated historical detail; unrelated historical detail; unrelated historical detail; unrelated historical detail; unrelated historical detail; unrelated historical detail; unrelated historical detail; unrelated historical detail; unrelated historical detail; unrelated historical detail; unrelated historical detail; unrelated historical detail; unrelated historical detail; unrelated historical detail; unrelated historical detail; 
A draft says person-406588 might use a different color; drafts are not facts.
Contradictory earlier report: person-406588 was once listed as amber; use the latest confirmed fact.
Day 18: unrelated weather report 3.
Day 9: unrelated weather report 2.
Contradictory earlier report: person-306441 was once listed as indigo; use the latest confirmed fact.
Contradictory earlier report: person-179950 was once listed as indigo; use the latest confirmed fact.
Day 6: unrelated weather report 10.
Day 0: FACT F01 — person-179950 has base color indigo.
Day 6: unrelated weather report 7.
Day 21: unrelated weather report 1.
Day 13: unrelated weather report 5.
Day 10: unrelated weather report 8.
Day 0: FACT F02 — person-306441 has base color indigo.
Day 20: unrelated weather report 4.
Day 0: FACT F03 — person-406588 has base color amber.
Day 0: FACT F04 — person-247665 has base color green.
Day 0: FACT F05 — person-179950 has base color indigo.
Day 0: FACT F06 — person-306441 has base color indigo.
Day 0: FACT F07 — person-406588 has base color violet.
Day 9: unrelated weather report 6.
Day 0: FACT F08 — person-247665 has base color blue.
Day 0: FACT F09 — person-179950 has base color coral.
Day 10: unrelated weather report 9.
Day 0: FACT F10 — person-306441 has base color coral.
Day 31: FACT F11 — person-179950 has base color violet.
Day 32: FACT F12 — person-306441 has base color amber.
Day 33: FACT F13 — person-406588 has base color violet.","{'answer': 'violet', 'fact_id': 'F13', 'entity': 'person-406588'}",valid
MEMO-00481-62054e,memory,challenge,1,What is the most recently confirmed base color of person-115923? Return JSON with answer and fact_id. Ignore drafts and unrelated reports.,"Day 0: FACT F01 — person-199714 has base color blue.
Day 0: FACT F02 — person-115923 has base color indigo.","{'answer': 'indigo', 'fact_id': 'F02', 'entity': 'person-115923'}",valid
MEMO-00482-2c5d35,memory,challenge,2,What is the most recently confirmed base color of person-460395? Return JSON with answer and fact_id. Ignore drafts and unrelated reports.,"Day 0: FACT F01 — person-891978 has base color blue.
Day 0: FACT F02 — person-266882 has base color blue.
Day 0: unrelated weather report 1.
Day 0: FACT F03 — person-460395 has base color violet.","{'answer': 'violet', 'fact_id': 'F03', 'entity': 'person-460395'}",valid
MEMO-00483-85661c,memory,challenge,3,What is the most recently confirmed base color of person-630160? Return JSON with answer and fact_id. Ignore drafts and unrelated reports.,"Day 3: unrelated weather report 1.
Contradictory earlier report: person-630160 was once listed as coral; use the latest confirmed fact.
Day 1: unrelated weather report 2.
Day 0: FACT F01 — person-630160 has base color coral.
Day 0: FACT F02 — person-323191 has base color violet.
Day 0: FACT F03 — person-744348 has base color amber.
Day 0: FACT F04 — person-630160 has base color violet.
Day 0: FACT F05 — person-323191 has base color violet.
Day 4: FACT F06 — person-630160 has base color violet.
Day 4: unrelated weather report 3.","{'answer': 'violet', 'fact_id': 'F06', 'entity': 'person-630160'}",valid
MEMO-00484-179f20,memory,challenge,4,What is the most recently confirmed base color of person-149612? Return JSON with answer and fact_id. Ignore drafts and unrelated reports.,"A draft says person-149612 might use a different color; drafts are not facts.
Contradictory earlier report: person-149612 was once listed as amber; use the latest confirmed fact.
Contradictory earlier report: person-969422 was once listed as indigo; use the latest confirmed fact.
Day 0: FACT F01 — person-969422 has base color indigo.
Day 5: unrelated weather report 5.
Day 3: unrelated weather report 4.
Day 0: FACT F02 — person-149612 has base color amber.
Day 7: unrelated weather report 3.
Day 0: FACT F03 — person-892710 has base color violet.
Day 0: FACT F04 — person-463960 has base color coral.
Day 0: FACT F05 — person-969422 has base color coral.
Day 0: unrelated weather report 2.
Day 0: FACT F06 — person-149612 has base color blue.
Day 1: unrelated weather report 1.
Day 0: FACT F07 — person-892710 has base color blue.
Day 8: FACT F08 — person-969422 has base color coral.
Day 0: unrelated weather report 6.
Day 9: FACT F09 — person-149612 has base color green.","{'answer': 'green', 'fact_id': 'F09', 'entity': 'person-149612'}",valid
MEMO-00485-49df10,memory,challenge,5,What is the most recently confirmed base color of person-172323? Return JSON with answer and fact_id. Ignore drafts and unrelated reports.,"Long archive note: unrelated historical detail; unrelated historical detail; unrelated historical detail; unrelated historical detail; unrelated historical detail; unrelated historical detail; unrelated historical detail; unrelated historical detail; unrelated historical detail; unrelated historical detail; unrelated historical detail; unrelated historical detail; unrelated historical detail; unrelated historical detail; unrelated historical detail; unrelated historical detail; unrelated historical detail; unrelated historical detail; 
A draft says person-172323 might use a different color; drafts are not facts.
Contradictory earlier report: person-172323 was once listed as coral; use the latest confirmed fact.
Day 28: unrelated weather report 1.
Day 19: unrelated weather report 3.
Contradictory earlier report: person-396889 was once listed as violet; use the latest confirmed fact.
Contradictory earlier report: person-361058 was once listed as violet; use the latest confirmed fact.
Day 0: FACT F01 — person-361058 has base color violet.
Day 21: unrelated weather report 2.
Day 0: FACT F02 — person-396889 has base color violet.
Day 8: unrelated weather report 4.
Day 0: FACT F03 — person-172323 has base color coral.
Day 0: FACT F04 — person-450046 has base color green.
Day 18: unrelated weather report 5.
Day 0: FACT F05 — person-361058 has base color green.
Day 0: FACT F06 — person-396889 has base color amber.
Day 20: unrelated weather report 8.
Day 0: FACT F07 — person-172323 has base color indigo.
Day 0: FACT F08 — person-450046 has base color coral.
Day 29: unrelated weather report 9.
Day 0: FACT F09 — person-361058 has base color violet.
Day 24: unrelated weather report 6.
Day 0: FACT F10 — person-396889 has base color amber.
Day 31: FACT F11 — person-361058 has base color amber.
Day 32: FACT F12 — person-396889 has base color coral.
Day 13: unrelated weather report 10.
Day 29: unrelated weather report 7.
Day 33: FACT F13 — person-172323 has base color amber.","{'answer': 'amber', 'fact_id': 'F13', 'entity': 'person-172323'}",valid
MEMO-00486-5cda9e,memory,challenge,1,What is the most recently confirmed base color of person-275674? Return JSON with answer and fact_id. Ignore drafts and unrelated reports.,"Day 0: FACT F01 — person-773706 has base color blue.
Day 0: FACT F02 — person-275674 has base color green.","{'answer': 'green', 'fact_id': 'F02', 'entity': 'person-275674'}",valid
MEMO-00487-4d2b4c,memory,challenge,2,What is the most recently confirmed base color of person-321344? Return JSON with answer and fact_id. Ignore drafts and unrelated reports.,"Day 0: FACT F01 — person-307909 has base color violet.
Day 0: FACT F02 — person-780322 has base color amber.
Day 1: unrelated weather report 1.
Day 0: FACT F03 — person-321344 has base color green.","{'answer': 'green', 'fact_id': 'F03', 'entity': 'person-321344'}",valid
MEMO-00488-1f73f6,memory,challenge,3,What is the most recently confirmed base color of person-714082? Return JSON with answer and fact_id. Ignore drafts and unrelated reports.,"Contradictory earlier report: person-714082 was once listed as amber; use the latest confirmed fact.
Day 2: unrelated weather report 3.
Day 0: FACT F01 — person-714082 has base color amber.
Day 1: unrelated weather report 1.
Day 0: FACT F02 — person-207887 has base color indigo.
Day 1: unrelated weather report 2.
Day 0: FACT F03 — person-653521 has base color violet.
Day 0: FACT F04 — person-714082 has base color violet.
Day 0: FACT F05 — person-207887 has base color green.
Day 4: FACT F06 — person-714082 has base color green.","{'answer': 'green', 'fact_id': 'F06', 'entity': 'person-714082'}",valid
MEMO-00489-96b065,memory,challenge,4,What is the most recently confirmed base color of person-252134? Return JSON with answer and fact_id. Ignore drafts and unrelated reports.,"A draft says person-252134 might use a different color; drafts are not facts.
Contradictory earlier report: person-252134 was once listed as amber; use the latest confirmed fact.
Contradictory earlier report: person-784614 was once listed as amber; use the latest confirmed fact.
Day 0: FACT F01 — person-784614 has base color amber.
Day 8: unrelated weather report 2.
Day 5: unrelated weather report 3.
Day 5: unrelated weather report 4.
Day 0: FACT F02 — person-252134 has base color amber.
Day 0: FACT F03 — person-354429 has base color coral.
Day 0: FACT F04 — person-285961 has base color indigo.
Day 1: unrelated weather report 5.
Day 0: FACT F05 — person-784614 has base color indigo.
Day 0: FACT F06 — person-252134 has base color amber.
Day 0: FACT F07 — person-354429 has base color violet.
Day 8: FACT F08 — person-784614 has base color green.
Day 2: unrelated weather report 6.
Day 8: unrelated weather report 1.
Day 9: FACT F09 — person-252134 has base color violet.","{'answer': 'violet', 'fact_id': 'F09', 'entity': 'person-252134'}",valid
MEMO-00490-3f803d,memory,challenge,5,What is the most recently confirmed base color of person-469008? Return JSON with answer and fact_id. Ignore drafts and unrelated reports.,"Long archive note: unrelated historical detail; unrelated historical detail; unrelated historical detail; unrelated historical detail; unrelated historical detail; unrelated historical detail; unrelated historical detail; unrelated historical detail; unrelated historical detail; unrelated historical detail; unrelated historical detail; unrelated historical detail; unrelated historical detail; unrelated historical detail; unrelated historical detail; unrelated historical detail; unrelated historical detail; unrelated historical detail; 
A draft says person-469008 might use a different color; drafts are not facts.
Contradictory earlier report: person-469008 was once listed as blue; use the latest confirmed fact.
Day 29: unrelated weather report 7.
Contradictory earlier report: person-818627 was once listed as violet; use the latest confirmed fact.
Contradictory earlier report: person-893870 was once listed as coral; use the latest confirmed fact.
Day 13: unrelated weather report 3.
Day 0: FACT F01 — person-893870 has base color coral.
Day 0: FACT F02 — person-818627 has base color violet.
Day 0: FACT F03 — person-469008 has base color blue.
Day 0: FACT F04 — person-322568 has base color violet.
Day 0: FACT F05 — person-893870 has base color coral.
Day 0: FACT F06 — person-818627 has base color green.
Day 7: unrelated weather report 10.
Day 0: FACT F07 — person-469008 has base color violet.
Day 3: unrelated weather report 6.
Day 8: unrelated weather report 1.
Day 6: unrelated weather report 8.
Day 0: FACT F08 — person-322568 has base color coral.
Day 0: FACT F09 — person-893870 has base color indigo.
Day 0: unrelated weather report 9.
Day 4: unrelated weather report 5.
Day 0: FACT F10 — person-818627 has base color coral.
Day 31: FACT F11 — person-893870 has base color green.
Day 17: unrelated weather report 2.
Day 24: unrelated weather report 4.
Day 32: FACT F12 — person-818627 has base color coral.
Day 33: FACT F13 — person-469008 has base color green.","{'answer': 'green', 'fact_id': 'F13', 'entity': 'person-469008'}",valid
MEMO-00491-9e9142,memory,challenge,1,What is the most recently confirmed base color of person-422077? Return JSON with answer and fact_id. Ignore drafts and unrelated reports.,"Day 0: FACT F01 — person-649097 has base color violet.
Day 0: FACT F02 — person-422077 has base color green.","{'answer': 'green', 'fact_id': 'F02', 'entity': 'person-422077'}",valid
MEMO-00492-d9273d,memory,challenge,2,What is the most recently confirmed base color of person-490523? Return JSON with answer and fact_id. Ignore drafts and unrelated reports.,"Day 2: unrelated weather report 1.
Day 0: FACT F01 — person-234469 has base color coral.
Day 0: FACT F02 — person-349626 has base color violet.
Day 0: FACT F03 — person-490523 has base color coral.","{'answer': 'coral', 'fact_id': 'F03', 'entity': 'person-490523'}",valid
MEMO-00493-3ef68f,memory,challenge,3,What is the most recently confirmed base color of person-525539? Return JSON with answer and fact_id. Ignore drafts and unrelated reports.,"Contradictory earlier report: person-525539 was once listed as indigo; use the latest confirmed fact.
Day 4: unrelated weather report 1.
Day 0: FACT F01 — person-525539 has base color indigo.
Day 0: FACT F02 — person-164855 has base color violet.
Day 0: FACT F03 — person-728475 has base color green.
Day 0: FACT F04 — person-525539 has base color blue.
Day 0: FACT F05 — person-164855 has base color coral.
Day 4: FACT F06 — person-525539 has base color violet.
Day 2: unrelated weather report 2.
Day 3: unrelated weather report 3.","{'answer': 'violet', 'fact_id': 'F06', 'entity': 'person-525539'}",valid
MEMO-00494-2c8fe8,memory,challenge,4,What is the most recently confirmed base color of person-290358? Return JSON with answer and fact_id. Ignore drafts and unrelated reports.,"A draft says person-290358 might use a different color; drafts are not facts.
Contradictory earlier report: person-290358 was once listed as green; use the latest confirmed fact.
Contradictory earlier report: person-690327 was once listed as coral; use the latest confirmed fact.
Day 0: unrelated weather report 2.
Day 0: FACT F01 — person-690327 has base color coral.
Day 2: unrelated weather report 6.
Day 0: FACT F02 — person-290358 has base color green.
Day 0: FACT F03 — person-640111 has base color amber.
Day 0: FACT F04 — person-894655 has base color violet.
Day 8: unrelated weather report 5.
Day 0: FACT F05 — person-690327 has base color blue.
Day 7: unrelated weather report 4.
Day 0: FACT F06 — person-290358 has base color amber.
Day 0: FACT F07 — person-640111 has base color coral.
Day 8: FACT F08 — person-690327 has base color violet.
Day 3: unrelated weather report 3.
Day 9: FACT F09 — person-290358 has base color amber.
Day 8: unrelated weather report 1.","{'answer': 'amber', 'fact_id': 'F09', 'entity': 'person-290358'}",valid
MEMO-00495-80e5a8,memory,challenge,5,What is the most recently confirmed base color of person-292376? Return JSON with answer and fact_id. Ignore drafts and unrelated reports.,"Long archive note: unrelated historical detail; unrelated historical detail; unrelated historical detail; unrelated historical detail; unrelated historical detail; unrelated historical detail; unrelated historical detail; unrelated historical detail; unrelated historical detail; unrelated historical detail; unrelated historical detail; unrelated historical detail; unrelated historical detail; unrelated historical detail; unrelated historical detail; unrelated historical detail; unrelated historical detail; unrelated historical detail; 
A draft says person-292376 might use a different color; drafts are not facts.
Day 0: unrelated weather report 4.
Day 5: unrelated weather report 7.
Day 8: unrelated weather report 5.
Day 16: unrelated weather report 6.
Contradictory earlier report: person-292376 was once listed as coral; use the latest confirmed fact.
Contradictory earlier report: person-668026 was once listed as coral; use the latest confirmed fact.
Contradictory earlier report: person-189852 was once listed as green; use the latest confirmed fact.
Day 0: FACT F01 — person-189852 has base color green.
Day 0: FACT F02 — person-668026 has base color coral.
Day 0: FACT F03 — person-292376 has base color coral.
Day 17: unrelated weather report 8.
Day 6: unrelated weather report 2.
Day 0: FACT F04 — person-874609 has base color indigo.
Day 0: FACT F05 — person-189852 has base color indigo.
Day 0: FACT F06 — person-668026 has base color amber.
Day 0: FACT F07 — person-292376 has base color amber.
Day 0: FACT F08 — person-874609 has base color blue.
Day 24: unrelated weather report 3.
Day 0: FACT F09 — person-189852 has base color indigo.
Day 21: unrelated weather report 9.
Day 0: FACT F10 — person-668026 has base color coral.
Day 31: FACT F11 — person-189852 has base color violet.
Day 29: unrelated weather report 10.
Day 32: FACT F12 — person-668026 has base color indigo.
Day 0: unrelated weather report 1.
Day 33: FACT F13 — person-292376 has base color blue.","{'answer': 'blue', 'fact_id': 'F13', 'entity': 'person-292376'}",valid
MEMO-00496-38ae54,memory,challenge,1,What is the most recently confirmed base color of person-656824? Return JSON with answer and fact_id. Ignore drafts and unrelated reports.,"Day 0: FACT F01 — person-232251 has base color green.
Day 0: FACT F02 — person-656824 has base color amber.","{'answer': 'amber', 'fact_id': 'F02', 'entity': 'person-656824'}",valid
MEMO-00497-ee4e6b,memory,challenge,2,What is the most recently confirmed base color of person-844038? Return JSON with answer and fact_id. Ignore drafts and unrelated reports.,"Day 1: unrelated weather report 1.
Day 0: FACT F01 — person-620293 has base color green.
Day 0: FACT F02 — person-486971 has base color blue.
Day 0: FACT F03 — person-844038 has base color indigo.","{'answer': 'indigo', 'fact_id': 'F03', 'entity': 'person-844038'}",valid
MEMO-00498-21a1dc,memory,challenge,3,What is the most recently confirmed base color of person-220074? Return JSON with answer and fact_id. Ignore drafts and unrelated reports.,"Day 4: unrelated weather report 2.
Contradictory earlier report: person-220074 was once listed as amber; use the latest confirmed fact.
Day 0: FACT F01 — person-220074 has base color amber.
Day 1: unrelated weather report 3.
Day 0: FACT F02 — person-372463 has base color blue.
Day 0: FACT F03 — person-999753 has base color green.
Day 0: FACT F04 — person-220074 has base color indigo.
Day 0: FACT F05 — person-372463 has base color blue.
Day 4: FACT F06 — person-220074 has base color coral.
Day 1: unrelated weather report 1.","{'answer': 'coral', 'fact_id': 'F06', 'entity': 'person-220074'}",valid
MEMO-00499-e2e327,memory,challenge,4,What is the most recently confirmed base color of person-269887? Return JSON with answer and fact_id. Ignore drafts and unrelated reports.,"A draft says person-269887 might use a different color; drafts are not facts.
Contradictory earlier report: person-269887 was once listed as indigo; use the latest confirmed fact.
Day 2: unrelated weather report 2.
Contradictory earlier report: person-351134 was once listed as violet; use the latest confirmed fact.
Day 6: unrelated weather report 4.
Day 3: unrelated weather report 6.
Day 6: unrelated weather report 1.
Day 6: unrelated weather report 3.
Day 0: FACT F01 — person-351134 has base color violet.
Day 7: unrelated weather report 5.
Day 0: FACT F02 — person-269887 has base color indigo.
Day 0: FACT F03 — person-900385 has base color coral.
Day 0: FACT F04 — person-524068 has base color violet.
Day 0: FACT F05 — person-351134 has base color violet.
Day 0: FACT F06 — person-269887 has base color amber.
Day 0: FACT F07 — person-900385 has base color indigo.
Day 8: FACT F08 — person-351134 has base color green.
Day 9: FACT F09 — person-269887 has base color green.","{'answer': 'green', 'fact_id': 'F09', 'entity': 'person-269887'}",valid
MEMO-00500-f3d93e,memory,challenge,5,What is the most recently confirmed base color of person-940599? Return JSON with answer and fact_id. Ignore drafts and unrelated reports.,"Long archive note: unrelated historical detail; unrelated historical detail; unrelated historical detail; unrelated historical detail; unrelated historical detail; unrelated historical detail; unrelated historical detail; unrelated historical detail; unrelated historical detail; unrelated historical detail; unrelated historical detail; unrelated historical detail; unrelated historical detail; unrelated historical detail; unrelated historical detail; unrelated historical detail; unrelated historical detail; unrelated historical detail; 
A draft says person-940599 might use a different color; drafts are not facts.
Contradictory earlier report: person-940599 was once listed as coral; use the latest confirmed fact.
Day 15: unrelated weather report 3.
Contradictory earlier report: person-145749 was once listed as blue; use the latest confirmed fact.
Contradictory earlier report: person-665927 was once listed as blue; use the latest confirmed fact.
Day 15: unrelated weather report 2.
Day 25: unrelated weather report 5.
Day 4: unrelated weather report 8.
Day 0: FACT F01 — person-665927 has base color blue.
Day 0: FACT F02 — person-145749 has base color blue.
Day 18: unrelated weather report 1.
Day 0: FACT F03 — person-940599 has base color coral.
Day 17: unrelated weather report 4.
Day 0: FACT F04 — person-538862 has base color blue.
Day 0: FACT F05 — person-665927 has base color green.
Day 0: FACT F06 — person-145749 has base color indigo.
Day 15: unrelated weather report 7.
Day 0: FACT F07 — person-940599 has base color blue.
Day 0: FACT F08 — person-538862 has base color indigo.
Day 0: FACT F09 — person-665927 has base color indigo.
Day 12: unrelated weather report 10.
Day 10: unrelated weather report 9.
Day 0: FACT F10 — person-145749 has base color coral.
Day 31: FACT F11 — person-665927 has base color indigo.
Day 32: FACT F12 — person-145749 has base color indigo.
Day 33: FACT F13 — person-940599 has base color blue.
Day 16: unrelated weather report 6.","{'answer': 'blue', 'fact_id': 'F13', 'entity': 'person-940599'}",valid
